Belfor Polska Sp. z o.o.;(42)6161270;;
Firma Budowlana GOŁUSZKA Sp.j.;(12)2942775;;
Firma Budowlana GOŁUSZKA Sp.j.;(12)2942777;;
Infatec Sp. z o.o.;(22)4561960;;
LEWACO Biuro Projektów i Wdrożeń;(56)4622168;;
LEWACO Biuro Projektów i Wdrożeń;601651044;;
Technologie Budowlane-Doradztwo Jarosław Kotula;(32)4221440;;
Technologie Budowlane-Doradztwo Jarosław Kotula;696429594;;
F.H.U. DECOR;(32)7532822;;
F.H.U. DECOR;504813359;;
HW IZOLAN;532362898;;
HW IZOLAN;604591865;;
INTO-OCIEPLENIA inż. Łukasz Spanbrucker;609747620;;
MARBUD;509775667;;
Mobil Media;503110998;;
Mobil Media;502444148;;
SUCHY DOM Osuszanie Ozonowanie;601642487;;
Biosphera;512118201;;
Biosphera;(61)6427327;;
EURO THERM;502400603;;
IZO-SYSTEM;604228480;;
IZO-SYSTEM;664185304;;
Osuszanie Budynków PODGÓRNY;(74)8724400;;
Osuszanie Budynków PODGÓRNY;660691953;;
P.H.U. CONDENSA;505796892;;
P.H.U. CONDENSA;530610610;;
PRO-DRY Sp.j.;507626383;;
PRO-DRY Sp.j.;507626382;;
TYNKBOR;888168057;;
TYNKBOR;602238620;;
W.M.EXPERT Firma Usługowo-Budowlana;663310949;;
WOLMAR Osuszanie Budynków;(12)2662397;;
WOLMAR Osuszanie Budynków;505861416;;
Zakład Osuszania Budynków Zenon Mazuś;(81)4442051;;
Zakład Osuszania Budynków Zenon Mazuś;607241450;;
Roots Supply Service;667726077;;
AIRCOOL;(74)8452086;;
AIRCOOL;603036684;;
CANCON Sp. z o.o.;(58)6694016;;
CANCON Sp. z o.o.;(58)6694017;;
Complexbud Tomasz Matuszewski - Budowa Obiektów Przemysłowych, Budowa Domów;505046317;;
DOBRY KLIMAT - Naprawa i Sprzedaż AGD PIĘTERKO;(12)6555444;;
DOBRY KLIMAT - Naprawa i Sprzedaż AGD PIĘTERKO;513167700;;
Eko-Sanit Sp. z o.o. Sp.komandytowa;(81)7441241;;
Eko-Sanit Sp. z o.o. Sp.komandytowa;(81)7456191;;
ERECTA 2 Sp. z o.o. Biuro Projektowe Obiektów Przemysłowych;(22)8271562;;
ERECTA 2 Sp. z o.o. Biuro Projektowe Obiektów Przemysłowych;(22)8266591;;
EurPol - Technika Filtracji, Filtry Przemysłowe;(32)2920083;;
EurPol - Technika Filtracji, Filtry Przemysłowe;513095896;;
KiK Sp. z o.o. Sp.komandytowa;(71)7230164;;
KiK Sp. z o.o. Sp.komandytowa;(71)7230165;;
METPOL Sp. z o.o.;(61)6500700;;
METPOL Sp. z o.o.;(61)6500707;;
PHU INWEST GRUNT S.c.;(91)4233038;;
PHU INWEST GRUNT S.c.;602531435;;
ABITO J.Dereń, M.Dereń Sp.j.;(12)3565538;;
ABITO J.Dereń, M.Dereń Sp.j.;(12)2882442;;
ARWEX Paweł Archaniołowicz Sp.j.;(52)3797078;;
ARWEX Paweł Archaniołowicz Sp.j.;(52)3797111;;
BUDGEM G.Maternia Sp.j.;501536033;;
Dachy Pokrycia Usługi Hurtownia Eugeniusz Zieliński;603922569;;
EuroPro;(74)8313087;;
EuroPro;697790707;;
EXIMRENO Sp. z o.o. - płyta klimatyczna EPASIT;514638318;;
Firma Remontowo-Budowlana Jan Wróbel;604124972;;
Firma Remontowo-Budowlana Jan Wróbel;668846556;;
JARZEN Marzena Zawiła;608426568;;
P.U.H. NEL-TECH Sp.j.;(18)5475699;;
P.U.H. NEL-TECH Sp.j.;(18)4413185;;
Ponako Wypożyczalnia;502604102;;
Ponako Wypożyczalnia;(22)7223465;;
PRINZ POLSKA Sp. z o.o. Łańcuchowe Systemy Tnące;(61)8638088;;
PRINZ POLSKA Sp. z o.o. Łańcuchowe Systemy Tnące;(61)8638099;;
Przedsiębiorstwo REMAT Sp. z o.o.;(12)4215401;;
Przedsiębiorstwo Wielobranżowe OKTIMA Sp. z o.o.;(52)3490918;;
Przedsiębiorstwo Wielobranżowe OKTIMA Sp. z o.o.;(52)3490222;;
TERMBUD Sp.j.;(56)6547666;;
TERMBUD Sp.j.;(56)6548276;;
WENTSYSTEM Paweł Wójcicki;(91)8875518;;
ALUFOX Witold Symonajć;504062736;;
DACHY ŻUŁAWY Sp. z o.o.;(58)6920893;;
DACHY ŻUŁAWY Sp. z o.o.;(58)6920892;;
DDD INSEKTPOL Jarosław Ryms;505502749;;
DDD INSEKTPOL Jarosław Ryms;665639278;;
DETIM F.H.U. S.c.;608680126;;
DETIM F.H.U. S.c.;(84)6875111;;
ELMET Maciocha Paweł;605545544;;
Firma Budowlana MIGDAŁ;(12)2757008;;
Firma Budowlano-Handlowa BUDREM Zbigniew Kulczyk;(15)8415457;;
Firma Budowlano-Handlowa BUDREM Zbigniew Kulczyk;501649011;;
Firma Specjalistyczna Radosław Kamiński;721349777;;
Firma Specjalistyczna Radosław Kamiński;(32)2524824;;
FORTI CERAMS Przedsiębiorstwo Handlowo-Usługowe;(95)7263748;;
FORTI CERAMS Przedsiębiorstwo Handlowo-Usługowe;(95)7263747;;
FPUH EKOBUD;501624562;;
IZOTERM Henryk Kozłowski;(42)6111539;;
IZOTERM Henryk Kozłowski;602238246;;
Leszek Piechocki Sp.j.;601770380;;
Leszek Piechocki Sp.j.;601567058;;
NIKOL Jan Nikołajuk;(85)6761072;;
NIKOL Jan Nikołajuk;662125355;;
Przedsiębiorstwo Produkcyjno Usługowe TIMPOL Sp. z o.o.;501711296;;
Przedsiębiorstwo Produkcyjno Usługowe TIMPOL Sp. z o.o.;(22)7297241;;
Przedsiębiorstwo Wielobranżowe SABUD;602383348;;
SPARDOM Producent Tynków, Farb;(59)8113888;;
SPARDOM Producent Tynków, Farb;602578019;;
SYNAPO Systemy Nawilżania Powietrza;(91)3079060;;
SYNAPO Systemy Nawilżania Powietrza;538255100;;
UNI-LUX Sp. z o.o.;(22)8630430;;
UNI-LUX Sp. z o.o.;(22)6316188;;
Zakład Budownictwa Ogólnego Józef Krawiec;501256272;;
Przedsiębiorstwo Usługowo-Handlowe JATRA Andrzej Jarosz;(81)7449233;;
IZOPIANA;695883513;;
MT Osuszanie Tomasz Sztyk;506197413;;
No Problem Alicja Koźluk;603500600;;
Pur-Therm Eco;535272451;;
UBART-EKOFIBER;508758448;;
UBART-EKOFIBER;501040344;;
4PROFI-T Sp. z o.o.;(32)2857162;;
4PROFI-T Sp. z o.o.;691118306;;
Abaxir Sp. z o.o.;(22)8410192;;
Abaxir Sp. z o.o.;534888874;;
ABUD - Systemy Dociepleń;503432063;;
AD-BUD;600476765;;
Adam Hersztek & Krzysztof Łapawa Osuszanie Metodą Iniekcji Krystalicznej;604567006;;
Adam Hersztek & Krzysztof Łapawa Osuszanie Metodą Iniekcji Krystalicznej;602776698;;
Adriano;691701301;;
AGAD;(65)5122050;;
AGAD;(65)5269362;;
Agencja Projektowo-Budowlana LEMAR Marek Leszkowicz;(71)7232300;;
Agencja Projektowo-Budowlana LEMAR Marek Leszkowicz;(71)7242002;;
AKMA Wojciech Grzybowski;888561111;;
AKMA Wojciech Grzybowski;604191243;;
AKTYW-BUD Osuszanie Budynków;(22)7220142;;
ALLBAUEN Przedsiębiorstwo Wielobranżowe S.c.;(12)2670770;;
ALLBAUEN Przedsiębiorstwo Wielobranżowe S.c.;608215811;;
ANWI-BUD;(54)2333333;;
ANWI-BUD;602487992;;
AQUA-BLOCK;517043364;;
AQUA-BLOCK;668678716;;
AQUAPOL Polska CPV;(74)6647130;;
AQUAPOL Polska CPV;(74)8545891;;
AQUASTOP osuszanie bezinwazyjne bez prac budowlancyh i uzgodnień;509863323;;
AREX Usługi Remontowo-Budowlane i Docieplenia Budynków;663112317;;
AREX Usługi Remontowo-Budowlane i Docieplenia Budynków;607115368;;
Astarte.net Sp. z o.o.;668807921;;
ATS - Docieplenia Andrzej Adamiec;(48)6290022;;
ATS - Docieplenia Andrzej Adamiec;603605189;;
Autorski Park Technologiczny Zakład Osuszania Budowli Iniekcja Krystaliczna mgr.inż.Maciej Nawrot;601328233;;
Autorski Park Technologiczny Zakład Osuszania Budowli Iniekcja Krystaliczna mgr.inż.Maciej Nawrot;601335756;;
Autoryzowany Zakład Ogólnobudowlany S.c. Gawlik;(33)8511966;;
Autoryzowany Zakład Ogólnobudowlany S.c. Gawlik;(33)8582018;;
AW-TERM;(32)7505879;;
AW-TERM;513103715;;
BASSBUD Adam Szczęch;732782402;;
Bawaria Sp. z o.o.;(33)8520008;;
BCS Sp. z o.o.;510810150;;
BCS Sp. z o.o.;503700009;;
BestBud Chen Gang;(58)6646488;;
BestBud Chen Gang;(58)6646972;;
BETOBAU;698896595;;
BHB Efektywne Systemy Naprawy i Ochrony Budowli;(46)8578333;;
BHB Efektywne Systemy Naprawy i Ochrony Budowli;(46)8578334;;
BLOOC;(22)4248299;;
BLOOC;(22)6127006;;
BUDMIX Sp. z o.o.;791836999;;
BUDMIX Sp. z o.o.;(81)4511006;;
BUDO-TERM;(081)4434226;;
BUDO-TERM;602621398;;
Budotermika;(41)3788552;;
BUDWOD Budownictwo i Zabezpieczenia Przeciwchemiczne oraz Wodne;(22)7362252;;
BUDWOD Budownictwo i Zabezpieczenia Przeciwchemiczne oraz Wodne;(22)7362251;;
CALOREX Systemy Osuszania;(12)6263234;;
CALOREX Systemy Osuszania;(12)6263233;;
Centrum Dociepleń Budynków WI-BUD;(22)2145708;;
Centrum Dociepleń Budynków WI-BUD;503501002;;
Centrum Technik Osuszania DRY-POL S.c.;(58)6636768;;
Centrum Technik Osuszania DRY-POL S.c.;(58)6637901;;
Centrum Technik Osuszania DRY-POL S.c. Oddział Szczecin;662029192;;
Ciepłe Poddasze;500202547;;
CIEPŁY DOM F.U.H.;(32)4149954;;
CIEPŁY DOM F.U.H.;600201251;;
Ciepły Dom-Ocieplenia Budynków;(33)8173177;;
Ciepły Dom-Ocieplenia Budynków;504621923;;
CWD Ciepło w Domu;501422517;;
DAR-MET Zakład Remontowo-Budowlany;601235575;;
Delger Lab;664477233;;
DENSA;505004034;;
Derty Serwis Odgrzybianie i Osuszanie;504928205;;
DESICCO Specjalistyczne Usługi Budowlane;601193878;;
Destra Ozone Technology;513010724;;
Destra Ozone Technology;660143279;;
DOMIAN-BUD Marek Domian;608127442;;
DOMINATOR Firma Usługowo-Budowlana;(058)6297771;;
Doorpol-Osuszanie Budynków;(71)7837078;;
Doorpol-Osuszanie Budynków;608552652;;
Dry Tech Osuszanie Budynków;692358479;;
DRY-HOME;601858478;;
DRY-HOME;601858424;;
DRY-TECH;791712622;;
Drymat Polska - Fugiel Sp.komandytowa;(71)7070438;;
Drymat Polska - Fugiel Sp.komandytowa;(71)7070251;;
Drytech24 Osuszanie Budynków;668150848;;
Drytech24 Osuszanie Budynków;669061728;;
DST Polska Sp. z o.o.;(56)4622168;;
ECO ESCO;694303041;;
ECO ESCO;508123958;;
ECO-OZON P.H.U. Marek Kląskała;502191111;;
EcoCity;533020406;;
EcoCity;536060503;;
EDMAR;668545628;;
Ekobau;(033)8156300;;
Ekobau;(033)8156305;;
EKOBUD Andrzej Ugolik;(68)3767443;;
EKOBUD Andrzej Ugolik;(68)3760832;;
Ekodocieplenia;600880920;;
Ekodocieplenia;(14)6115622;;
Ekologiczna Izolacja;506912291;;
Ekologiczna Izolacja;692270463;;
Ekonometr - Zakład Ogólnobudowlany;697028225;;
Ekonometr - Zakład Ogólnobudowlany;601946178;;
ELBUD;(14)6764545;;
ELBUD;(14)6764546;;
ELE-FAST;662643822;;
ELE-FAST;694339006;;
ELEWACJA S.c.;(91)4621078;;
ELEWACJA S.c.;(91)4621284;;
ELEWACJE S.A.;(58)3460447;;
ELEWACJE S.A.;(58)3417224;;
ERBUILD;662017375;;
ETO Łukasz Kuczmański;721821996;;
Euro Partner;502323993;;
Euro-Bud;508090346;;
Euro-Bud;508090343;;
Euro-Piana Wojciech Żerański;886600646;;
Evimax Vega P.W.;(48)3631239;;
Evimax Vega P.W.;(48)3602067;;
F.H.U. DARIA;504294059;;
F.H.U. KLIMA-TERM PLUS Bogdan Klimala;(32)4483033;;
F.H.U. KLIMA-TERM PLUS Bogdan Klimala;695919627;;
F.H.U. KOBI Sklep Internetowy kobi-czeladz.pl;606142228;;
F.H.U. KOBI Sklep Internetowy kobi-czeladz.pl;602315678;;
F.H.U. KRAKOWSKI;(22)6318775;;
F.H.U. KRAKOWSKI;607291052;;
F.H.U. Nowak Kazimierz;605037873;;
F.H.U. Plus;600707614;;
F.H.U. TOKARSKI;(42)6302730;;
F.H.U. TOKARSKI;(42)6361892;;
F.H.U.P. STONTON;510097202;;
F.P.H.U Dombit Piotr Wrężel;(33)8652015;;
F.P.H.U Dombit Piotr Wrężel;501421234;;
F.U.H. Parol;(12)6515511;;
F.U.H. Parol;696032806;;
Fasada;794955556;;
FASADA POLSKA Sp. z o.o.;(22)6639477;;
FHU FLOS Leszek Flos;(33)8165051;;
FHU FLOS Leszek Flos;509402985;;
FHU MEPiA;609400690;;
FicBud Ocieplenia Budynków;503751405;;
Firma Budowlana AGRA;502702175;;
Firma Budowlana AGRA;(34)3134785;;
Firma Budowlana PRESTIŻ;(54)2339377;;
Firma Budowlana PRESTIŻ;(54)2322200;;
Firma Budowlano - Handlowa MARKOWSKI;604926127;;
Firma Doradczo-Budowlana RayArt;602351644;;
Firma Doradczo-Budowlana RayArt;(22)7731098;;
Firma Handlowo-Usługowa FEDER;602851929;;
Firma Mykologiczno-Budowlana CIAK;(56)6458993;;
Firma Mykologiczno-Budowlana CIAK;502663909;;
Firma Remontowo-Budowlana Ryszard Socha;606123155;;
Firma Suche Mury;(46)8311063;;
Firma Suche Mury;601692248;;
Firma TWARDY;602214386;;
Firma Usługowo-Budowlana Ziółkowski;791176503;;
Firma Usługowo-Handlowa INVEST Piotr Brzeski;604358783;;
Firma Usługowo-Handlowa INVEST Piotr Brzeski;(58)7282620;;
Forfiter Arkadiusz Zieliński;883688330;;
GP TERM B.Gajek, M.Pawłowski;692454686;;
GP TERM B.Gajek, M.Pawłowski;602706352;;
GUT-BUD Grzegorz Gut;(22)3570291;;
GUT-BUD Grzegorz Gut;606663308;;
Hedal;501071453;;
HRESA;508878687;;
HYDROBLOKADA;500600044;;
HYDROBLOKKER;(77)4027118;;
HYDROBLOKKER;(77)4548213;;
HYDROTAKT;(22)3579120;;
INHALS GROUP;(77)4458304;;
INHALS GROUP;(77)4531713;;
Iniekta;601976453;;
INTERDUO;606259260;;
INTERDUO;(89)5260204;;
IPM Docieplenia - Natryski Poliuretanowe;604256515;;
IPM Docieplenia - Natryski Poliuretanowe;(56)4611051;;
ISM Firma Usługowa Witold Potoczny;(13)4643087;;
ISM Firma Usługowa Witold Potoczny;(13)4648425;;
ISOPROPER;515266797;;
IZO-PUR;515075309;;
IZOPLUS;698730882;;
Jack-Bud F.H.U. Eugeniusz Gitalewicz;605413386;;
JURIST-Zakład Osuszania i Zabezpieczania Przeciwwilgociowego;(91)4164062;;
JURIST-Zakład Osuszania i Zabezpieczania Przeciwwilgociowego;601572610;;
KABEX Docieplenia;(22)7399941;;
KABEX Docieplenia;(22)7298717;;
Kenima Green Projekt;696477868;;
KIEL-PLAST;609282220;;
KIEL-PLAST;781901001;;
KMB Projekt;510767041;;
KOMA Plus S.c.;607944222;;
KOMA Plus S.c.;607945222;;
KTM Poznań Docieplenia, Tynki i nie tylko;(61)8194381;;
KTM Poznań Docieplenia, Tynki i nie tylko;(61)8194380;;
KWIAT System Ociepleń Jerzy Kwiatkowski Sp.j.;(22)7205663;;
KWIAT System Ociepleń Jerzy Kwiatkowski Sp.j.;(22)8682941;;
LECZ-MUR inż. Henryk Jóźwiak;(24)2634940;;
LECZ-MUR inż. Henryk Jóźwiak;606143056;;
Lex-BUD S.c.;(32)3420693;;
Lex-BUD S.c.;607270146;;
LUCASSO Łukasz Ślusarczyk;603532146;;
LUKAMED;667782874;;
LUKAMED;601489036;;
MADOR Osuszanie Budynków;516320324;;
MAGNAT - Osuszanie Budynków;(71)3819308;;
MAGNAT - Osuszanie Budynków;600479474;;
MARCUS;(62)7360660;;
MARCUS;(62)7353734;;
Marpolbud;(41)3865939;;
Marpolbud;506142250;;
MARREN P.P.H.U Marcin Schmidt;792599249;;
MARREN P.P.H.U Marcin Schmidt;(74)8540575;;
Mat-Bud Matlak Adam;692215259;;
MIKBUD-ocieplenia Joanna Mikus;609278797;;
MIKBUD-ocieplenia Joanna Mikus;(22)7565567;;
MT Skuteczne Osuszanie Budynków;503195323;;
MTW Firma Ogólnobudowlana;(58)5721587;;
MTW Firma Ogólnobudowlana;503535554;;
Munters Sp. z o.o.;(58)3053517;;
Munters Sp. z o.o.;(58)6211268;;
MUREXPERT - Izolacje, Osuszanie Budynków;(51)8428720;;
MYKO Polska;501132789;;
MYKO Polska;516051450;;
MYKO-SYSTEM Osuszanie, Odgrzybianie Budynków, Ekspertyzy Mykologiczne;502663910;;
MYKO-SYSTEM Osuszanie, Odgrzybianie Budynków, Ekspertyzy Mykologiczne;(56)6786701;;
NOV-BUD U.R.B.T. Waldemar Nosek;(22)4241673;;
NOV-BUD U.R.B.T. Waldemar Nosek;501379549;;
Ocieplenia i Wykończenia Józef Łuszczek;667177773;;
Odgrzybianie Osuszanie Hydroizolacje AHYDRO;502620871;;
Odgrzybianie Osuszanie Hydroizolacje AHYDRO;512429737;;
Osuszanie Budynków DARIA;(68)3781149;;
Osuszanie Budynków DARIA;600672093;;
Osuszanie i Renowacja Budynków;669704577;;
Osuszanie Katowice;791712622;;
OSUSZANIE Warszawa.pl Kowalski;(22)8991304;;
OSUSZANIE Warszawa.pl Kowalski;693930655;;
OZONICA;530212536;;
OZONO-SUSZ;606973350;;
Ozonowanie KIMEL GROUP;501558852;;
P.H.U. Berbeś;601596307;;
P.H.U. CLEAN;509401153;;
P.H.U. Complex;(58)5524113;;
P.H.U. Complex;509925416;;
P.H.U. Izolbud Przemysław Kerner;(91)4526768;;
P.H.U. Izolbud Przemysław Kerner;501225956;;
P.H.U. Majster-Bud;(25)6819146;;
P.H.U. Majster-Bud;502053214;;
P.H.U. OLBUD;697612437;;
P.P.H.U BUD-MAX Bobula Józef;501179594;;
P.P.H.U BUD-MAX Bobula Józef;696125057;;
P.P.H.U. KANIA 2;601936885;;
P.U.H. BROSTAL Roman Brosowski;602684291;;
P.U.H. BROSTAL Roman Brosowski;507308713;;
P.W. IZOLATOR II Marek Kwieciński;601248092;;
P.W. IZOLATOR II Marek Kwieciński;(48)3321853;;
P.W. UNI-VERSAL CONSULTING SERVICE Seweryn Szeląg;606240520;;
PHU Denex;533588952;;
PHU KOWOL Krzysztof Kowol;600374129;;
PHU TERMOBUD Andrzej Nieradka;663245804;;
PHU TERMOBUD Andrzej Nieradka;(75)7362005;;
PiankaPoliuretanowaKrakow.pl;608682620;;
Pol-Bud;512197154;;
Pol-Bud;513517594;;
Polygon Poland Sp. z o.o.;(58)3200100;;
Polygon Poland Sp. z o.o.;(58)3200119;;
PPHU Dryblast;791742062;;
PPHU SYSTEM S.c.;503152110;;
PPHU SYSTEM S.c.;507178926;;
PPUH ENOSTA Sp. z o.o.;(17)8623973;;
PPUH ENOSTA Sp. z o.o.;601247338;;
PRB REMBUD S.c.;(81)8652617;;
PRB REMBUD S.c.;602694651;;
Profil System Sp. z o.o.;(81)7444686;;
Profil System Sp. z o.o.;693471374;;
PROTEK S.c.;(22)8991304;;
PROTEK S.c.;693930655;;
PRUB BIERYT;602484428;;
PRUB BIERYT;600593530;;
Przedsiębiorstwo GEOLEG Tomasz Legenza;(61)8430230;;
Przedsiębiorstwo GEOLEG Tomasz Legenza;502655846;;
Przedsiębiorstwo Remontowo-Budowlane PAMER;(22)7238671;;
Przedsiębiorstwo Remontowo-Budowlane PAMER;600422632;;
Przedsiębiorstwo Robót Izolacyjnych i Budowlanych IZOBUD Krzysztof Piewcewicz;(58)3075134;;
Przedsiębiorstwo Samtech;506082425;;
Przedsiębiorstwo Techniczno Handlowe TOTAL Piotr Ślusarczyk;603532146;;
Przedsiębiorstwo Usług Budowlanych BUDMARK inż. Marek Schilf;(59)8400540;;
Przedsiębiorstwo Usług Budowlanych BUDMARK inż. Marek Schilf;(59)8413033w.121;;
Przedsiębiorstwo Usług Specjalistycznych;601701881;;
Przedsiębiorstwo Usługowe KAMBUD;784701273;;
Przedsiębiorstwo Usługowo-Handlowe PIK;607860219;;
Przedsiębiorstwo Usługowo-Handlowe PIK;(012)6499626;;
REGWIL PRODUCENT OSUSZACZY;(71)7245151;;
REGWIL PRODUCENT OSUSZACZY;(71)3644457;;
ROB-BUD Usługi Ogólnobudowlane-Handel Robert Majewski;501490034;;
Safesystem.eu;883786575;;
SEIBU GIKEN DST POLAND Sp. z o.o.;606765676;;
SilesiaTherm;609609833;;
SilesiaTherm;603473163;;
Sili Block;(62)7303779;;
Sili Block;601769444;;
Specjalistyczne Usługi Budowlane IZOLBUD;603545212;;
SpecMur;(94)3551366;;
SpecMur;500899114;;
Stolbau Eko;(91)4837019;;
Stolbau Eko;(91)4837018;;
Stucco Sp. z o.o.;(58)6600020;;
Stucco Sp. z o.o.;(58)6295972;;
STUCCO-HANDEL Centrum Dociepleń;(18)4491743;;
STUCCO-HANDEL Centrum Dociepleń;(18)4410458;;
Suszenie.com.pl;502567674;;
Ślusarczyk i Spółka FASSADA Sp.j.;(32)2050001;;
Ślusarczyk i Spółka FASSADA Sp.j.;790735574;;
TEREX;(22)7291454;;
TEREX;601253894;;
TermoEco;570245110;;
TermoEco;570847414;;
THERMOBUD Kozik Zdzisław;(33)8643258;;
THERMOBUD Kozik Zdzisław;606494267;;
TIBURON;608635268;;
TSM Restitutio in Integrum Sp. z o.o.;533555883;;
VENTUS;(77)5432776;;
VIERO;(85)7437934;;
VIERO;(85)7437935;;
VIPUR;791841609;;
Waigel S.c.;517394341;;
Waigel S.c.;(77)5515505;;
WALDEKO;509032022;;
WaterSmile Sp. z o.o.;(32)7248642;;
WaterSmile Sp. z o.o.;660407187;;
Wekami Sp. z o.o.;(58)5527971;;
Wekami Sp. z o.o.;501288595;;
WOJBUD;512976341;;
WOJBUD;664186691;;
WOLMAR Osuszanie Budynków Magdalena Wolska;(12)2662397;;
WOLMAR Osuszanie Budynków Magdalena Wolska;505861416;;
www.osuszacze24.pl;(12)6459275;;
Wypożyczalnia Osuszaczy SUCHE MIESZKANIE;781928220;;
WysuszDom.pl Firma GROBELNY;605363790;;
Z.P.U.H. LOTKO;664952894;;
Z.P.U.H. LOTKO;784349565;;
Zakład Budowlano-Remontowy Dariusz Kaczmarczyk;602479914;;
Zakład Budowlany Bolesław Topolski;(61)8120172;;
Zakład Budowlany Bolesław Topolski;602767809;;
Zakład Ogólnobudowlany Krzemkowski Dariusz;(52)3213637;;
Zakład Ogólnobudowlany Krzemkowski Dariusz;602594969;;
Zakład Usług Wielobranżowych Bogdan Pawlak;(68)3202101;;
Zakład Usług Wielobranżowych Bogdan Pawlak;505108605;;
NOVOPUR izolacje natryskowe;789198171;;
ALBUD Firma Budowlana;602624137;;
ALBUD Firma Budowlana;(71)3643663;;
ALLBUD;602730605;;
ALLBUD;698159717;;
ALPICON.pl Dariusz Wierzbicki;504442580;;
ANTOSIK Zakład Budowlano-Projektowy;608494000;;
AQUATERM Sp. z o.o.;(34)3608683;;
AQUATERM Sp. z o.o.;(34)3608796;;
ARO P.U.P.H.;(77)4024525;;
ARO P.U.P.H.;(77)4419370;;
ART-MARK;(33)8616480;;
Az-Bud Elewacje i Ocieplenia;601475505;;
Az-Bud Elewacje i Ocieplenia;(32)4225027;;
AZM Usługi Remontowo-Budowlane;(22)6523116;;
AZM Usługi Remontowo-Budowlane;(22)2154320;;
B&O International Sp. z o.o.;(71)3294448-49;;
B&O International Sp. z o.o.;(71)3258559;;
Bart Import Poland;(61)2926200;;
Bart Import Poland;(61)2927850;;
BAUMANN-DEKAM Sp. z o.o.;(71)3259225;;
BAUMANN-DEKAM Sp. z o.o.;601710469;;
BIGMAR;(012)6376388;;
BIGMAR;(012)6375553;;
BIMAT Marian Blok Sp.j.;(17)8636386;;
BIMAT Marian Blok Sp.j.;(17)8660475;;
BRUK-MAX;790375492;;
BUD-RAF Firma Usługowo-Remontowa;666878509;;
BUD-RAF Firma Usługowo-Remontowa;505372944;;
BUD-TEX;505063421;;
BUD-TEX;512036793;;
BUD-WACH;510594173;;
BUD-WACH;505049819;;
Budirem Artur Świderski;604866638;;
BUDKOM Zakład Remontowo Budowlany Leszek Świątek;(41)3774126;;
BUDKOM Zakład Remontowo Budowlany Leszek Świątek;602396717;;
BUDMAR Firma Budowlana;(44)7340921;;
BUDOBRATEX Sp. z o.o.;(76)8522362;;
CARS-TECH;(42)6336240;;
CARS-TECH;(42)6306255;;
CelluTherm Grzegorz Fleger;600700455;;
CelluTherm Grzegorz Fleger;(32)7500495;;
Centrum Ekologiczne Hydro-Geo-Plast;(62)7618450;;
Centrum Ekologiczne Hydro-Geo-Plast;609453906;;
Centrum Hydroizolacji Sebclean;505013613;;
Centrum Hydroizolacji Sebclean;(41)3751576;;
Chemiplast Polska Sp. z o.o.;(14)6633028;;
Chemiplast Polska Sp. z o.o.;(14)6868688;;
Cirius Sp. z o.o.;502653878;;
CITI Zakład Ogólnobudowlany Michał Bettcher;505757848;;
CITI Zakład Ogólnobudowlany Michał Bettcher;(22)6100712;;
CONCRETE Łukasz Burkat;(12)2645850;;
CONCRETE Łukasz Burkat;605394777;;
Demilec Polska S.A.;791606666;;
Dipl.-Ing. Murowicki Haustechnikservice;0049308516943;;
Dipl.-Ing. Murowicki Haustechnikservice;0049308514772;;
DOCIEPLANIE BUDYNKÓW Marcin Górecki;(32)3298018;;
DOCIEPLANIE BUDYNKÓW Marcin Górecki;505305008;;
Docieplenia, Elewacje Krzysztof Świtała;605925417;;
Docieplenia, Elewacje Krzysztof Świtała;516817312;;
DOM PROJECT Duczmal Sławomir;668676193;;
DOM-EKO Gabriel Kozłowski;509534241;;
DOM-EKO Gabriel Kozłowski;509534242;;
DOMOTERM S.c.;(32)4532324;;
DOMOTERM S.c.;660010077;;
DORO;513137579;;
DORO;502595158;;
DRAS;695103035;;
ECCO KONSORCJUM;501858500;;
ECCO KONSORCJUM;503696606;;
ECOVENTI;660724343;;
EKO-PLUS Skuteczne Ocieplanie Pianką;536990990;;
Ekoakta.pl;(32)7727000;;
Ekoakta.pl;(32)7727010;;
EKOLIFE;791498779;;
EKOSTERYL Irena Kostrzewa;505080485;;
EKOSTERYL Irena Kostrzewa;510671147;;
EKSPERCI.NET.PL Ekspertyzy Budowlane Technobud;535584000;;
EKSPERCI.NET.PL Ekspertyzy Budowlane Technobud;(81)4406533;;
ELEVATION;669544586;;
Elewacje-Docieplenia Sławomir Kmak;696021017;;
ELMABUD Zakład Remontowo-Budowlany, Wynajem Rusztowań;603821447;;
ELMABUD Zakład Remontowo-Budowlany, Wynajem Rusztowań;663733464;;
Eurobud Max;(14)6284810;;
Eurobud Max;(14)6284811;;
EVOLUTION BRAND;724669720;;
EVOLUTION BRAND;605647708;;
Expert Voltbud Z.Koziara Sp.j.;(22)6787556;;
F.H.U. ŁK-Serwis;514077161;;
F.H.U. ŁK-Serwis;607962322;;
F.H.U. Ratell;503795159;;
F.H.U. SOLARBUD;667952850;;
F.H.U. SOLARBUD;695409298;;
F.H.U. UNIDOM;(34)3130378;;
F.H.U. UNIDOM;608574245;;
F.R.B.H. WAS-BUD Krzysztof Waśko;604200930;;
F.R.B.H. WAS-BUD Krzysztof Waśko;(14)6108154;;
F.U.H.P. REMONT Jacek Solski;(12)2858138;;
F.U.H.P. REMONT Jacek Solski;501166083;;
FHU CEZAL;(58)6914155;;
FHU CEZAL;501587455;;
FHU PARYS;662160939;;
FHU PARYS;604510800;;
FHU STANBUD;(48)3858503;;
FHU STANBUD;604162252;;
FIRMA BUDOWA Stanisław Eliasz;(22)6187122;;
FIRMA BUDOWA Stanisław Eliasz;602132075;;
Firma Budowlana BAU-JP Jacek Pisarczyk;796378281;;
Firma Budowlana BUDMARK Sp.j.;(23)6725049;;
Firma Budowlana BUDMARK Sp.j.;502663648;;
Firma Budowlana Eko;501467671;;
Firma Budowlana Góral-Leszek Matusik;609649226;;
FIRMA BUDOWLANA Jerzy Czuryło;(74)8581115;;
FIRMA BUDOWLANA Jerzy Czuryło;601813970;;
Firma Budowlana POD KLUCZ;500245768;;
Firma Budowlana PRZEM-BUD;886307393;;
Firma Budowlana WOJTDACH Jan Wojtaszek;(17)2773402;;
Firma Budowlana WOJTDACH Jan Wojtaszek;509432524;;
Firma Budowlano-Konserwatorska F.H. LIPIŃSKI S.c.;(12)4121202;;
Firma Budowlano-Konserwatorska F.H. LIPIŃSKI S.c.;501464132;;
Firma FACH-MEN;(25)7587087;;
Firma FACH-MEN;602155893;;
Firma KIM;(17)8713513;;
Firma KIM;(17)8713891;;
Firma PARTNER Koperski Bogdan;503006363;;
Firma PATOKA;(61)4363876;;
Firma PATOKA;(61)6247937;;
Firma Remontowo-Budowlana HODAN;508864633;;
Firma Remontowo-Budowlana HODAN;507790755;;
Firma Remontowo-Budowlana Michał Zapała;694850948;;
Firma Remontowo-Budowlana Michał Zapała;888852993;;
Firma Usługowa NORMA Zbigniew Walczak;603742131;;
Firma Usługowo Handlowa WITEX;603503049;;
Firma WEKO G.Kociuba, T.Wesołowski Sp.j.;(42)7169916;;
Firma WEKO G.Kociuba, T.Wesołowski Sp.j.;(42)7169988;;
GABOR Artur Borowiec - Okna PCV;(81)7473450;;
GABOR Artur Borowiec - Okna PCV;601915059;;
GOBER Firma Budowlana;502345868;;
GOBER Firma Budowlana;(87)7371050;;
GOŁASZEWSKI Firma Budowlana;508601614;;
GP Tynki Maszynowe;605429484;;
Grupa Majchrzaka;600341930;;
Grupa Usługowo Handlowa CHOLEWIŃSKI;502251081;;
Grupa Usługowo Handlowa CHOLEWIŃSKI;695163616;;
Grześ-Dach;508085942;;
Heisslufttechnik Flocke Sp. z o.o.;(32)2091202;;
HIGROOZ;601189464;;
HYDROBALANS.PL;790240799;;
HYDROREZYSTANCJA Piotr Przyborowski;504534504;;
HYDROREZYSTANCJA Piotr Przyborowski;(22)4238521;;
HYDROSYSTEM;602415378;;
HYDROSYSTEM;606501327;;
Ignis;607909126;;
Ika Bud S.c.;(71)3464248;;
Ika Bud S.c.;604219284;;
InstalBud;(086)4737769;;
INTERSYSTEM Paweł Łabuda;501535428;;
InvestDOM Sp. z o.o.;(33)8453090;;
InvestDOM Sp. z o.o.;(33)8464907;;
INWESTBUD Holding Spółka z ograniczoną odpowiedzialnością Sp. K.;(22)6243617;;
Inżynieria Specjalna Sp. z o.o.;(32)2386447;;
Inżynieria Specjalna Sp. z o.o.;(32)2386637;;
ISOLIT;(15)8420893;;
ISOLIT;(15)8447403;;
IZO-PUR S.c.;(24)2643756;;
IZO-PUR S.c.;502154520;;
Izolpian S.c. Marian Jedliński, Jolanta Jedlińska;(81)8892405;;
Izolpian S.c. Marian Jedliński, Jolanta Jedlińska;608653345;;
J-TECH;(12)3977742;;
J-TECH;(32)7500372;;
J-TECH;(32)4416292;;
J-TECH;(32)7500372;;
J-TECH;(32)7280423;;
J-TECH;(32)7500372;;
J.L. Górscy Sp.j.;(91)4821797;;
J.L. Górscy Sp.j.;608377454;;
JACK;604466170;;
JACK;(42)6550265;;
JOBI;(22)7572105;;
JOLKON J. Konieczny;(33)8732427;;
JOLKON J. Konieczny;507449665;;
KA-BUD Kazimierz Job i Wspólnik Sp.j.;(12)2706526;;
KA-BUD Kazimierz Job i Wspólnik Sp.j.;502686456;;
Kaldo Sp.j.;(12)2922900;;
Kaldo Sp.j.;(12)2922899;;
KANCELARIA Artur Busse;604474845;;
KANCELARIA Artur Busse;(22)8797844;;
Kaziu-Bud Adam Kaźmierczak;518421162;;
KEMTECH;(32)2410594;;
KEMTECH;514915960;;
Klima-Import Sp. z o.o.;(81)7454544;;
KLIMATEO Osuszanie Budynków i Ozonowanie;509818715;;
KLIMATEO Osuszanie Budynków i Ozonowanie;(48)3847812;;
Klimex-Bis;507602728;;
Klimex-Bis;512479122;;
Klinkier-Grzelak Z.U.H. Marcin Grzelak;(91)8869084;;
Klinkier-Grzelak Z.U.H. Marcin Grzelak;602381397;;
KONTAKT Dachy, Okna, Docieplenia;(81)4417529;;
KONTAKT Dachy, Okna, Docieplenia;(81)4417011;;
KRZYSZTOF Przedsiębiorstwo Budowlano Handlowe;602893469;;
LUX Leszek Trzaskalski;(52)5513239;;
LUX Leszek Trzaskalski;602639149;;
Łużycka Giełda Nieruchomości F.H.U. IMPET;(75)7752772;;
Łużycka Giełda Nieruchomości F.H.U. IMPET;(75)7713549;;
M-BUD Michał Bartczak;503608794;;
MALAK Sp.j. J.Ostrowski & A.Grzeczny;(77)4558920;;
MALAK Sp.j. J.Ostrowski & A.Grzeczny;(77)4569029;;
MALBUD Zbigniew Balcerczyk;504199454;;
Marbel Sp. z o.o.;(58)3005536;;
MARKETING-SPY Michał Sokołowski;669143180;;
MARKOM;(32)2200580;;
MARKOM;535876135;;
MARWENT - Nowoczesna Klimatyzacja i Wentylacja;(22)8433048;;
MARWENT - Nowoczesna Klimatyzacja i Wentylacja;501125430;;
MCS Central Europe Sp. z o.o.;(61)6544000;;
MCS Central Europe Sp. z o.o.;(61)6544001;;
MegaManiek Sławomir Bartczak;504004005;;
MET-BUD;(17)2760110;;
MET-BUD;602397375;;
MONTERS;(12)6306276;;
Nieruchomości Posesja;535223333;;
NORDISKA EKOFIBER POLSKA Sp. z o.o.;(41)3311031;;
NORDISKA EKOFIBER POLSKA Sp. z o.o.;(41)3327420;;
Nowator;504240255;;
Nowator;(16)6421109;;
O3-O FH-U;(62)5810010;;
O3-O FH-U;728519333;;
OMNIBUS Jolanta Staniewska;(91)4883699;;
OMNIBUS Jolanta Staniewska;502149567;;
OPTYMAL SYSTEM;(61)3070331;;
OPTYMAL SYSTEM;(61)6491307;;
P.H.U Metal-Instal;(71)3392779;;
P.H.U. Arkada R.Ordak;(23)6628998;;
P.H.U. Michał Wajerowski;603798150;;
P.H.U. TERMO-DOM;604783180;;
P.P.H.U Iwrom Roman Gansiniec;502491482;;
P.P.H.U. CORWETTA;(42)6348008;;
P.P.H.U. CORWETTA;509660090;;
P.P.H.U. JATAN;602495279;;
P.P.H.U. Skibiński Władysław;(62)7403301;;
P.P.H.U. Skibiński Władysław;601623985;;
P.P.U. EKA Sp. z o.o.;(22)8404106;;
P.P.U.H. GOBOX T.Gorazd, J.Boruch Sp.j.;(14)6812099;;
P.P.U.H. GOBOX T.Gorazd, J.Boruch Sp.j.;(14)6765231;;
P.P.U.H. GOBOX T.Gorazd, J.Boruch Sp.j. Oddział Nowy Sącz;(18)4421157;;
P.P.U.H. GOBOX T.Gorazd, J.Boruch Sp.j. Oddział Nowy Sącz;536911611;;
P.P.U.H. GOBOX T.Gorazd, J.Boruch Sp.j. Oddział Rzeszów;(17)8529470;;
P.P.U.H. GOBOX T.Gorazd, J.Boruch Sp.j. Oddział Rzeszów;(17)8642793;;
P.P.U.H. GOBOX T.Gorazd, J.Boruch Sp.j. Oddział Sandomierz;(15)8320644;;
P.P.U.H. GOBOX T.Gorazd, J.Boruch Sp.j. Oddział Sandomierz;606645581;;
P.U.H. ARKA;604120076;;
P.U.H. Budchem;(55)2370386;;
P.U.H. HEMIX;(74)8580480;;
P.U.H. HEMIX;508343584;;
PBUH MAR-WOD Mariusz Chwiećko;534667647;;
PHU BAAS;509319995;;
PHU BARBUD;660413733;;
PHU Sławbud;698102243;;
PHU Zapora S.c.;(22)7297616;;
Pneumatyczne Systemy Termoizolacji Zieliński J.Zielińska, S.Zieliński Sp.j.;(13)4420110;;
Pneumatyczne Systemy Termoizolacji Zieliński J.Zielińska, S.Zieliński Sp.j.;(13)4420900;;
PPHU BUDOMIX;(32)6460299;;
PPHU BUDOMIX;665021310;;
PPHU IN-REM;796559155;;
PPHU IN-REM;(42)6611416;;
PPUH Robal;725007153;;
PPUH Robal;(52)3824715;;
Przedsiębiorstwo Budowlane In-Tech Janusz Paprocki;(94)3653307;;
Przedsiębiorstwo Budowlano-Usługowe BUDOPOL-POZNAŃ Sp. z o.o.;(61)8758072;;
Przedsiębiorstwo Budowlano-Usługowe BUDOPOL-POZNAŃ Sp. z o.o.;(61)8758418;;
Przedsiębiorstwo Budownictwa Specjalistycznego NOVANTE;501105290;;
Przedsiębiorstwo Handlowo Usługowe BOZBUD Dominik Bożek;517373121;;
Przedsiębiorstwo Organizacji Budownictwa POBUD Sp. z o.o.;(52)3202230;;
Przedsiębiorstwo Transportowo-Budowlane TRANSWOJ Sp. z o.o.;(34)3658956;;
Przedsiębiorstwo Transportowo-Budowlane TRANSWOJ Sp. z o.o.;(34)3658345;;
Przedsiębiorstwo Usług Budowlanych Jacek Guguła MagBa;(12)2672989;;
Przedsiębiorstwo Usług Budowlanych Jacek Guguła MagBa;605635999;;
Przedsiębiorstwo Usług Technicznych PROTECH Sp. z o.o.;500173064;;
Przedsiębiorstwo Wielobranżowe DARTER Sp. z o.o.;(77)4428025;;
Przedsiębiorstwo Wielobranżowe DARTER Sp. z o.o.;(77)4429146;;
Przedsiębiorstwo Wielobranżowe ELTRANS Marek Łeske;(61)4446640;;
Przedsiębiorstwo Wielobranżowe ELTRANS Marek Łeske;602575447;;
PUH ADIB mgr inż. Adam Białas;(61)8306416;;
PUH ADIB mgr inż. Adam Białas;602477390;;
PUJER;511066464;;
PW INTER-FET Sp. z o.o.;(52)3201919;;
PW INTER-FET Sp. z o.o.;(52)3707020;;
Raf-Eko;505086648;;
Raf-Eko;(33)4704711;;
REKO Usługi Remontowo-Budowlane;503449149;;
Remontbud;(081)4798227;;
Remontbud;502363639;;
Remonter;607464399;;
Remonty 24h;502106455;;
Reno-Tech Grzegorz Gałęzia;(41)2665834;;
RHENUS Data Office Polska Sp. z o.o.;(22)3312332;;
RHENUS Data Office Polska Sp. z o.o.;(22)7150717;;
ROKONET Chłodnictwo i Wentylacja;(32)4693809;;
ROKONET Chłodnictwo i Wentylacja;791494220;;
ROTECH - Systemy Grzewcze i Instalacyjne;(22)6445809;;
ROTECH - Systemy Grzewcze i Instalacyjne;601201608;;
ROWIBAU Roman Wieczorek;(32)2348624;;
ROWIBAU Roman Wieczorek;508085036;;
Sauber Paulina Pytka;505454383;;
SD Granit Sp. z o.o.;(58)6762753;;
SD Granit Sp. z o.o.;795406510;;
SIBUD;(62)7473033;;
SIBUD;601779337;;
Skapol Sp. z o.o.;(58)5882244;;
Skapol Sp. z o.o.;602336139;;
SOLBART Kompleksowe Wykończenia Wnętrz, Docieplenia Budynków;662770134;;
SOLIDOM Usługi Remontowo-Budowlane;698881168;;
STG S.c.;(61)8409401;;
Sto-ispo Sp. z o.o.;(22)5116100;;
Sto-ispo Sp. z o.o.;(22)5116101;;
STOBRA Jakub Krawczuk;502135735;;
TANI SKŁAD;(77)5545919;;
TBM Development Sp. z o.o.;692801400;;
Techog Sp. z o.o.;(65)5293286;;
TEK-POL Osuszanie i Odgrzybianie Budynków Mikrofalami;(24)3686005;;
TEK-POL Osuszanie i Odgrzybianie Budynków Mikrofalami;531038318;;
Temix;694154233;;
TERMO-SKLEP.PL;602100892;;
TermoDom Mariusz Osikiewicz;505922020;;
TWÓJ DOM Docieplenia;(33)8224464;;
TWÓJ DOM Docieplenia;663491118;;
UCHACZ Rusztowania,Szalunki,Docieplenia;601497344;;
UCHACZ Rusztowania,Szalunki,Docieplenia;(18)2682305;;
UNI-PROF;535106104;;
UNI-PROF;731750050;;
UNIBEL Sp. z o.o.;(55)2368584;;
Usługi Budowlane i Usługi Koparko-Ładowarką Grochla Daniel;(32)2336287;;
Usługi Budowlane i Usługi Koparko-Ładowarką Grochla Daniel;504163419;;
Usługi Ogólnobudowlane Sebastian Szczotka;665255602;;
Usługi Remontowo - Budowlane;506654121;;
Usługi Remontowo - Budowlane;512619363;;
Usługi Remontowo-Budowlane Dytrych Krzysztof;505252096;;
Usługi Remontowo-Budowlane LEYK Andrzej Leyk;(58)6766207;;
Usługi Remontowo-Budowlane LEYK Andrzej Leyk;606851325;;
Usługi Remontowo-Budowlane Mariusz Łatka;661399515;;
W-ART Centrum Zabezpieczenia Budowli;(89)5359792;;
W-ART Centrum Zabezpieczenia Budowli;(89)5245292;;
WIOLBET;(95)7314674;;
WIOLBET;691931392;;
WIÓREK Grzegorz Osipowski;608888347;;
Z.H.U. BUDOINIEKT;(12)2665651;;
Z.H.U. BUDOINIEKT;502448705;;
Zabytkowy Dom Sp. z o.o.;(33)8163275;;
Zabytkowy Dom Sp. z o.o.;513176988;;
Zakład Budowlano-Rozbiórkowy Jerzy Balcerek;(61)8689392;;
Zakład Budowlano-Rozbiórkowy Jerzy Balcerek;601829353;;
Zakład Budowlany Marek Godnicz;882766845;;
Zakład Budowlany Włodzimierz Grześkowiak;(61)2857478;;
Zakład Budowlany Włodzimierz Grześkowiak;606935883;;
Zakład Ogólnobudowlany Eugeniusz Swadźba;602615850;;
ZAKŁAD OGÓLNOBUDOWLANY Joachim Piontek;(032)2413820;;
ZAKŁAD OGÓLNOBUDOWLANY Joachim Piontek;604232768;;
Zakład Ogólnobudowlany Krzysztof Koncewicz;606370569;;
Zakład Ogólnobudowlany Krzysztof Siudak;660741293;;
Zakład Ogólnobudowlany RENOTERM;(54)2311150;;
Zakład Ogólnobudowlany RENOTERM;601636999;;
Zakład Ogólnobudowlany ZBIGNIEW NOWIK;(91)4879700;;
Zakład Ogólnobudowlany ZBIGNIEW NOWIK;605313824;;
Zakład Produkcyjno-Usługowy Lemar Marian Brandt;602519268;;
Zakład Produkcyjno-Usługowy Lemar Marian Brandt;(61)6400514;;
Zakład Remontowo Budowlany Jan Zając;(74)8456884;;
Zakład Remontowo Budowlany Jan Zając;501359329;;
Zakład Remontowo-Budowlany Jan Rusecki;(32)2256302;;
Zakład Remontowo-Budowlany Jan Rusecki;501503446;;
Zakład Remontowo-Budowlany WOBUD Jan Wojnarowski;(17)2272878;;
Zakład Remontowo-Budowlany WOBUD Jan Wojnarowski;509368257;;
Zakład Remontowo-Budowlany Zbigniew Kubaczyk;502379600;;
Zakład Remontowo-Budowlany Zbigniew Kubaczyk;(94)3664554;;
Zakład Usługowo-Handlowy ŁUKASZ WITEK;(041)3350056;;
Zakład Usługowo-Handlowy ŁUKASZ WITEK;608665256;;
Zasilanie FPS - właściciel marki ogrzej.com.pl;(71)7234171;;
Zasilanie FPS - właściciel marki ogrzej.com.pl;533623899;;
ZAWSZE CZYSTO Pralnia Dywanów;502610418;;
ZAWSZE CZYSTO Pralnia Dywanów;517077755;;
ZRB Intergo;(91)3113355;;
ZRB Intergo;601794206;;
