Calino Barbara Połulich;(22)8466215;;
Calino Barbara Połulich;(22)8683856;;
Konsul Trofea Sportowe;(32)7201150w.20,23;;
Konsul Trofea Sportowe;516143003;;
P.U.H. UNIREX;(22)8127314;;
TRYUMF Sp. z o.o.;(15)8781700;;
TRYUMF Sp. z o.o.;(15)8781701;;
BENEFIX Bielawski Zbigniew;(71)7959283;;
BIL-CUP Szymon Sikora;(61)8667788;;
BIL-CUP Szymon Sikora;(61)6613333;;
Champion TROFEA SPORTOWE;(32)2300551;;
Champion TROFEA SPORTOWE;787228449;;
ENYO S.c. Sebastian Stolarski Piotr Zarzycki;530549702;;
ENYO S.c. Sebastian Stolarski Piotr Zarzycki;606525795;;
GRAFT;(17)8524944;;
INWEST P.U.P.H. Zbigniew Durczak;(32)2306884;;
INWEST P.U.P.H. Zbigniew Durczak;(32)3313396;;
MIST Trofea Sportowe;(22)7569578;;
MIST Trofea Sportowe;606465508;;
P.P.H.U. MABOR Maciej Boroń;(32)2226916;;
P.P.H.U. MABOR Maciej Boroń;601703150;;
P.U.H. MP Piotr Molenda;(34)3524837;;
P.U.H. MP Piotr Molenda;604812550;;
PLUS ELECTRONIC;(42)6337205;;
PLUS ELECTRONIC;695185950;;
SUTEMI;(33)8233406;;
SUTEMI;604690450;;
Tryumf Sp. z o.o. Oddział Lublin;(81)4420023;;
Tryumf Sp. z o.o. Oddział Lublin;(81)5341116;;
Tryumf Sp. z o.o. Oddział Stalowa Wola;(15)8426249;;
Tryumf Sp. z o.o. Oddział Warszawa;(22)2951220;;
Tryumf Sp. z o.o. Oddział Warszawa;(22)6543876;;
Tryumf Sp. z o.o. Trofea Sportowe Oddział Wrocław;(71)7903335;;
Tryumf Sp. z o.o. Trofea Sportowe Oddział Wrocław;(71)3361859;;
VICTORY-TROFEA;(41)3462420;;
VICTORY-TROFEA;504030133;;
BEAM Laserowe Grawerowanie;(22)8772396;;
BEAM Laserowe Grawerowanie;(22)8772395;;
Przedsiębiorstwo Organizacji Turystyki Rekreacji i Sportu Sp. z o.o.;(22)8100002;;
Przedsiębiorstwo Organizacji Turystyki Rekreacji i Sportu Sp. z o.o.;(22)8130965;;
Agencja Poligraficzno-Reklamowa S-Druk;(86)2722320;;
Agencja Poligraficzno-Reklamowa S-Druk;606389342;;
Grawer Laserowy;(15)6425756;;
Sław-Pol maskotki medyczne;(34)3638174;;
Sław-Pol maskotki medyczne;(34)3638174;;
Agencja Handlowo-Usługowa EMPTOR Jerzy Miedzianowski;(22)7167980;;
Agencja Handlowo-Usługowa EMPTOR Jerzy Miedzianowski;602463705;;
Agencja Reklamowo-Handlowa WIST Paulina Organiściak;(74)8157889;;
AGR-Systems Świat Foto Upominków i Gadżetów Reklamowych;(15)6427001;;
AGR-Systems Świat Foto Upominków i Gadżetów Reklamowych;786022525;;
COLLOSEUM Marketing Sport;(95)7596003;;
COLLOSEUM Marketing Sport;(95)7595979;;
Drukarnia VENTANA;(34)3222211;;
Drukarnia VENTANA;608674624;;
FHU Domi-Sport;(81)8873090;;
GRAWER Piotr Nycz;(91)8523235;;
GRAWER Piotr Nycz;(91)4635440;;
Handel-Usługi G.T.Łagan;(18)4436104;;
Handel-Usługi G.T.Łagan;507138669;;
KARLEN Mariusz Jarząb;508305577;;
KARLEN Mariusz Jarząb;696095934;;
MAISON Lilianna Maison;607698397;;
MAISON Lilianna Maison;607096683;;
MediaFlor;(42)6317128;;
MediaFlor;883511443;;
MIW Design;(17)8620765;;
MIW Design;502307977;;
PUH GRAND;(94)3430310;;
PUH GRAND;606216067;;
Pucharowo.PL;661644644;;
Pucharowo.PL;663644644;;
Agencja Reklamy REMAR;(32)7703690;;
AKAS Krzysztof Szopiński;501085821;;
AKRYLER Fidziński Kazimierz;791058349;;
ALMAKO;(94)3542323;;
ALMAKO;(94)3530763;;
ANAYA;(41)2428341;;
ANAYA;664920618;;
Art Grawer;664133791;;
Art Grawer;668180246;;
Artistic Dreams;(34)3720815;;
Artistic Dreams;604256742;;
Atma S.c.;(74)8321626;;
Atma S.c.;(74)8315818;;
BAS Trofea Sportowe;(22)6360002;;
BAS Trofea Sportowe;(22)2411029;;
BOKOSPORT;509989109;;
BOKOSPORT;509965275;;
Centrum Pucharowe T.M. S.c.;605727641;;
Centrum Pucharowe T.M. S.c.;695491070;;
CHAMPION Firma Handlowa;(75)7533186;;
CHAMPION Firma Handlowa;(75)7522106;;
COLUMBEX-Sport;(77)4550841;;
COLUMBEX-Sport;(77)4581141;;
DAsport Daniel Kosobudzki;(32)4472136;;
DAsport Daniel Kosobudzki;507950471;;
EQUIART Czesława Grycz;504718824;;
ESPERA Ewa Milczarek;505256386;;
ESPO;(81)4623246;;
ESPO;502645165;;
ETANIA.PL;607777726;;
EURO Marketing Trofea Sportowe;(32)6719105;;
EURO Marketing Trofea Sportowe;503125340;;
Exclusive Sport Sp. z o.o.;(58)3065768;;
Exclusive Sport Sp. z o.o.;(58)7659913;;
ExclusiveGraw;881685738;;
F.H.U. MAX-SPORT;(32)6703464;;
F.H.U. MAX-SPORT;501707743;;
FHU AGF;608438789;;
FiMedia.net;(48)6640041;;
FiMedia.net;511100100;;
Firma Handlowa OSCAR Centrum Pucharowe;(43)8860466;;
Firma Handlowa OSCAR Centrum Pucharowe;661961331;;
Firma Handlowo-Usługowa AUGUSTO;889660879;;
Firma Handlowo-Usługowa AUGUSTO;889376175;;
Firma Handlowo-Usługowa CATRINA;609595945;;
Firma Produkcyjno-Reklamowa METALOPLAST Włodzimierz Snopkiewicz;735040516;;
Firma SILVER Trofea Sportowe;(91)4627968;;
Firma SILVER Trofea Sportowe;792012635;;
Galeria Sportowych Trofeów Adama Małysza;517567660;;
GIANT SHOP;512218458;;
GJG Group;(89)6420343;;
GJG Group;(89)6420875;;
GRAWERTON II - Trofea Sportowe;(76)8532322;;
Grupa GLASSO;(71)3444417;;
Grupa GLASSO;(71)3984779;;
GTsport;(58)5550003-04;;
GTsport;(58)5550005;;
Hunters Sport;733377006;;
Hunters Sport;733377809;;
IRON ART Producent Trofeów Sportowych;691400693;;
KREACTIVE;793511014;;
LaserCup;661972311;;
LaserCup;793312323;;
Lasermax Sp. z o.o.;(22)7442021;;
Lasermax Sp. z o.o.;537737737;;
LIDER P.H.U;(62)7344559;;
LIDER P.H.U;508192997;;
MCC Medale;690003154;;
MCC Medale;534945654;;
MEDIAFORM;(74)8311000;;
MEDIAFORM;(74)8311001;;
MEGASPORT;(56)6224544;;
MISTRZ METALOPLASTYK mgr Elżbieta Graczyk;(61)8689164;;
MISTRZ METALOPLASTYK mgr Elżbieta Graczyk;(61)6617501;;
MK Design;501144627;;
NIKE-TROFEA;(33)8192822;;
NIKE-TROFEA;605825005;;
Nova Sp.j. Grzyb i Ochojski;(34)3511371-72w.40;;
OLIMP Trofea Sportowe PUH;(81)5318677;;
P.H.U. MOTIS Tadeusz Moczarski Sklep Internetowy trofea.pl;(34)3656829;;
P.H.U. MOTIS Tadeusz Moczarski Sklep Internetowy trofea.pl;(34)3655452;;
P.P.U.H. DAREL;(91)3910083;;
P.P.U.H. DAREL;(91)5770859;;
PAJM Anna Koźbiał;660591756;;
PAJM Anna Koźbiał;509031377;;
PAPIER BOX Trofea Sportowe;(12)4215130;;
PAPIER BOX Trofea Sportowe;601512075;;
PHU FLISAK;(56)6457615;;
PODIUM Trofea Sportowe;(61)8120200w.106;;
PODIUM Trofea Sportowe;(61)6526835;;
PPHU Barbara Export-Import Barbara Gnaś;506105384;;
PPHU NOMA-SYSTEM;(41)3431304;;
PPHU NOMA-SYSTEM;606706153;;
PPU Trofea Sport Poland Sp. z o.o.;(41)3032620;;
PPU Trofea Sport Poland Sp. z o.o.;(41)3032621;;
Premia-Sport Jerzy Rembowicz;(58)6630639;;
Premia-Sport Jerzy Rembowicz;602369821;;
PRINTHOUSE;793491049;;
Przedsiębiorstwo Handlowo-Usługowe KASIA;(89)5341834;;
Przedsiębiorstwo Handlowo-Usługowe KASIA;606279992;;
Puchary & Trofea Sportowe;(12)4110306;;
Puchary & Trofea Sportowe;698618585;;
PUCHARY Centrum;(58)6617789;;
Puchary Gołębie;662176196;;
Puchary Gołębie;(41)3462420;;
Sklep MEDALE.PL;(12)4260155;;
Sklep MEDALE.PL;535604640;;
SportCup;(41)3445571;;
SportCup;793441972;;
SPRINT;(55)2351895;;
SPRINT;(55)6113800;;
Studio Reklamy Grzegorz Ignatowicz;(94)3423046;;
TRiSport Trofea Sportowe;501008869;;
Trofea Sportowe;695634965;;
Trofea Sportowe AMS;(62)7351785;;
Trofea Sportowe AMS;(62)7351792;;
TROFEX;(41)3621202;;
TROFEX;(41)3445741;;
VERO ARTE;508185298;;
Wikoss-Sport;(32)2674045;;
WLS - PucharyStyl.PL;509677677;;
ZODUS II;(58)3440779;;
ZODUS II;(58)7605413;;
ABARTON;693699640;;
ABARTON;669950426;;
Agencja Artystyczna PAP-ART;662029888;;
Agencja Artystyczna PAP-ART;(22)6125439;;
AGENCJA KAYO;(58)5609524;;
AGENCJA KAYO;(58)6805144;;
Agencja Reklamowa MAD;(77)4165238;;
Agencja Reklamowa MAD;(77)4444787;;
ARTFORMA Aneta Bartosiuk-Szarlej;507751144;;
ARTSZKŁO;601709929;;
BIUROSERWIS od A do Z;(77)4442722;;
Centrum Usługowe PAW-TOM;(17)8528487;;
Centrum Usługowe PAW-TOM;535584257;;
CONTRA P.H.U.;(91)3178680;;
CONTRA P.H.U.;507043788;;
DECOR ZUW Statuetki, Puchary, Cięcie Wodą;(13)4200615;;
DECOR ZUW Statuetki, Puchary, Cięcie Wodą;(13)4361307;;
DORO Metaloplastyka Grawerstwo Krzysztof Smus;608376830;;
EX`S Sport;691856456;;
F.H.U. Argos;791764699;;
F.H.U. PAPIRUS Marek Piechota;(32)4238417;;
FENIKS;882144765;;
FENIKS;882144766;;
FHU GIGANCIK BIS;(12)2676776;;
FHU GIGANCIK BIS;606690369;;
Firma Handlowo-Usługowa ZABIKO Edyta Bilan;(12)4235715;;
Firma Handlowo-Usługowa ZABIKO Edyta Bilan;(12)6566268;;
GLASSERIA;(22)7899871;;
GLASSERIA;601254607;;
GRAW-POL;(58)6830920;;
GRAW-POL;502607808;;
GRAWTOR S.c.;(56)6233490;;
GRAWTOR S.c.;793572267;;
LASER 3D - statuetki, grawerowane laserem 3D;(68)4514466;;
LASER 3D - statuetki, grawerowane laserem 3D;(68)4514467;;
MACLAND;(14)6634596;;
MARIKON;504007264;;
MARKOL & GRAWER;(89)5341661;;
MARKOL & GRAWER;(89)5390525;;
OCEAN Hurtownia Artykułów Sportowych i Turystycznych;(95)7311916;;
OCEAN Hurtownia Artykułów Sportowych i Turystycznych;(95)7311595;;
P.H. MAI;(75)7728338;;
P.H. MAI;601084427;;
P.H.U. Pesot;505153151;;
P.H.U. SINPORT Ludomir Sznajder;661553957;;
PH PAAK Sp.j. Paczkowscy;(52)3210988;;
PH PAAK Sp.j. Paczkowscy;(52)3214141;;
PH-SOLARON;609919193;;
PH-SOLARON;605434343;;
POLIGRAF S.c.;(52)3962680;;
PPHU NIKI Artur Szewczyk;(43)8434271;;
PPHU NIKI Artur Szewczyk;603400779;;
Pracownia Autorska STANKIEWICZ;(89)7524332;;
Pracownia Autorska STANKIEWICZ;603930748;;
Profi-Art;502295122;;
Profi-Art;517063503;;
SPORTSTYL Hurtownia Artykułów Sportowych;(22)7220223;;
SPORTSTYL Hurtownia Artykułów Sportowych;(22)4252094;;
Stempel-Graf;(61)8353873;;
STUDIO ARTYSTYCZNE Nojman Leszek;506418087;;
STUDIO DELTA;(58)7714186;;
VEDA;(23)6734508;;
VEDA;(23)6734528;;
WAGRAX S.c.;519648441;;
WAGRAX S.c.;(58)5541632;;
WAMAX-Druk Waldemar Banasiak;(55)2733280;;
WAMAX-Druk Waldemar Banasiak;(55)2724969;;
WojSki Paulina Stolińska Trofea i Grawer;(42)6515551;;
WojSki Paulina Stolińska Trofea i Grawer;696557668;;
