Muzeum Narodowe w Gdańsku;(58)3016804;;
Muzeum Narodowe w Gdańsku;(58)3011125;;
Muzeum Archeologiczne w Krakowie;(12)4227100;;
Muzeum Archeologiczne w Krakowie;(12)4227560;;
Muzeum Cechu Rzemiosł Skórzanych im. Jana Kilińskiego Cech Rzemiosł Skórzanych im. Jana Kilińskiego;(22)8319673;;
Muzeum im. Wojciecha Kętrzyńskiego;(89)7523282;;
Muzeum im. Wojciecha Kętrzyńskiego;(89)7522965;;
Muzeum Józefa Piłsudskiego w Sulejówku;(22)8420425;;
Muzeum Kaszubskiej Ceramiki NECEL;(58)6842289;;
Muzeum Kaszubskiej Ceramiki NECEL;505134724;;
Muzeum w Brodnicy;(56)4950570;;
Polskie Towarzystwo Chemiczne;(22)8311304;;
.Muzeum w Jarosławiu Kamienica Orsettich;(16)6215437;;
.Muzeum w Jarosławiu Kamienica Orsettich;(16)6213731;;
Centralne Muzeum Pożarnictwa;(32)2223733;;
Centralne Muzeum Pożarnictwa;(32)3166199;;
Międzyrzecki Rejon Umocniony Muzeum Fortyfikacji i Nietoperzy;(95)7419999;;
Międzyrzecki Rejon Umocniony Muzeum Fortyfikacji i Nietoperzy;509868965;;
Muzeum 2 Korpusu Polskiego w Józefowie;(22)7895673;;
Muzeum 2 Korpusu Polskiego w Józefowie;660838440;;
Muzeum Archeologiczne i Rezerwat Krzemionki;(41)3304550;;
Muzeum Dobranocek ze zbiorów Wojciecha Jamy w Rzeszowie;(17)7483651;;
Muzeum Dobranocek ze zbiorów Wojciecha Jamy w Rzeszowie;(17)8525715;;
Muzeum Dwory Karwacjanów i Gładyszów;(18)3535618;;
Muzeum Dwory Karwacjanów i Gładyszów;(18)3535601;;
Muzeum im. Jerzego Dunin-Borkowskiego;(24)2523347;;
Muzeum im. Jerzego Dunin-Borkowskiego;(24)2524496;;
Muzeum JAMA MICHALIKA Kawiarnia Restauracja;(12)4221561;;
Muzeum Kultury Ludowej Pomorza w Swołowie;(59)8324897;;
Muzeum Kultury Ludowej Pomorza w Swołowie;(59)8119410;;
Muzeum Ludowych Instrumentów Muzycznych w Szydłowcu;(48)6171789;;
Muzeum Lwowa i Kresów;602603588;;
Muzeum Łowiectwa i Jeździectwa w Warszawie;(22)5226630;;
Muzeum Łowiectwa i Jeździectwa w Warszawie;(22)6284699;;
Muzeum Narodowe w Warszawie;(22)6211031;;
Muzeum Narodowe w Warszawie;(22)6228559;;
Muzeum Nietypowych Rowerów;601814527;;
Muzeum Piernika;(56)6636617;;
Muzeum Regionalne w Pleszewie;(62)7428359;;
Muzeum Regionalne w Wiślicy;502634495;;
Muzeum Regionalne w Wiślicy;(41)3792164;;
Muzeum Rzemiosła w Krośnie;(13)4324188;;
Muzeum Sztuki i Techniki Japońskiej Manggha;(12)2672703;;
Muzeum Sztuki i Techniki Japońskiej Manggha;(12)2674079;;
Muzeum Twierdzy Kostrzyn;(95)7522360;;
Muzeum Twierdzy Kostrzyn;(95)7520045;;
Muzeum Volkswagena;(58)6818205;;
Muzeum Volkswagena;604704050;;
Muzeum Wojska w Białymstoku;(85)7416449;;
Muzeum Wojska w Białymstoku;(85)7415448;;
Muzeum Wsi Lubelskiej;(81)5338513;;
Muzeum Wsi Lubelskiej;(81)5333137;;
Muzeum Wsi Radomskiej;(48)3329281;;
Muzeum Wsi Radomskiej;(48)3329282;;
Muzeum Zabawek w Kudowie Zdroju;(74)8664970;;
Muzeum Zabawek w Kudowie Zdroju;601948423;;
P.H.U. Covpol Sp.j.;(22)7569104;;
P.H.U. Covpol Sp.j.;(22)7371775-76;;
Fundacja Zamek Chudów;(32)3301300;;
Fundacja Zamek Chudów;(32)3301301;;
Kopalnia Złota ZŁOTY STOK;(74)8175508(rezerwacja);;
Kopalnia Złota ZŁOTY STOK;(74)8175574(biuro);;
Ośrodek Kultury Leśnej w Gołuchowie;(62)7615046;;
Ośrodek Kultury Leśnej w Gołuchowie;(62)7615045;;
Trasa Turystyczna Bunkier w Konewce;501430321;;
(Mini) Muzeum Żaby;(46)8578260;;
Auto-Muzeum Jan & Maciej Peda;693055363;;
Białostockie Muzeum Wsi;509336816;;
Białostockie Muzeum Wsi;(85)7436082;;
Centralne Muzeum Jeńców Wojennych w Łambinowicach-Opolu;(77)4537872;;
Centralne Muzeum Jeńców Wojennych w Łambinowicach-Opolu;(77)4539216;;
Centralne Muzeum Jeńców Wojennych w Łambinowicach-Opolu;(77)4343475;;
Centralne Muzeum Włókiennictwa;(042)6832684;;
Centralne Muzeum Włókiennictwa;(042)6832685;;
Centrum Edukacji Archeologicznej BŁĘKITNY LEW Spichlerz BŁĘKITNY BARANEK;(58)3203188;;
Centrum Górskie KORONA ZIEMI Sp. z o.o.;(33)8775618;;
Centrum Górskie KORONA ZIEMI Sp. z o.o.;690996631;;
Centrum Hewelianum;(58)3000842;;
Centrum Hewelianum;(58)7421513;;
Centrum Nauki i Sztuki STARA KOPALNIA;(74)6670980;;
Centrum Nauki i Sztuki STARA KOPALNIA;(74)6670970;;
CHATA U KAWULOKA;790262829;;
CHATA U KAWULOKA;(33)8556231;;
Dom Carla i Gerharta Hauptmannów-Muzeum Karkonoskie;(75)7172611;;
Dom Muzealny ORNAK;(18)2015679;;
Dom Muzealny ORNAK;604985025;;
DOM NAD ŁĄKAMI Muzeum Wacława i Zofii Nałkowskich;(22)7862219;;
DWÓR WYBICKICH;(58)3024285;;
DWÓR WYBICKICH;506233553;;
Ekomuzeum Rzemiosła w Dobkowie;(75)7134453;;
Ekomuzeum Rzemiosła w Dobkowie;506112985;;
FORT GERHARDA;530790596;;
FORT GERHARDA;(91)3218626;;
Forteczny Park Kulturowy Sp. z o.o.;(74)8180099;;
Forteczny Park Kulturowy Sp. z o.o.;509591311;;
Gabinet Figur Woskowych;(91)3282570;;
Galeria Bursztynowa Narcyz Kalski;(59)8427333;;
Galeria Marii Ritter i Stare Wnętrza Mieszczańskie w Nowym Sączu;(18)4442370;;
Galeria Marii Ritter i Stare Wnętrza Mieszczańskie w Nowym Sączu;(18)4437708;;
GALERIA-MUZEUM Krzysztof Poloński;(14)6567868;;
GALERIA-MUZEUM Krzysztof Poloński;(14)6424433;;
Gdyńskie Muzeum Motoryzacji;(58)6638740;;
Harcerskie Muzeum Etnograficzne;501804094;;
Harcerskie Muzeum Etnograficzne;(32)2511729;;
JURAPARK;(52)3873235;;
Karkonoskie Tajemnice;(75)7619999;;
Karkonoskie Tajemnice;880005003;;
KONSPIRA Centrum Edukacji Historycznej;796326600;;
LATARNIA MORSKA Gdańsk Nowy Port;(58)7601642;;
LATARNIA MORSKA Gdańsk Nowy Port;601150251;;
Lubuskie Muzeum Wojskowe w Zielonej Górze z/s w Drzonowie;(68)3211856;;
Lubuskie Muzeum Wojskowe w Zielonej Górze z/s w Drzonowie;(68)3211829;;
Mazowieckie Centrum Sztuki Współczesnej ELEKTROWNIA w Radomiu;(48)3836077;;
Mazowieckie Centrum Sztuki Współczesnej ELEKTROWNIA w Radomiu;(48)3858995;;
MIEJSKIE MUZEUM ZABAWEK;(75)7618523;;
MŁYN Muzeum Młynarstwa i Wsi;(13)4611312;;
MŁYN Muzeum Młynarstwa i Wsi;607477110;;
MOCAK Muzeum Sztuki Współczesnej w Krakowie;(12)2634001;;
MOCAK Muzeum Sztuki Współczesnej w Krakowie;(12)2571034;;
Multimedialne Muzeum na 15 Południku im. Władysława Jagiełły Trzęsacz;(91)3862926;;
Multimedialne Muzeum na 15 Południku im. Władysława Jagiełły Trzęsacz;604141783;;
Muzem PRL-u;(12)4467821;;
Muzem PRL-u;(12)4467822;;
Muzeum - Miejsce Pamięci Palmiry;(22)7208114;;
Muzeum - Miejsce Pamięci Palmiry;(22)7208093;;
Muzeum - Orawski Park Etnograficzny w Zubrzycy Górnej;(18)2852709;;
Muzeum - Orawski Park Etnograficzny w Zubrzycy Górnej;(18)2852487;;
Muzeum - Zespół Synagogalny we Włodawie;(82)5722178;;
MUZEUM 4PSP;604833667;;
Muzeum 6D - Maszoperia;(94)7162244;;
Muzeum Archeologiczne i Etnograficzne w Łodzi;(42)6328440;;
Muzeum Archeologiczne i Etnograficzne w Łodzi;(42)6329714;;
Muzeum Archeologiczne Środkowego Nadodrza;(68)3215478;;
Muzeum Archeologiczne Środkowego Nadodrza;(68)3273113;;
Muzeum Archeologiczne w Gdańsku;(58)3222100;;
Muzeum Archeologiczne w Gdańsku;(58)3222111;;
Muzeum Archeologiczne w Poznaniu;(61)852825;;
Muzeum Archeologiczne w Poznaniu;(61)8531010;;
Muzeum Archeologiczno-Historyczne w Elblągu;(55)2327273;;
Muzeum Archeologiczno-Historyczne w Elblągu;(55)2324317;;
Muzeum Archeologiczno-Historyczne w Stargardzie;(91)5772556;;
Muzeum Archeologiczno-Historyczne w Stargardzie;(91)5783835;;
Muzeum Architektury we Wrocławiu;(71)3448279;;
Muzeum Architektury we Wrocławiu;(71)3446577;;
Muzeum Armii Krajowej im. Generała Emila Fieldorfa Nila;(12)4100770;;
Muzeum Armii Krajowej im. Generała Emila Fieldorfa Nila;(12)4100760;;
Muzeum ASP we Wrocławiu;(71)3438451;;
Muzeum Augusta Zamoyskiego;(83)3560068;;
Muzeum Augusta Zamoyskiego;508323005;;
Muzeum Bambrów Poznańskich;605621611;;
Muzeum Bambrów Poznańskich;602658961;;
Muzeum Bitwy pod Grunwaldem;(89)6472215;;
Muzeum Bitwy pod Grunwaldem;(89)6472227-28;;
Muzeum BOCIANA BIAŁEGO;(68)3912935;;
Muzeum Browaru Żywiec;(33)8612457;;
Muzeum Browaru Żywiec;(33)8619627;;
Muzeum Budownictwa Ludowego;(13)4630904;;
Muzeum Budownictwa Ludowego;(13)4630934Dyrekcja;;
Muzeum Budownictwa Ludowego - Park Etnograficzny w Olsztynku;(89)5192164;;
Muzeum Budownictwa Ludowego - Park Etnograficzny w Olsztynku;(89)5193845;;
Muzeum Bursztynu BURSZTYNOWA KOMNATA;(55)2474209;;
Muzeum Bursztynu BURSZTYNOWA KOMNATA;(55)2478579;;
Muzeum Ceramiki w Bolesławcu;(75)6444700;;
Muzeum Ceramiki w Bolesławcu;(75)6441085;;
Muzeum CZĘSTOCHOWSKIE;(34)3605631w.10;;
Muzeum CZĘSTOCHOWSKIE;(34)3605631w.0;;
Muzeum Dawnego Kupiectwa;(74)8521291;;
Muzeum Dawnego Kupiectwa;(74)8521291;;
Muzeum Dawnych Tortur w Zielonej Górze;(68)3272345;;
Muzeum Dawnych Tortur w Zielonej Górze;(68)3246561;;
Muzeum Diecezjalne w Kielcach;(41)3445820;;
Muzeum Drukarstwa Warszawskiego;(22)6206042;;
Muzeum DULAG 121;(22)7588663;;
Muzeum DULAG 121;696591295;;
Muzeum Dwór w Dołędze;(14)6715414;;
Muzeum Dyplomacji i Uchodźstwa Polskiego;(52)3462318;;
Muzeum Dzwonów i Fajek;(16)6789666;;
Muzeum Emigracji w Gdyni;(58)6233179;;
Muzeum Etnograficzne;(17)8620217;;
Muzeum Etnograficzne;(14)6220625;;
Muzeum Etnograficzne im. Marii Znamierowskiej-Prüfferowej w Toruniu;(56)6228091;;
Muzeum Etnograficzne im. Marii Znamierowskiej-Prüfferowej w Toruniu;(56)6223649;;
Muzeum Etnograficzne im. Seweryna Udzieli w Krakowie;(12)4306023;;
Muzeum Etnograficzne im. Seweryna Udzieli w Krakowie;(12)4306330;;
Muzeum Etnograficzne Oddział Muzeum Narodowego we Wrocławiu;(71)3443313;;
Muzeum Etnograficzne Oddział Muzeum Narodowego we Wrocławiu;(71)3442849;;
Muzeum Etnograficzne w Zielonej Górze z siedzibą w Ochli;(68)3211473;;
Muzeum Etnograficzne w Zielonej Górze z siedzibą w Ochli;(68)3211193;;
Muzeum Ewolucji Instytutu Paleobiologii PAN;(22)6566637;;
Muzeum Ewolucji Instytutu Paleobiologii PAN;(22)6206225;;
Muzeum Fabryki;(042)6649293;;
Muzeum Farmacji im. mgr Antoniny Leśniewskiej;(22)8317179;;
Muzeum Figur Woskowych;(71)3963785;;
Muzeum Figur Woskowych;533866533;;
Muzeum Filumenistyczne;(74)8110637;;
Muzeum Fortyfikacji Pancernej Twierdzy Toruń;607054249;;
Muzeum Fotografii;(052)5670007;;
Muzeum Fryderyka Chopina w Warszawie;(22)4416251-52;;
Muzeum Fryderyka Chopina w Warszawie;(22)4416274;;
Muzeum Gazownictwa w Paczkowie;(77)4316834;;
Muzeum Geodezji i Kartografii w Opatowie;(15)8684777;;
Muzeum Geodezji i Kartografii w Opatowie;(15)8684742;;
Muzeum Górnictwa Węglowego;(32)2718831;;
Muzeum Górnictwa Węglowego;(32)2716591;;
Muzeum Górnośląski Park Etnograficzny  w Chorzowie;(32)2415501;;
Muzeum Górnośląski Park Etnograficzny  w Chorzowie;(32)4502704-06;;
Muzeum Górnośląskie;(32)2818294w.111;;
Muzeum Grodu Santockiego w Santoku, Muzeum Lubuskie im. Jana Dekerta w Gorzowie Wlkp.;(95)7316108;;
Muzeum Grodu Santockiego w Santoku, Muzeum Lubuskie im. Jana Dekerta w Gorzowie Wlkp.;(95)7322843;;
Muzeum Gross-Rosen;(74)8559007;;
Muzeum Gród Średniowieczny w Brzeźniku;601302391;;
Muzeum Harcerskie Olgi i Andrzeja Małkowskich;(18)2014530;;
Muzeum Henryka Sienkiewicza;(25)7559000;;
Muzeum Historii Fotografii im.Walerego Rzewuskiego w Krakowie;(12)6345932;;
Muzeum Historii Fotografii im.Walerego Rzewuskiego w Krakowie;(12)6340455w.27;;
Muzeum Historii Katowic;(32)2561810;;
Muzeum Historii Katowic;(32)2562134;;
Muzeum Historii Kielc;(41)3405520;;
Muzeum Historii Kielc;(41)3405525;;
Muzeum Historii Komputerów i Informatyki;(32)4130890;;
Muzeum Historii Miasta Łodzi;(42)6540323;;
Muzeum Historii Miasta Łodzi;(42)2549000;;
Muzeum Historii Miasta Rzeszowa;(17)8754198;;
Muzeum Historii Miasta Zduńska Wola;(43)8249880;;
Muzeum Historii Miasta Zduńska Wola;(43)8234843;;
Muzeum Historii Polski w Warszawie;(022)2119002;;
Muzeum Historii Polski w Warszawie;(022)2119033;;
Muzeum Historii Polskiego Ruchu Ludowego;(22)8433876;;
Muzeum Historii Polskiego Ruchu Ludowego;(22)8437873;;
Muzeum Historii Przemysłu;(62)7618626;;
Muzeum Historii Przemysłu;(62)7618078;;
Muzeum Historii Ziemi Kamieńskiej;(91)3822373;;
Muzeum Historii Ziemi Kamieńskiej;601585323;;
Muzeum Historii Żydów Polskich POLIN;(22)4710300;;
Muzeum Historii Żydów Polskich POLIN;(22)8322043;;
Muzeum Historyczne;(85)7482119;;
Muzeum Historyczne;509336878;;
Muzeum Historyczne - Pałac w Dukli;(13)4330085;;
Muzeum Historyczne - Pałac w Dukli;(13)4330236;;
Muzeum Historyczne m. Tarnobrzega;(15)8237999;;
Muzeum Historyczne m. Tarnobrzega;(15)8237999w.26;;
Muzeum Historyczne Miasta Gdańska;(58)7679100;;
Muzeum Historyczne Miasta Gdańska;(58)7679166;;
Muzeum Historyczne miasta stołecznego Warszawy;(22)6351625;;
Muzeum Historyczne miasta stołecznego Warszawy;(22)8319491;;
Muzeum Historyczne w Legionowie;(22)7742166;;
Muzeum Historyczne w Legionowie;(22)7744489;;
Muzeum Historyczne w Przasnyszu;(29)7522866;;
Muzeum Historyczne w Sanoku;(013)4630609;;
Muzeum Historyczno-Archeologiczne w Ostrowcu Świętokrzyskim;(41)2653651;;
Muzeum Historyczno-Etnograficzne w Andrychowie;(33)8752488;;
Muzeum Historyczno-Etnograficzne w Andrychowie;(33)8754101;;
Muzeum Historyczno-Etnograficzne w Chojnicach;(52)3974392;;
Muzeum Historyczno-Etnograficzne w Chojnicach;(52)3972319;;
Muzeum i Instytut Zoologii PAN;(22)6293221;;
Muzeum i Instytut Zoologii PAN;(22)6296302;;
Muzeum II Wojny Światowej;(58)3237520;;
Muzeum II Wojny Światowej;(58)3237530;;
Muzeum Ikon w Supraślu;(85)7183506;;
Muzeum Ikon w Supraślu;509336829;;
Muzeum im. Aleksandra Kłosińskiego w Kętach;(33)8453107;;
Muzeum im. Anny i Jarosława Iwaszkiewiczów w Stawisku;(22)7589363;;
Muzeum im. Anny i Jarosława Iwaszkiewiczów w Stawisku;(22)7291421;;
Muzeum im. Jacka Malczewskiego w Radomiu;(48)3624329;;
Muzeum im. Jacka Malczewskiego w Radomiu;(48)3623481;;
Muzeum im. Jana Dzierżona w Kluczborku;(77)4182707;;
MUZEUM im. Jana Kasprowicza;(52)3575873;;
MUZEUM im. Jana Kasprowicza;(52)3576781;;
Muzeum im. ks. Stanisława Staszica;(84)6962783;;
Muzeum im. ks. Stanisława Staszica;(84)6963957;;
Muzeum im. ks.dr. Władysława Łęgi w Grudziądzu;(56)4659063-65;;
Muzeum im. ks.dr. Władysława Łęgi w Grudziądzu;(56)4656966;;
Muzeum im. Michała Drzymały w Miasteczku Krajeńskim;793939493;;
Muzeum im. Orła Białego;(41)2520231;;
Muzeum im. Orła Białego;(41)2621587;;
Muzeum im. Przypkowskich w Jędrzejowie;(41)3862445;;
Muzeum im. Władysława Orkana;(18)2676289;;
Muzeum im. Władysława Orkana;(18)2676365;;
Muzeum Imienia Kazimierza Pułaskiego w Warce;(48)6672267w.26;;
Muzeum Inżynierii Miejskiej w Krakowie;(12)4211242;;
Muzeum Józefa Ignacego Kraszewskiego w Romanowie;(83)3793014;;
Muzeum Kamieni w Kamieniu Pomorskim;607970880;;
Muzeum Kamieni w Kamieniu Pomorskim;603584970;;
Muzeum Karkonoskie w Jeleniej Górze;(75)7523465;;
Muzeum Karkonoskie w Jeleniej Górze;(75)6455073;;
Muzeum Karykatury im. Eryka Lipińskiego;(22)8278895;;
Muzeum Karykatury im. Eryka Lipińskiego;(22)8265110;;
Muzeum Kaszubskie im. Franciszka Tredera;(58)6811442;;
Muzeum Kaszubskie im. Franciszka Tredera;(58)6810378;;
Muzeum Kinematografii;(42)6740957;;
Muzeum Kinematografii;(42)6749006;;
Muzeum Kolejnictwa w Warszawie;(22)6200480;;
Muzeum Kolekcji im. Jana Pawła II;(22)6202725;;
Muzeum Komunikacji Miejskiej MPK-Łódź;(42)6721207;;
Muzeum Komunikacji Miejskiej MPK-Łódź;(42)6721319;;
Muzeum Komunikacji w Paterku;603501582;;
Muzeum Konstantego Ildefonsa Gałczyńskiego;(87)4256248;;
Muzeum Kowalstwa w Prószkowie;(77)4648062;;
Muzeum Kowalstwa w Prószkowie;(77)4013700;;
Muzeum Kowalstwa w Warszawie;602118616;;
Muzeum Kowalstwa w Warszawie;606182404;;
Muzeum Kresów w Lubaczowie;(16)6321802;;
Muzeum Książki Artystycznej;(42)6744298;;
Muzeum Książki Artystycznej;502626466;;
Muzeum Kultury Kurpiowskiej;(29)7645443;;
Muzeum Kultury Kurpiowskiej;(29)7643500;;
Muzeum Kultury Ludowej;(87)4275278;;
Muzeum Kultury Ludowej;(87)4273242;;
Muzeum Lachów Sądeckich im. Z. i St. Chrząstowskich w Podegrodziu;(18)4459033;;
Muzeum Lalek;(14)6721321;;
Muzeum Literatury im. Adama Mickiewicza;(22)8314061;;
Muzeum Literatury im. Adama Mickiewicza;(22)8317692;;
Muzeum Lotnictwa Polskiego;(12)6428700-01;;
Muzeum Lotnictwa Polskiego;(12)6424070-71;;
Muzeum Lubelskie w Lublinie;(81)5325001-03;;
Muzeum Lubelskie w Lublinie;(81)5321743;;
Muzeum Lubuskie im. Jana Dekerta w Gorzowie Wlkp. Zespół Willowo-Ogrodowy;(95)7323814;;
Muzeum Lubuskie im. Jana Dekerta w Gorzowie Wlkp. Zespół Willowo-Ogrodowy;(95)7322843;;
Muzeum Ludowe Rodziny Brzozowskich w Sromowie;(46)8384472;;
Muzeum Łazienki Królewskie w Warszawie;(22)5060024;;
Muzeum Łazienki Królewskie w Warszawie;(22)5060174;;
Muzeum Łużyckie w Zgorzelcu;(75)6482424;;
Muzeum Martyrologiczne w Żabikowie;(61)8130681;;
Muzeum Marynarki Wojennej;(58)6201381;;
Muzeum Marynarki Wojennej;(58)6201385;;
Muzeum Mazowieckie w Płocku;(24)3647071;;
Muzeum Mazowieckie w Płocku;(24)2624493;;
Muzeum Mazowsza Zachodniego w Żyrardowie;(46)8548180;;
Muzeum Mazowsza Zachodniego w Żyrardowie;(46)8553313;;
Muzeum Mazurskie w Szczytnie;(89)6242437;;
Muzeum Mazurskie w Szczytnie;(89)6248925;;
Muzeum Miasta Gdyni;(58)6620910;;
Muzeum Miasta Gdyni;(58)7111245;;
Muzeum Miasta Jaworzna;(32)6181950-55;;
Muzeum Miasta Jaworzna;(32)6181954;;
Muzeum Miasta Mysłowice;(32)2223733w.51;;
Muzeum Miasta Ostrowa Wielkopolskiego;(62)5928052;;
Muzeum Miasta Ostrowa Wielkopolskiego;(62)5928062;;
Muzeum Miasta Zgierza;(42)7163792;;
Muzeum Miasta Zgierza;(42)7190509;;
Muzeum Michała Kajki w Ogródku;(87)4237426;;
Muzeum Michała Kajki w Ogródku;530540930;;
Muzeum Miedzi w Legnicy;(76)8624949;;
Muzeum Miedzi w Legnicy;(76)8620289;;
Muzeum Miejsce Pamięci w Bełżcu;(84)6652510;;
Muzeum Miejsce Pamięci w Bełżcu;(84)6652511;;
Muzeum Miejskie Dom Gerharta Hauptmanna;(75)7553286;;
Muzeum Miejskie Dom Gerharta Hauptmanna;(75)7556395;;
Muzeum Miejskie im. Maksymiliana Chroboka w Rudzie Śląskiej;(32)2484457;;
Muzeum Miejskie Suchej Beskidzkiej;(33)8742605;;
Muzeum Miejskie Sztygarka;(32)2623695;;
Muzeum Miejskie Sztygarka;(32)2614250;;
Muzeum Miejskie w Nowej Soli;(68)3873640;;
Muzeum Miejskie w Siemianowicach Śląskich;(32)2285080;;
Muzeum Miejskie w Siemianowicach Śląskich;(32)7668301;;
Muzeum Miejskie w Tychach;(32)3271820-22;;
Muzeum Miejskie w Zabrzu;(32)7770501;;
Muzeum Miejskie w Żorach;(32)4343714;;
Muzeum Miejskie w Żorach;(32)4757480;;
Muzeum Miejskie w Żywcu STARY ZAMEK;(33)8612124;;
Muzeum Miejskie Wrocławia;(71)3471690;;
Muzeum Miejskie Wrocławia;(71)3444785;;
Muzeum Mikołaja Kopernika;(55)2440071;;
Muzeum Mikołaja Kopernika;(55)2440072;;
Muzeum Mineralogiczne w Szkalarskiej Porębie;607100880;;
Muzeum Mineralogiczne w Szkalarskiej Porębie;603584970;;
Muzeum Minerałów i Skamieniałości TAJEMNICE KLEJNOTÓW;(41)3112116;;
Muzeum Minerałów i Skamieniałości TAJEMNICE KLEJNOTÓW;501282691;;
Muzeum Młynarstwa i Rolnictwa w Osiecznej;(65)5266250;;
Muzeum Młynarstwa i Rolnictwa w Osiecznej;601567032;;
Muzeum Monet i Medali Jana Pawła II;(34)3651982;;
Muzeum Motoryzacji i Techniki;(22)7585067;;
Muzeum Motoryzacji i Techniki;502257021;;
Muzeum Motyli Arthropoda;502494622;;
Muzeum Nadwiślańskie;(81)8810288;;
Muzeum Nadwiślańskie;(81)8810277;;
Muzeum Narodowe;(41)3446764;;
Muzeum Narodowe;(41)3442559;;
Muzeum Narodowe Rolnictwa i Przemysłu Rolno-Spożywczego w Szreniawie;(61)8107629;;
Muzeum Narodowe Rolnictwa i Przemysłu Rolno-Spożywczego w Szreniawie;(61)8107642;;
Muzeum Narodowe w Krakowie;(12)2955500;;
Muzeum Narodowe w Krakowie;(12)2955555;;
Muzeum Narodowe w Poznaniu Pałac w Rogalinie;(61)8138030;;
Muzeum Narodowe w Poznaniu Pałac w Rogalinie;(61)8138027;;
Muzeum Narodowe w Szczecinie;(91)4315200;;
Muzeum Narodowe w Szczecinie;(91)4315204;;
Muzeum Narodowe we Wrocławiu;(71)3435643;;
Muzeum Narodowe we Wrocławiu;(71)3725159;;
Muzeum Niepodległości w Warszawie;(22)8269091;;
Muzeum Niepodległości w Warszawie;(22)8273770;;
Muzeum Niepołomickie w Zamku Królewskim;(12)2813011;;
Muzeum Niepołomickie w Zamku Królewskim;(12)2619851;;
Muzeum Nikifora w Krynicy-Zdroju;(18)4715303;;
Muzeum Obozów Jenieckich;(68)4784994;;
Muzeum Obozów Jenieckich;699952877;;
Muzeum Obrony Wybrzeża;(58)6757488;;
Muzeum Okręgowe im. Leona Wyczółkowskiego w Bydgoszczy;(52)5859816;;
Muzeum Okręgowe im. Leona Wyczółkowskiego w Bydgoszczy;(52)5859912DziałPromocji;;
Muzeum Okręgowe im.Stanisława Staszica;(67)2127137;;
Muzeum Okręgowe im.Stanisława Staszica;(67)2110780;;
Muzeum Okręgowe w Koninie;(63)2427599;;
Muzeum Okręgowe w Koninie;(63)2427431;;
Muzeum Okręgowe w Lesznie;(65)5296140;;
Muzeum Okręgowe w Lesznie;(65)5296143;;
Muzeum Okręgowe w Nowym Sączu;(18)4437708;;
Muzeum Okręgowe w Nowym Sączu;(18)4437865;;
Muzeum Okręgowe w Rzeszowie;(17)8535278;;
Muzeum Okręgowe w Rzeszowie;(17)8536084;;
Muzeum Okręgowe w Sandomierzu;(15)8322265;;
Muzeum Okręgowe w Sandomierzu;(15)6445757;;
Muzeum Okręgowe w Sieradzu;(43)8224833;;
Muzeum Okręgowe w Sieradzu;(43)8223020;;
Muzeum Okręgowe w Suwałkach;(87)5665750;;
Muzeum Okręgowe w Suwałkach;(87)5651396;;
Muzeum Okręgowe w Tarnowie oddział w Zalipiu;(14)6411912;;
Muzeum Okręgowe w Toruniu;(56)6605612;;
Muzeum Okręgowe w Toruniu;(56)6224029;;
Muzeum Ordynariatu Polowego;(22)3927637;;
Muzeum Ordynariatu Polowego;(22)6873535;;
Muzeum Oręża Polskiego w Kołobrzegu;(94)3525253;;
Muzeum Oręża Polskiego w Kołobrzegu;(94)3525254;;
Muzeum PACOWA CHATA;(85)7169591;;
Muzeum PACOWA CHATA;533227704;;
Muzeum Pamiątek po Janie Matejce KORYZNÓWKA w Nowym Wiśniczu;(14)6128347;;
Muzeum Parafialne im. Św. Jana Sarkandra;(33)8530813;;
Muzeum Piastów Śląskich;(77)4164210;;
Muzeum Piastów Śląskich;(77)4163257;;
Muzeum Pienińskie im. Józefa Szalaya w Szlachtowej;(18)2622258;;
Muzeum Pierwszych Piastów na Lednicy;(61)4275010;;
Muzeum Piśmiennictwa i Drukarstwa w Grębocinie;(56)6749200;;
Muzeum Piśmiennictwa i Muzyki Kaszubsko-Pomorskiej w Wejherowie;(58)7361821;;
Muzeum Piśmiennictwa i Muzyki Kaszubsko-Pomorskiej w Wejherowie;(58)6722956;;
Muzeum Plakatu w Wilanowie;(22)8422606;;
Muzeum Plakatu w Wilanowie;(22)8424848;;
Muzeum Początków Państwa Polskiego;(61)4264641;;
Muzeum Początków Państwa Polskiego;(61)4264841;;
Muzeum Poczty i Telekomunikacji we Wrocławiu;(71)3469582-83;;
Muzeum Podhalańskie im. Czesława Pajerskiego w Nowym Targu;(18)2667776;;
Muzeum Podkarpackie w Krośnie;(13)4321376;;
Muzeum Podkarpackie w Krośnie;(13)4324301;;
Muzeum Podlaskie w Białymstoku;(85)7421473;;
Muzeum Podlaskie w Białymstoku;(85)7407739;;
Muzeum Politechniki Warszawskiej;(22)2347493;;
Muzeum Polskiej Motoryzacji XX w. Polska na Kołach;604161510;;
Muzeum Polskiej Piosenki w Opolu;(77)4413486;;
Muzeum Polskiej Piosenki w Opolu;(77)5441234;;
Muzeum Południowego Podlasia w Białej Podlaskiej;(83)3416757;;
Muzeum Południowego Podlasia w Białej Podlaskiej;(83)3434128;;
Muzeum Pomorza Środkowego w Słupsku;(59)8424081;;
Muzeum Pomorza Środkowego w Słupsku;(59)8424082;;
Muzeum Powiatowe w Nysie;(77)4355010;;
Muzeum Powiatowe w Nysie;(77)4332083;;
Muzeum Powozów Galowice;(71)3164116;;
Muzeum Powozów Galowice;519731102;;
Muzeum Powstania Warszawskiego;(22)5397905-06;;
Muzeum Powstania Warszawskiego;(22)5397924;;
Muzeum Powstań Śląskich w Świętochłowicach;(32)2452388;;
Muzeum Produkcji Zapałek;(34)3241210;;
Muzeum Produkcji Zapałek;(34)3242626;;
Muzeum Przemysłu i Kolejnictwa na Śląsku;(74)6374330;;
Muzeum Przemysłu i Kolejnictwa na Śląsku;692407401;;
Muzeum Przemysłu Naftowego i Gazowniczego im. Ignacego Łukasiewicza;(13)4333478;;
Muzeum Przemysłu Naftowego i Gazowniczego im. Ignacego Łukasiewicza;(13)4333489;;
Muzeum Przyrodnicze Uniwersytetu Wrocławskiego;(71)3225044;;
Muzeum Przyrodnicze Uniwersytetu Wrocławskiego;(71)3754156kasamuzeum;;
Muzeum Przyrodnicze w Jeleniej Górze;(75)7551506;;
Muzeum Przyrodnicze w Jeleniej Górze;(75)7557400;;
Muzeum Przyrody i Techniki EKOMUZEUM im. Jana Pazdura w Starachowicach;(41)2754083;;
Muzeum Przyrody i Techniki EKOMUZEUM im. Jana Pazdura w Starachowicach;783730094;;
Muzeum Przyrody w Drozdowie;(86)2192081;;
Muzeum Regionalne im. dr Adama Fastnachta;(13)4341856;;
Muzeum Regionalne im. dr Henryka Florkowskiego w Kościanie;(65)5122934;;
Muzeum Regionalne im. Dzieci Wrzesińskich;(61)4360192;;
Muzeum Regionalne im. Hieronima Ławniczaka w Krotoszynie;(62)7226147;;
Muzeum Regionalne im. Janusza Petera;(84)6642774;;
Muzeum Regionalne im. Janusza Petera;501094115;;
Muzeum Regionalne im. Stanisława Sankowskiego w Radomsku;(44)6850076;;
Muzeum Regionalne im. Stanisława Sankowskiego w Radomsku;(44)6835651;;
Muzeum Regionalne w Bełchatowie;(44)6331133;;
Muzeum Regionalne w Bełchatowie;(44)6330667;;
Muzeum Regionalne w Brzezinach;(46)8743382;;
Muzeum Regionalne w Chojnowie;(76)8188353;;
Muzeum Regionalne w Chojnowie;(76)8188621;;
Muzeum Regionalne w Człuchowie;(59)8342586;;
Muzeum Regionalne w Dębicy;(14)6837428;;
Muzeum Regionalne w Iłży;(48)6162929;;
Muzeum Regionalne w Jarocinie;(62)7473449;;
Muzeum Regionalne w Jarocinie;(62)7478803;;
Muzeum Regionalne w Jaśle;(13)4462359;;
Muzeum Regionalne w Jaśle;(13)4463598;;
Muzeum Regionalne w Jaworze;(76)8703086;;
Muzeum Regionalne w Jaworze;(76)8702321;;
Muzeum Regionalne w Krasnymstawie;(82)5763663;;
Muzeum Regionalne w Kutnie;(24)2547964;;
Muzeum Regionalne w Kutnie;(24)2549510;;
Muzeum Regionalne w Lubaniu;(75)7223213;;
Muzeum Regionalne w Łukowie;(25)7982716;;
Muzeum Regionalne w Opocznie;(44)7552319;;
Muzeum Regionalne w Pułtusku;(23)6925132;;
Muzeum Regionalne w Pyzdrach;(63)2205733;;
Muzeum Regionalne w Siedlcach;(25)6327470;;
Muzeum Regionalne w Siedlcach;(25)6324224;;
Muzeum Regionalne w Skawinie;(12)2560572;;
Muzeum Regionalne w Stalowej Woli;(015)8448556;;
Muzeum Regionalne w Stalowej Woli;(015)8448541;;
Muzeum Regionalne w Szczecinku;(94)3740977;;
Muzeum Regionalne w Świebodzinie;(68)4750838;;
Muzeum Regionalnym w Kozienicach im. prof. Tomasza Mikockiego;(48)6143372;;
Muzeum Regionalnym w Kozienicach im. prof. Tomasza Mikockiego;(48)6143575;;
Muzeum Rolnictwa i Młynarstwa w Rydzynie - PHU JARDI;(65)5266250;;
Muzeum Rolnictwa i Młynarstwa w Rydzynie - PHU JARDI;(65)5200802;;
Muzeum Rolnictwa im. ks. Krzysztofa Kluka;(86)2771328;;
Muzeum Rolnictwa im. ks. Krzysztofa Kluka;(86)2773857;;
Muzeum Romantyzmu;(23)6717025;;
Muzeum Rzeźby Alfonsa Karnego;(85)7327392;;
Muzeum Rzeźby Alfonsa Karnego;509336862;;
Muzeum Rzeźby im. Xawerego Dunikowskiego w Królikarni;(22)8431586;;
Muzeum Rzeźby im. Xawerego Dunikowskiego w Królikarni;(22)8536953;;
Muzeum SATURN w Czeladzi;(32)2654293;;
Muzeum SATURN w Czeladzi;(32)2654298;;
Muzeum Sądecki Park Etnograficzny;(18)4418191;;
Muzeum Sądecki Park Etnograficzny;(18)4414412;;
Muzeum Solca im. księcia Przemysła w Solcu Kujawskim;(52)3873120;;
Muzeum Sportu i Turystyki;(75)7619652;;
Muzeum Sportu i Turystyki w Warszawie;(22)5603786;;
Muzeum Sportu i Turystyki w Warszawie;(22)6371501;;
Muzeum Sprzętu Gospodarstwa Domowego;(74)8191378;;
Muzeum Sprzętu Wojskowego w Mrągowie;502540381;;
Muzeum Stanisława Staszica w Pile;(67)2131567;;
Muzeum Stanisława Staszica w Pile;(67)2153139;;
Muzeum Starożytnego Hutnictwa Mazowieckiego im. Stefana Woydy w Pruszkowie;(22)7587266;;
Muzeum Stęszew;(61)8134012;;
Muzeum Stutthof;(55)2478353;;
Muzeum Stutthof;(55)2478358;;
Muzeum Szlachty Mazowieckiej w Ciechanowie;(23)6725346;;
Muzeum Szlachty Mazowieckiej w Ciechanowie;(23)6729458;;
Muzeum Sztolni Walimskich;(074)8457300;;
Muzeum Sztolni Walimskich;607171920;;
Muzeum Sztuki Ludowej w Otrębusach;(22)7585561;;
Muzeum Sztuki Nowoczesnej w Warszawie;(22)5964010;;
Muzeum Sztuki Nowoczesnej w Warszawie;(22)5964022;;
Muzeum Sztuki w Łodzi;(42)6339790;;
Muzeum Sztuki w Łodzi;(42)6329941;;
Muzeum Śląska Cieszyńskiego;(33)8512933;;
Muzeum Śląska Cieszyńskiego;(33)8512932;;
Muzeum Śląska Opolskiego;(77)4536677;;
Muzeum Śląska Opolskiego;(77)4544611;;
Muzeum Śląskie;(32)2585661-63;;
Muzeum Śląskie;(32)2599804;;
Muzeum Ślężańskie im. Stanisława Dunajewskiego w Sobótce;(71)3162622;;
Muzeum Śremskie;(61)2835938;;
Muzeum Tatrzańskie im. Dra Tytusa Chałubińskiego w Zakopanem;(18)2015205;;
Muzeum Tatrzańskie im. Dra Tytusa Chałubińskiego w Zakopanem;(18)2012935;;
Muzeum Technik Ceramicznych w Kole;(63)2721559;;
Muzeum Techniki;(22)6566759;;
Muzeum Techniki;(22)6204710;;
Muzeum Techniki Biurowej Jan Kałuża;604808990;;
Muzeum Techniki i Komunikacji;(91)4599201;;
Muzeum Techniki i Komunikacji;(91)4599200;;
Muzeum Techniki i Militariów;887208197;;
Muzeum Techniki i Przemysłu Oddział Kuźnia Wodna w Gdańsku;690900796;;
Muzeum Techniki i Przemysłu Oddział Kuźnia Wodna w Gdańsku;601842292;;
Muzeum Techniki Militarnej i Użytkowej w Bytomiu;508064877;;
Muzeum Techniki Rzemiosła Ślusarstwo-Kowalstwo;(32)2387466;;
Muzeum Techniki Wojskowej GRYF;516008085;;
Muzeum Techniki Wojskowej GRYF;604384891;;
Muzeum Tradycji Niepodległościowych w Łodzi;(42)6327112;;
Muzeum Tradycji Niepodległościowych w Łodzi;(42)6364404;;
Muzeum Uniwersytetu Jagiellońskiego Collegium Maius;(12)6631521;;
Muzeum Uniwersytetu Jagiellońskiego Collegium Maius;(12)4222734;;
Muzeum Ustrońskie im. Jana Jarockiego;(33)8542996;;
Muzeum w Bielsku Podlaskim;(85)7302244;;
Muzeum w Bielsku Podlaskim;509336841;;
Muzeum w Bielsku-Białej;(33)8220656;;
Muzeum w Bielsku-Białej;(33)8111035;;
Muzeum w Bochni im. prof. Stanisława Fischera;(14)6122426;;
Muzeum w Bochni im. prof. Stanisława Fischera;(14)6123285;;
Muzeum w Chorzowie;(32)2413104;;
Muzeum w Chorzowie;(32)2413926;;
Muzeum w Chrzanowie im. Ireny i Mieczysława Mazarakich;(32)6235173;;
Muzeum w Chrzanowie im. Ireny i Mieczysława Mazarakich;(32)7538711;;
Muzeum w Gliwicach;(32)2310854;;
Muzeum w Gliwicach;(32)3324742;;
Muzeum w Koszalinie;(94)3432011;;
Muzeum w Koszalinie;(94)3432082;;
Muzeum w Kwidzynie;(55)6463799;;
Muzeum w Kwidzynie;(55)6463781;;
Muzeum w Lęborku;(59)8622414;;
Muzeum w Łęczycy;(24)7218997;;
Muzeum w Łęczycy;(24)7212543;;
Muzeum w Łowiczu;(46)8373928;;
Muzeum w Łowiczu;(46)8373663;;
Muzeum w Nieborowie i Arkadii;(46)8385635;;
Muzeum w Piotrkowie Trybunalskim;(44)6465272;;
Muzeum w Piotrkowie Trybunalskim;(44)6464355;;
Muzeum w Przeworsku;(16)6487145;;
Muzeum w Przeworsku;(16)6488642;;
Muzeum w Raciborzu;(32)4154901;;
Muzeum w Rybniku;(32)4327460;;
Muzeum w Rybniku;(32)4327463;;
MUZEUM w Sosnowcu;(32)3631670;;
MUZEUM w Sosnowcu;(32)3634510;;
Muzeum w Tarnowskich Górach;(32)2852607;;
Muzeum w Tomaszowie Mazowieckim im. Antoniego hr. Ostrowskiego;(44)7244848;;
Muzeum w Tykocinie;(85)7181613;;
Muzeum w Tykocinie;(85)7181626;;
Muzeum w Wałbrzychu;(74)6646030;;
Muzeum w Wałbrzychu;(74)6646031;;
Muzeum Walki i Męczeństwa TREBLINKA;(25)7811658;;
Muzeum Walki i Męczeństwa TREBLINKA;606985414;;
Muzeum Warmii i Mazur w Olsztynie;(89)5279596;;
Muzeum Warmii i Mazur w Olsztynie;(89)5272039;;
Muzeum Warszawskiej Pragi;(22)8181077;;
Muzeum Wina;(68)3272345w.29;;
Muzeum Wincentego Witosa w Wierzchosławicach;(14)6797040;;
Muzeum Witrażu przy Krakowskim Zakładzie Witrażów S.G.Żeleński;512937979;;
Muzeum Wnętrz Dworskich w Ożarowie;(43)8411724;;
Muzeum Wnętrz Pałacowych w Choroszczy;(85)7191233;;
Muzeum Wnętrz Pałacowych w Choroszczy;509336795;;
Muzeum Wnętrz w Otwocku Wielkim;(22)7694306;;
Muzeum Wnętrz w Otwocku Wielkim;(22)7808002;;
Muzeum Wojska Polskiego;(22)6295271-72;;
Muzeum Wojska Polskiego;(22)6285843;;
Muzeum Woli;(22)6243733;;
Muzeum Woli;(22)6249021;;
Muzeum Wsi Kieleckiej;(41)3449297;;
Muzeum Wsi Kieleckiej;(41)3445008;;
Muzeum Wsi Mazowieckiej w Sierpcu;(24)2752883;;
Muzeum Wsi Mazowieckiej w Sierpcu;(24)2755820;;
Muzeum Wsi Opolskiej w Opolu;(77)4743021;;
Muzeum Wsi Opolskiej w Opolu;(77)4572349;;
Muzeum Wsi Słowińskiej w Klukach;(59)8463020;;
Muzeum Wsi Słowińskiej w Klukach;(59)8326600;;
Muzeum Wydziału Nauk o Ziemi;(32)3689603;;
Muzeum Zabawek i Zabawy;(41)3444078;;
Muzeum Zabawek i Zabawy;(41)3433700;;
Muzeum Zachodniokaszubskie w Bytowie;(59)8222623;;
Muzeum Zagłębia w Będzinie;(32)2677707;;
Muzeum ZAMEK BOLKÓW;(75)7413297;;
Muzeum Zamek Górków;(61)2921813;;
Muzeum Zamek Górków;(61)2922629;;
Muzeum Zamek Książąt Pomorskich w Darłowie;(94)3142351;;
Muzeum Zamek Opalińskich Powiatowa Instytucja Kultury;(61)2952392;;
Muzeum Zamek w Dębnie;(14)6658035;;
Muzeum Zamek w Oporowie;(24)2859122;;
Muzeum Zamek w Oporowie;(24)2747058;;
Muzeum Zamek w Oświęcimiu;(33)8424427;;
Muzeum Zamkowe w Malborku;(55)6470803;;
Muzeum Zamkowe w Malborku;(55)6470802;;
Muzeum Zamkowe w Pszczynie;(32)2103037;;
Muzeum Zamku i Szpitala Wojskowego na Ujazdowie;(22)628127172;;
Muzeum Zamku i Szpitala Wojskowego na Ujazdowie;(22)6286408;;
Muzeum Zamojskie w Zamościu;(84)6386494-95;;
Muzeum Zamojskie w Zamościu;(84)6384202;;
Muzeum Zamoyskich w Kozłówce;(81)8528300;;
Muzeum Zamoyskich w Kozłówce;(81)8528303;;
Muzeum Zbrojownia na Zamku w Liwie;(25)7925717;;
Muzeum Ziemi Bieckiej w Bieczu;(13)4471950;;
Muzeum Ziemi Bieckiej w Bieczu;(13)4471093;;
MUZEUM ZIEMI CHEŁMSKIEJ im.Wiktora Ambroziewicza;(82)5652693;;
MUZEUM ZIEMI CHEŁMSKIEJ im.Wiktora Ambroziewicza;(82)5640570;;
Muzeum Ziemi Kościerskiej w Kościerzynie;(58)6800488;;
Muzeum Ziemi Kościerskiej w Kościerzynie;(58)6800489;;
Muzeum Ziemi Krajeńskiej;(52)3860864;;
Muzeum Ziemi Kujawskiej i Dobrzyńskiej we Włocławku;(54)2323625;;
Muzeum Ziemi Leżajskiej;(17)2402235;;
Muzeum Ziemi Lubuskiej w Zielonej Górze;(68)3272345;;
Muzeum Ziemi Lubuskiej w Zielonej Górze;(68)3246561;;
Muzeum Ziemi Miechowskiej;(41)2308144;;
Muzeum Ziemi Miechowskiej;530766522;;
Muzeum Ziemi Międzyrzeckiej im. Alfa Kowalskiego;(95)7421850;;
Muzeum Ziemi Międzyrzeckiej im. Alfa Kowalskiego;(95)7412567;;
Muzeum Ziemi Mogileńskiej w Mogilnie z siedzibą w Chabsku;(52)3158780;;
Muzeum Ziemi Mogileńskiej w Mogilnie z siedzibą w Chabsku;505126630;;
Muzeum Ziemi Otwockiej im. Michała Elwiro Andriollego;(22)7881545;;
Muzeum Ziemi Pałuckiej w Żninie;(52)3020293;;
Muzeum Ziemi Prudnickiej;(77)4068060;;
Muzeum Ziemi Puckiej im. Floriana Ceynowy;(58)6732229;;
Muzeum Ziemi Puckiej im. Floriana Ceynowy;(058)6732996;;
MUZEUM ZIEMI RAWICKIEJ;(065)5453575;;
Muzeum Ziemi Sochaczewskiej i Pola Bitwy nad Bzurą;(46)8623309;;
Muzeum Ziemi Szubińskiej im. Zenona Erdmanna;(52)3842475;;
Muzeum Ziemi Średzkiej Dwór w Koszutach;(61)2851023;;
Muzeum Ziemi Wałeckiej;(67)2582591;;
Muzeum Ziemi Wieluńskiej;(43)8434334;;
Muzeum Ziemi Wieluńskiej;601929303;;
Muzeum Ziemi Zawkrzeńskiej w Mławie;(23)6543348;;
Muzeum Ziemiaństwa w Dobrzycy Zespół Pałacowo-Parkowy;(62)7413039;;
Muzeum Ziemiaństwa w Dobrzycy Zespół Pałacowo-Parkowy;(62)7413486;;
Muzeum Żup Krakowskich Wieliczka;(12)2783266;;
Muzeum Żup Krakowskich Wieliczka;(12)4221947;;
Muzeum-Nadwiślański Park Etnograficzny w Wygiełzowie i Zamek Lipowiec;(32)6228749;;
Muzeum-Nadwiślański Park Etnograficzny w Wygiełzowie i Zamek Lipowiec;(32)6462810;;
Muzeum-Zamek w Łańcucie;(17)2252008-10;;
Muzeum-Zamek w Łańcucie;(17)2252012;;
MWW Muzeum Współczesne Wrocław;(71)3564250;;
Narodowe Muzeum Morskie w Gdańsku;(58)3018611-12;;
Narodowe Muzeum Morskie w Gdańsku;(58)3018453;;
Neon Muzeum;516608881;;
Oleskie Muzeum Regionalne w Oleśnie;(34)3582438;;
Ośrodek Dokumentacji i Badań Korczakianum;(22)6323027;;
Ośrodek Dokumentacji Sztuki Tadeusza Kantora CRICOTEKA;(12)4216975;;
Ośrodek Dokumentacji Sztuki Tadeusza Kantora CRICOTEKA;(12)4212840;;
Panorama Racławicka Oddział Muzeum Narodowego we Wrocławiu;(71)3441661;;
Panorama Racławicka Oddział Muzeum Narodowego we Wrocławiu;(71)3433639;;
Państwowe Muzeum Archeologiczne w Warszawie;(22)5044800;;
Państwowe Muzeum Archeologiczne w Warszawie;(22)8315195;;
Państwowe Muzeum Etnograficzne;(22)8277641-46;;
Państwowe Muzeum Etnograficzne;(22)8276669;;
Państwowe Muzeum na Majdanku;(81)7102833;;
Państwowe Muzeum na Majdanku;(81)7102821;;
Piwnice Staromiejskie;(22)5313852;;
PKP CARGO S.A. Parowozownia Wolsztyn;(68)4191787;;
PKP CARGO S.A. Parowozownia Wolsztyn;(68)4191753;;
Podziemna Trasa Turystyczna Kopalnia Węgla w Nowej Rudzie;(74)8727911;;
Polska Akademia Nauk Muzeum Ziemi w Warszawie;(22)6217624;;
Polska Akademia Nauk Muzeum Ziemi w Warszawie;(22)6298063;;
Pomorskie Muzeum Motoryzacji;(58)7128058;;
Pomorskie Muzeum Motoryzacji;513130313;;
Prywatne Muzeum Podkarpackich Pól Bitewnych;502994116;;
Prywatne Muzeum Podkarpackich Pól Bitewnych;785144346;;
PTP Muzeum Energetyki;(32)7363700;;
Rezerwat Archeologiczny - Gród Piastowski w Gieczu;(61)2859222;;
Rezerwat Archeologiczny Gród w Grzybowie;(61)8800076;;
Skansen Górniczy KRÓLOWA LUIZA - Muzeum Techniki Wojskowej w Zabrzu im. Jerzego Tadeusza Widuchowskiego;518927514;;
Skansen Górniczy KRÓLOWA LUIZA - Muzeum Techniki Wojskowej w Zabrzu im. Jerzego Tadeusza Widuchowskiego;507757431;;
Skansen NIEBOWO Krzysztof Moczek i Edyta Cieślik-Moczek;(78)5880777;;
Skansen Uzbrojenia Wojska Polskiego;(75)6429222;;
Skansen Zagroda Wsi Pszczyńskiej;604508718;;
Skansen Zagroda Wsi Pszczyńskiej;(32)2105777;;
Spichlerz Muzeum Lubuskie im. Jana Dekerta w Gorzowie Wlkp.;(95)7225468;;
Spichlerz Muzeum Lubuskie im. Jana Dekerta w Gorzowie Wlkp.;(95)7226709;;
Starosądeckie Muzeum Regionalne;(18)4460094;;
Towarzystwo Strzeleckie Bractwo Kurkowe w Krakowie;(12)4211999;;
Warszawskie Muzeum Chleba;(22)8181626;;
Wielkopolski Park Etnograficzny;(61)4275010;;
Wielkopolskie Muzeum Pożarnictwa;(061)4441158;;
WIEŻA CIŚNIEŃ;(87)4285170;;
WIEŻA CIŚNIEŃ;503091955;;
Zabytkowa Stacja Kolei Wąskotorowej w Rudach;500282732;;
Zabytkowa Stacja Kolei Wąskotorowej w Rudach;509343441;;
Zagroda Młyńska w Bogdańcu;(95)7510007;;
Zamek Królewski i Skansen w Dobczycach;518825830;;
Zamek Królewski i Skansen w Dobczycach;(12)2711176;;
Zamek Królewski w Warszawie;(22)3555170;;
Zamek Królewski w Warszawie;(22)3555127;;
Zamek KRZYŻTOPÓR;(15)8601133;;
Zamek Książąt Mazowieckich;(23)6724064;;
Zamek w Pieskowej Skale;(12)3896004;;
Zamek w Wiśniczu;(14)6128589;;
Zamek w Wiśniczu;(14)6128528;;
Żuławski Park Historyczny - Stowarzyszenie Miłośników Nowego Dworu Gdańskiego;(55)2475733;;
Żuławski Park Historyczny - Stowarzyszenie Miłośników Nowego Dworu Gdańskiego;518350563;;
Żydowskie Muzeum Galicja;(12)4216842;;
Żywiecki Park Etnograficzny;534631330;;
Centrum Sztuki Współczesnej Zamek Ujazdowski;(22)6281271-73;;
Centrum Sztuki Współczesnej Zamek Ujazdowski;(22)6287683;;
Fundacja XX. Czartoryskich;(12)3705460;;
Fundacja XX. Czartoryskich;(12)3705461;;
Gospodarstwo Agroturystyczne Skansen - mini ZOO Marian Gancarski;(74)8719184;;
MAZUROLANDIA;693616083;;
MAZUROLANDIA;513125283;;
P.P.H. MEGA Sp. z o.o.;(71)3148867;;
P.P.H. MEGA Sp. z o.o.;(71)3148808;;
Zabytkowa Kopalnia Węgla Kamiennego GUIDO;(32)6303091(sekretariat);;
Zabytkowa Kopalnia Węgla Kamiennego GUIDO;(32)2714077(rezerwacjabiletów);;
Zamek Królewski na Wawelu Państwowe Zbiory Sztuki;(12)4225155;;
