ABART Wykładziny E.M.Płowaś Sp.j.;(12)2623120;;
ABART Wykładziny E.M.Płowaś Sp.j.;502988886;;
BR WYKŁADZINY Bogdan Rosa;(22)8368051;;
Carpet Lab Sklep Internetowy FloorPlanet;(42)6342101;;
Carpet Lab Sklep Internetowy FloorPlanet;508132665;;
EKO-SYSTEM;601540640;;
EKO-SYSTEM;601390790;;
FHU PRESTIGE Grzegorz Rolnik;668555939;;
Firma Doradczo Usługowo Handlowa OBIEKT;(81)7465524;;
Inter TWF Danuta Tipolt;(22)7793060;;
Inter TWF Danuta Tipolt;696636023;;
AKORD P.H.U. Witold Gancarz;604550750;;
AKORD P.H.U. Witold Gancarz;(33)8218591;;
ALFA Sławomir Szydlik;607624423;;
ATS Wykładziny i Podłogi Obiektowe;(22)2250101;;
ATS Wykładziny i Podłogi Obiektowe;511393860;;
C.I.P. Carpet International Poland Sp. z o.o.;(61)8484629;;
Centrum Dywanowe DYWANIK;(84)6866578;;
Centrum Dywanowe DYWANIK;608620977;;
CIACH Szczepan Ciach;605565644;;
CLIP Sp. z o.o. Sklep Internetowy Carpetforyou.pl;570110110;;
Compas Sp.j. Kasperczak, Pawłowski;(61)8689596;;
Compas Sp.j. Kasperczak, Pawłowski;(61)8689492;;
DywanowySklep.pl;(85)7489407;;
EWANDER-2;(58)5624225;;
Fabryka Dywanów WELTOM S.A.;(44)7246091;;
Fabryka Dywanów WELTOM S.A.;(44)7246092;;
Hurtownia Wykładzin SYLPOL Sylwester Dzięgielewski;(48)3402215;;
JAAN Sp. z o.o.;(22)8724575;;
JAAN Sp. z o.o.;(22)8724787;;
LAGUNA 7;(42)2153017;;
PHU OKMAR;602350501;;
PHU OKMAR;(22)7538400;;
R2 Wykładziny Obiektowe;510925675;;
R2 Wykładziny Obiektowe;(22)3002357;;
ABF Profit;(91)3116064;;
ABF Profit;517096085;;
BELMAR Firma Sprzątająca;603885808;;
BOLMAR BIS Sp.j.;(58)3443294;;
BOLMAR BIS Sp.j.;602689508;;
BUDMARKUS;(71)3111537;;
BUDMARKUS;606956272;;
CHEMEX Wykładziny Dywany S.c. Roman Grabowski, Kinga Grabowska;797730059;;
CHEMEX Wykładziny Dywany S.c. Roman Grabowski, Kinga Grabowska;413751577;;
CONIVEO;(22)8109916;;
CONIVEO;(22)8139872;;
CSN Wycieraczki z Klasą;(91)4869834;;
CSN Wycieraczki z Klasą;691515915;;
DOMENA;(71)3681628;;
DOMENA;(71)3687999;;
F.H.U. MARAND;(22)3965013-15;;
F.H.U. MARAND;608583674;;
F.W. KOSTPOL Włodzimierz Kostecki;(22)6785478;;
F.W. KOSTPOL Włodzimierz Kostecki;601227967;;
Firma Wielobranżowa Satom;(77)4530561;;
Firma Wielobranżowa Satom;602452945;;
HORYZONT-SYSTEM Sp. z o.o.;(58)6828673;;
HORYZONT-SYSTEM Sp. z o.o.;510863809;;
Jan Jabłoński - czyszczenie dywanów, wykładzin, żaluzji pionowych;(32)2451665;;
Jan Jabłoński - czyszczenie dywanów, wykładzin, żaluzji pionowych;604123477;;
KONICZYNKA Sp. z o.o.;(56)6553540;;
KONICZYNKA Sp. z o.o.;(56)6487274;;
Multi-Decor Sp. z o.o.;(22)7781900;;
Multi-Decor Sp. z o.o.;(22)7781991;;
MYSTKOWSKA COMPANY;602226252;;
P.H. Amex;(42)6813540;;
P.H.U. CARPETS;783710305;;
P.H.U. PERS;(86)2727232;;
P.P.H.U. MELGO;(44)7237040;;
P.P.H.U. MELGO;(44)7236490;;
PAN DYWANIK Maciej Ganc;889661651;;
RUWIL Inwest Ireneusz Czarnecki;(71)3176133;;
RUWIL Inwest Ireneusz Czarnecki;601057913;;
Wykładziny Andrzej Gruba;(32)2203618;;
Wykładziny Andrzej Gruba;501343287;;
Berendsen Textile Service Sp. z o.o.;(58)6818496;;
Berendsen Textile Service Sp. z o.o.;(58)6818497;;
BIURO MEBLE Sp. z o.o.;(94)3731335;;
BIURO MEBLE Sp. z o.o.;(94)3740939;;
Centrum Witek Karolina Witek;(12)6226325;;
Centrum Witek Karolina Witek;(12)6226201;;
Dezynfekcja Dezynsekcja Deratyzacja Fumigacja Zakład DDD Kikulski;(13)4352512;;
Dezynfekcja Dezynsekcja Deratyzacja Fumigacja Zakład DDD Kikulski;(13)4380580;;
Edan Sp. z o.o.;(22)7169020;;
Edan Sp. z o.o.;606828428;;
GLOBAL CLEANING Profesjonalne Sprzątanie Biur;(61)8768566;;
GLOBAL CLEANING Profesjonalne Sprzątanie Biur;513088224;;
Handel Artykułami Przemysłowymi Wokulski;(52)3523896;;
Handel Artykułami Przemysłowymi Wokulski;(52)3579860;;
INVEST BIURO;(17)8579055;;
KLEEN-TEX Polska Sp. z o.o.;(41)2672500;;
KLEEN-TEX Polska Sp. z o.o.;(41)2545868;;
P.W. UNIWERSUM Sp. z o.o.;(41)3454874;;
P.W. UNIWERSUM Sp. z o.o.;(41)3660803;;
PERS Sklep Wyposażenia Mieszkań Witold Lisowski;508057319;;
PERS Sklep Wyposażenia Mieszkań Witold Lisowski;(12)6442683;;
Stabil Security Sp. z o.o. - Stabil Serwis Sp. z o.o.;(71)3481228;;
Stabil Security Sp. z o.o. - Stabil Serwis Sp. z o.o.;515133952;;
Clean Master;502854444;;
Firma MIGO 1 S.c. Trzcionka, Gołda;(32)2421994;;
Firma MIGO 1 S.c. Trzcionka, Gołda;501021188;;
Klimat Serwis Sp. z o.o.;(85)6525486;;
M3 Pachucki Zawadka Sp.j.;(89)5320900-02;;
M3 Pachucki Zawadka Sp.j.;(89)5320903;;
ADDAN Wod-Kan.Co.;(14)6760572;;
ANDA;504218597;;
CARO Dywaniki Samochodowe;505138928;;
CLEAN SERVICE Profesjonalne Utrzymanie Czystości;505671414;;
FATO S.c.;508114675;;
FATO S.c.;(34)3245525;;
HERMES Dekoracja Okien i Tekstylia Hotelowe;(58)6712205;;
HERMES Dekoracja Okien i Tekstylia Hotelowe;534304050;;
Madoma Sp. z o.o.;(13)4369354;;
MATTE Sp. z o.o.;(32)7242524;;
MATTE Sp. z o.o.;692987987;;
P.U. Szydełko;601213653;;
SIETEJKO Car Detailing;507611446;;
SK-BŁYSK;606956765;;
Spirydon-As Spyridon Cumanis;(91)4832044;;
Spirydon-As Spyridon Cumanis;(91)4328363;;
SZOP S.c. PRALNIA;601778973;;
SZOP S.c. PRALNIA;(91)4633942;;
SzopPracz S.c.;(22)6791880;;
Śląskie Centrum Czystości MARTEX PRO SYSTEM S.c.;602314791;;
Śląskie Centrum Czystości MARTEX PRO SYSTEM S.c.;600235147;;
TAMARO Sp. z o.o. Wypożyczalnia MebloStrefa;603051164;;
TAMARO Sp. z o.o. Wypożyczalnia MebloStrefa;603051167;;
ACCO pranie wykładzin, czyszczenie dywanów i tapicerki meblowej;607633574;;
D.K. Daniel Kowalczyk;512570954;;
DOM BEZ ALERGII profesjonalne pranie dywanów;518319309;;
Fabryka Dywanów Katarzyna Moskal;726813733;;
filan;505822082;;
GAMAT-FLOOR Piotr Galus, Mateusz Wójcikowski S.c. Sklep Partnerski BEL-POL;570434455;;
HASTA Michał Wawrzak;506974086;;
LatajacyDywan;509791639;;
P.P.H.U. MARS Jasło;(13)4463605;;
P.P.H.U. MARS Mielec;(17)5837102;;
P.P.H.U. MARS Tarnów;(14)6300100;;
Pranie Dywanów;730010256;;
Pranie Dywanów Marcin Serzysko;886378528;;
Przedsiębiorstwo Usługowe Kamyjka;603232261;;
Space Flooring WYKŁADZINY;666552564;;
3K Sp. z o.o.;(48)3835241;;
A-WIK Pranie Dywanów i Czyszczenie Tapicerek;796552320;;
A.WITEK Anna Witek;(12)6623622;;
A.WITEK Anna Witek;(12)6623624;;
AA STUDIO PROJECT;517236110;;
AA STUDIO PROJECT;535606202;;
AAKON Cezary Gawron;(22)6744070;;
AAKON Cezary Gawron;501926176;;
AB Logic Sp. z o.o.;(42)6893560;;
AB Logic Sp. z o.o.;(42)6893585;;
ABAKUS Tomasz Bryłka;600030765;;
ABAKUS Tomasz Bryłka;(91)4625270;;
ABC;602111227;;
ACCORA;502204521;;
ACCORA;(22)3981333;;
ACE24 Michał Kleszcz;694269463;;
ACTIVE-CLEAN Mariusz Bozio;602669079;;
ACTUAL WEAVER INCORPORATION Sp. z o.o.;(022)7506605;;
ACTUAL WEAVER INCORPORATION Sp. z o.o.;(022)7567260;;
ADS Czyszczenie Profesjonalne Aneta Skrzypczyk;609465702;;
AF.TEPPICH;(71)3258961;;
AF.TEPPICH;501148510;;
AGA Bartosz Dobiech;667888853;;
AGA Firma Usługowa Paweł Borowski;(22)6659883;;
AGA Firma Usługowa Paweł Borowski;501978060;;
Agat Serwis Sp. z o.o.;(085)6753223;;
Agat Serwis Sp. z o.o.;504122676;;
Agencja Handlowa DANA;(68)4542442;;
AGMAR-PROF Mariusz Tasz;609737291;;
AGMAR-PROF Mariusz Tasz;661432547;;
AGNES Andrzej Zawistowski;(22)6195767;;
AGNES Andrzej Zawistowski;608104894;;
AJP Hurtownia Dywanów;(32)3701112;;
AJP Hurtownia Dywanów;506033060;;
AKCILA Centrum Dywanowe;(81)7501428;;
AKCILA Centrum Dywanowe;(81)4417499;;
ALEX Firma Ogólnobudowlana Aleksander Lewandowski;(61)6708210;;
ALEX Firma Ogólnobudowlana Aleksander Lewandowski;509662835;;
ALFA Wykładziny Obiektowe;(61)8115009;;
ALFA Wykładziny Obiektowe;691330412;;
ALLADYN;(17)2502784;;
ALLADYN;500245549;;
Alladyn-Dywany Orientalne;(22)3197524;;
Alladyn-Dywany Orientalne;501076959;;
ALTON Piotr Łuczak;600089188;;
ALTON Piotr Łuczak;(63)2442937;;
ALTOP;509300818;;
ALTOP;(012)3581217;;
ALTRO;602738109;;
AMPEL Sp.j.;(61)8125171;;
AMPEL Sp.j.;(61)6521818;;
ANDORA Andrzej Kwiatkowski;(22)8352774;;
ANDORA Andrzej Kwiatkowski;602341638;;
AQUARIUS;513010059;;
ARRAS PPHU;606973725;;
ARRAS PPHU;(34)3683622;;
ARRAS Sklep Wielobranżowy;(74)8657114;;
ArrasPlus S.c.;793711548;;
Art Clean;(41)3611043;;
Art Clean;503442470;;
ART KUL TUR Sp. z o.o.;(91)4314433;;
ART KUL TUR Sp. z o.o.;(91)4314440;;
ART-FLOOR;(68)4518342;;
ART-FLOOR;602332743;;
ART-KAR Artur Więcław;500215711;;
ART-KAR Artur Więcław;(34)3505059;;
AS Zdanowicz Sp. z o.o. Wytwórnia Wycieraczek Systemowych;508186480;;
AS Zdanowicz Sp. z o.o. Wytwórnia Wycieraczek Systemowych;514402554;;
AURA Sp. z o.o.;602268497;;
AURA Sp. z o.o.;(61)4264364;;
AUTOGEN;605680360;;
AZ Clean - Twoja Pralnia Dywanów;535850080;;
BALTA-INVEST;692381021;;
BALTA-INVEST;531821400;;
Batronic MB Sp. z o.o.;(12)4150174;;
Batronic MB Sp. z o.o.;660751121;;
Bearman;883137631;;
Bearman;(22)6195767;;
Bergline;601602499;;
Bergline;693603102;;
Best Quality Sklep Internetowy topdywan.pl;502222444;;
BESTFLOOR;609565667;;
BIOKARPET;(25)7586313;;
BIOKARPET;(25)7582993;;
BISS;(24)2627733;;
Biuroinvest Sp. z o.o.;(12)4131434;;
BizBay.pl Mirosław Pac;501472097;;
BLIZCOM;783783401;;
BRAPOL Sp.j.;(58)6681810;;
BRAPOL Sp.j.;(58)6633222;;
BUDOMAS-S S.c.;(71)7966916;;
BUDOMAS-S S.c.;601097627;;
Budowlane Prace Wykończeniowe SASIK Sp. z o.o.;600252446;;
Budowlane Prace Wykończeniowe SASIK Sp. z o.o.;600370903;;
BUDWIT&KUBACKI S.c.;(22)6183119;;
BUDWIT&KUBACKI S.c.;601232040;;
BUKO S.c.;(59)8415340;;
BUKO S.c.;601614093;;
CA ELEMENTS Sławomir Lasek ślicznedywany.pl;(56)6757032;;
CA ELEMENTS Sławomir Lasek ślicznedywany.pl;(56)6518340;;
CALIFORNIA PRODUCTS LTD. Sp. z o.o.;(75)7442871;;
CALIFORNIA PRODUCTS LTD. Sp. z o.o.;(75)7443050;;
CARE.BY;(22)2241530;;
CARE.BY;514931845;;
CARPET;508247708;;
CARPET;(18)5404343;;
CARPET SERVICE;883404444;;
CARPET SERVICE;603530445;;
CARPET STUDIO Sp. z o.o.;602184630;;
CARPET STUDIO Sp. z o.o.;602184570;;
Carpeteco;609976473;;
Carpeteco;537464495;;
CARPETING Wykładziny Obiektowe;571278218;;
CARPETS & MORE;(22)1120139;;
CARPETS GROUP Sp. z o.o. Sp.komandytowa;(32)7409696;;
CARPETS GROUP Sp. z o.o. Sp.komandytowa;602721070;;
Chemifarb S.A.;(17)8506760;;
Chemifarb S.A.;(17)8625424;;
CLARO-SILESIA Adam Wanczura;0800703024;;
CLARO-SILESIA Adam Wanczura;(32)7934562;;
Clean Fast;791454919;;
CLEAN SERVICE Justyna Pajączek;661834460;;
Clean-Service S.c.;(42)6886188;;
Clean-Service S.c.;501309405;;
CleanCar Grzegorz Wilkołazki;515910627;;
CleanerSerwis;784107823;;
CleanerSerwis;608529814;;
Cleaning System - Czyszczenie Dywanów;519834466;;
Cleaning Systems;605347886;;
CLEANSAT;731486555;;
CLIS Pranie, Czyszczenie;508652030;;
COBU DESIGN;(32)7186454;;
COBU DESIGN;(32)7186459;;
Commercium World Contract Carpet Sp. z o.o.;(32)2058090;;
Commercium World Contract Carpet Sp. z o.o.;(32)2058007;;
Complex-Clean;880640777;;
Complex-Clean;513967466;;
CON-SYSTEM Karwowski Krzysztof;509936731;;
Condrad;(85)6525976;;
CONTRACT;(32)6177314;;
CONTRACT;600417825;;
CSF Polska www.pranie.info;511616616;;
Czyszczenie Dywanów i Wykładzin;669811759;;
Czyszczenie Dywanów Socha Przemysław;(63)2429571;;
Czyszczenie Dywanów Socha Przemysław;785979625;;
Czyszczenie Dywanów Tapicerki Zdzisław Wechterowicz;(22)8235940;;
Czyszczenie Dywanów Tapicerki Zdzisław Wechterowicz;502155345;;
Czyszczenie Dywanów, Wykładzin i Tapicerki;693870823;;
CZYSZCZENIE.biz.pl;728656875;;
CZYSZCZENIE24.pl;698693243;;
CZYSZCZENIE24.pl;791989143;;
Czyszczeniekarcher.pl;506994546;;
DAB Firma Wielobranżowa;(61)4242588;;
DAM-POL;501898579;;
Damat S.c.;511785605;;
Damat S.c.;504155245;;
DĄBEK - Centrum Sprzedaży Wykładzin Przemysłowych;604647247;;
DĄBEK - Centrum Sprzedaży Wykładzin Przemysłowych;604204289;;
Decorman.pl;(75)7346312;;
DEMI Wykładziny;(68)4518342;;
DEMI Wykładziny;602332743;;
DH DOMINO Sp. z o.o.;(61)8271349;;
DIAMOND M&DM;601971666;;
DIRECT PROJECT;608593111;;
DIRECT PROJECT;(22)4275931;;
DIVAN Pranie Dywanów i Tapicerek Adrian Pitrasz;783319214;;
DIVAN Pranie Dywanów i Tapicerek Adrian Pitrasz;511923872;;
DOM-SERVICE Jerzy Dziedziński;(59)8631455;;
DOM-SERVICE Jerzy Dziedziński;604412021;;
Dom.Car.Pranie Pranie Dywanów - Czyszczenie Tapicerki;784546656;;
DomoStyl;609555564;;
DWM MATYSEK Sprzedaż Wykładzin i Dywanów Helena Matysek;(46)8157300;;
DWM MATYSEK Sprzedaż Wykładzin i Dywanów Helena Matysek;509447744;;
Dywan Serwis;(58)3512416;;
Dywan Serwis;609747605;;
DYWANOPOL POLSKA Arkadiusz Aleksiewicz;(77)4333156;;
Dywanowe Inspiracje;668772233;;
Dywany i tkaniny;(86)2722805;;
Dywany Łuszczów;(81)7501185;;
Dywany Łuszczów;(81)7501215;;
Dywany Orientalne;(58)5510909;;
Dywany Orientalne;502403844;;
DYWANY-ONLINE.pl S.c.;728779259;;
DYWATEX Bartosz Leśniak;(32)2874029;;
DYWATEX Bartosz Leśniak;(32)7600443;;
DYWILAN S.A.;(42)2536486;;
DYWILAN S.A.;(42)2536480;;
E-maty;(41)2020354;;
E-maty;(41)3456510;;
EBM EKSTRA CZYSTO Bartosz Mielnik;513008115;;
Ecoclean;519196572;;
Edecor;600337733;;
Efekt Sieńko Teresa Sieńko;(58)6644383;;
Efekt Sieńko Teresa Sieńko;607884450;;
EKOFLOR;(71)7234880;;
EKOFLOR;(71)7234881;;
EMKA Pranie Dywanów, Wykładzin i Mebli;791115227;;
EMKA Pranie Dywanów, Wykładzin i Mebli;790028227;;
Emma Interior Design Mariusz Marciniszyn;(74)8523018;;
Emma Interior Design Mariusz Marciniszyn;600855436;;
epranie-dywanow.pl;502296520;;
Ergoprotect;(61)2967484;;
Ergoprotect;(61)2967485;;
EURO-SERVICE Paweł Rząd;697697652;;
EWEX Ewa Początko;698987969;;
EXPERT;(32)3401820;;
EXPERT;509985012;;
EXPERT Zbigniew Tkacz;(34)3697386;;
EXPERT Zbigniew Tkacz;601583146;;
F.H. DEKORLAND Naglik Grzegorz;(33)8486007;;
F.H. DYWANIK Wojciech Franczak;(16)6210950;;
F.H. HALMA Halina Mrozek;(58)5326377;;
F.H. HALMA Halina Mrozek;(58)5303333;;
F.H. MEGACHEM Jakub Prokopowicz;512117510;;
F.H. Sobpol Szczepan Sobera;(32)2865029;;
F.H. Sobpol Szczepan Sobera;602670851;;
F.H.U MAX & RUGS Mariusz Adamczyk;783411783;;
F.H.U PERS;(59)8457380;;
F.H.U STYLOGIA;509124615;;
F.H.U. BATNA Sylwia Siudej;(91)4212723;;
F.H.U. BATNA Sylwia Siudej;(91)8136313;;
F.H.U. Camico;504404040;;
F.H.U. CZYSTEX;(33)8229394;;
F.H.U. CZYSTEX;606469828;;
F.H.U. Grzegorz Krawczyk;514088046;;
F.H.U. Hubert;(16)6784830;;
F.H.U. Hubert;507075545;;
F.H.U. JOKA J.J.Wsół S.c.;(32)2050800;;
F.H.U. JOKA J.J.Wsół S.c.;(32)2050999;;
F.H.U. Jordan Profesjonal;793201120;;
F.H.U. JOSEF Józef Słonina;502383521;;
F.H.U. Pager;(22)7417322;;
F.H.U. PERS Piotr Kasprzyk;(12)6364949;;
F.H.U. PERS Piotr Kasprzyk;691353409;;
F.H.U. PRESTO;(41)3750505;;
F.H.U. PRESTO;603236748;;
F.H.U. RAMIS;(22)6639424;;
F.H.U. RAMIS;602104989;;
F.P.H.U. Wanda;(32)7547449;;
F.P.H.U. Wanda;887038152;;
F.U. ABARTO;(12)4270445;;
F.U. ABARTO;502923829;;
F.U. Basta;784327810;;
F.U. BŁYSK;(77)4336090;;
F.U. BŁYSK;602584426;;
F.U. EKO-BŁYSK;506033259;;
F.U. Sindbad;(58)6724391;;
F.U. Sindbad;601416463;;
F.U. Sunny;(58)7822674;;
F.U. Sunny;509934930;;
F.U.H. Lux;600325964;;
Fabryka Dywanów AGNELLA S.A.;(85)6752551;;
Fabryka Dywanów AGNELLA S.A.;(85)6752471;;
Fabryka Dywanów Kietrz;(77)4854301;;
Fabryka Dywanów Kietrz;600093642;;
FHU 3S Adrian Dul;660302050;;
FHU Antoni Kwiatkowski;(17)8717772;;
FHU Antoni Kwiatkowski;601508046;;
FHU BLASK;500850166;;
FHU DYWAN;602256877;;
FHU GoFresh;797618929;;
FHU Tom-poż Tomasz Rusołowski;(32)2029338;;
FHU Tom-poż Tomasz Rusołowski;605120916;;
Firma B&Ł;(061)4417311;;
Firma B&Ł;506854775;;
Firma Burzyński - Beata Burzyńska;(61)6229605;;
Firma Burzyński - Beata Burzyńska;609180926;;
Firma Czyszcząca WywabMnie-Stacjonarna Pralnia Dywanów;(12)3573736;;
Firma Czyszcząca WywabMnie-Stacjonarna Pralnia Dywanów;501787846;;
FIRMA EKO CZYSZCZENIE;(77)4558167;;
FIRMA EKO CZYSZCZENIE;501087606;;
Firma GREŃ;502755041;;
Firma Handlowa DUX S.c. Tomasz Dudziak Krystyna Dudziak;604460570;;
Firma Handlowa Frankiewicz;(42)2130118;;
Firma Handlowa Frankiewicz;(42)2130218;;
Firma Handlowa JAWI;607407110;;
Firma Handlowa JAWI;(32)2481416;;
Firma Handlowa KOBALT S.c.;513023516;;
Firma Handlowo-Usługowa ALE;608777990;;
Firma Handlowo-Usługowa Leszek Kutkowski;(67)2136054;;
Firma Handlowo-Usługowa Leszek Kutkowski;602672614;;
Firma K.A.Z;(33)8291527;;
Firma K.A.Z;509284266;;
Firma KompleksDom;696783279;;
Firma Produkcyjno-Handlowa KOLOREX Sp. z o.o.;(17)2291580;;
Firma Produkcyjno-Handlowa KOLOREX Sp. z o.o.;(17)2293026;;
Firma Przedstawicielsko-Handlowa J.Jakubiak Sp. z o.o.;(42)2536500;;
Firma Przedstawicielsko-Handlowa J.Jakubiak Sp. z o.o.;(42)6303380;;
Firma ROB-MAR;509756951;;
Firma Sprzątająca ANNA;609208170;;
Firma Sprzątająca ANNA;666701135;;
Firma Sprzątająca SOLARIS;(61)8184299;;
Firma Sprzątająca SOLARIS;502332275;;
Firma Sprzątająca WICHER Sp. z o.o.;510215366;;
Firma SZOP;(22)6184299;;
Firma SZOP;501931644;;
Firma Usługowa ELWAL Waldemar Łata;503036220;;
Firma Usługowa ELWAL Waldemar Łata;(41)2495073;;
Firma Usługowa FASADA;(22)6190598;;
Firma Usługowa FASADA;608062336;;
Firma Usługowa KRZYSZTOF;724454095;;
Firma Usługowa KRZYSZTOF;692885954;;
Firma Usługowa Piotr Barnaś;787892064;;
Firma Usługowa TAD Tomasz Zieliński;664194330;;
Firma Usługowo Handlowa Turban Maciej Spanner;(58)3448805;;
Firma Usługowo Handlowa Turban Maciej Spanner;603651964;;
Firma Usługowo-Handlowa Tomasz Parol;(12)2630022;;
Firma Usługowo-Handlowa Tomasz Parol;604647294;;
Firma ŻMUDA;501103122;;
FLOKO Sp.j.;(71)3516266;;
FLOKO Sp.j.;(71)3516241;;
FLOOR INVEST Sp. z o.o.;(32)4343331;;
FLOOR INVEST Sp. z o.o.;609010610;;
FLOOR-POL Marcin Walkusz;605655537;;
FloorMos;501504451;;
Forbo Flooring Poland;(61)8621382;;
Forbo Flooring Poland;(61)6229971;;
Format S.c. Studio Wykładzin Podłogowych;600283202;;
Format S.c. Studio Wykładzin Podłogowych;600283468;;
FOSSA;(22)3536281;;
FOSSA;(22)3714164;;
GALAXUS Jacek Kaszuba;606851068;;
GB TRADE - Sklep Internetowy DYWANTE.pl;(71)7122487;;
GB TRADE - Sklep Internetowy DYWANTE.pl;0801014187;;
Gerflor Polska Sp. z o.o.;(61)8233401;;
Gerflor Polska Sp. z o.o.;(61)8233433;;
GLOBAL;(71)7255237;;
GLOBAL;784936353;;
GNIAZDOWSKI;601385380;;
Gold Floor;880666755;;
Gold Floor;539616156;;
GOLISZEK-Centrum Podłogi;(71)7812921;;
GOLISZEK-Centrum Podłogi;(71)7812922;;
GRZEGRZÓŁKA;507057977;;
HAGAR;(58)6649220;;
HAGAR;(58)6649086;;
HANDEL IMPORT-EXPORT Sklep Internetowy Swiatdywanow.pl;506929653;;
Hermes;(34)3249251;;
Hermes;609300398;;
Hr Bjorkmans Maty Wejściowe Sp. z o.o.;(22)4255854;;
Hr Bjorkmans Maty Wejściowe Sp. z o.o.;(22)4255855;;
Hurtownia Dywanów AJP;(32)3701112;;
Hurtownia Dywanów AJP;532378888;;
Hurtownia Dywanów BARTNICKI-BOROWCZYK;(71)7925209;;
Hurtownia Dywanów GREGOR;(22)3553185;;
Hurtownia Dywanów GREGOR;888382908;;
Hurtownia Dywanów Maszynowo i Ręcznie Tkanych NDS-KAUKAS POLAND;(32)2156054;;
Hurtownia Dywanów Maszynowo i Ręcznie Tkanych NDS-KAUKAS POLAND;(32)2156136;;
Hurtownia Dywanów SINDBAD;604815317;;
Hurtownia Dywanów SINDBAD;696474414;;
Hurtownia KAMELEON art. przemysłowe M.Martowicz, S.Martowicz Sp.j. Sklep Partnerski KOMFORT;(13)4640020;;
Hurtownia KAMELEON art. przemysłowe M.Martowicz, S.Martowicz Sp.j. Sklep Partnerski KOMFORT;(13)4398058;;
Hurtownia Wykładzin i Dywanów CZAJKA;(67)2168226;;
Hurtownia Wykładzin i Dywanów CZAJKA;(67)2164534;;
INBAU Sp. z o.o.;(12)4161022;;
INBAU Sp. z o.o.;608208061;;
INEKO - INEFLOOR Wykładziny Obiektowe;(22)4894243;;
INEKO - INEFLOOR Wykładziny Obiektowe;(22)4896768;;
Instal-M;601658892;;
Instal-M;601321309;;
INTER-MOTO-DOM;784056859;;
INTER-MOTO-DOM;660754723;;
Interface Polska Sp. z o.o.;(22)8624469;;
Interface Polska Sp. z o.o.;500151101;;
Interviol Sp.j.;(94)3517410;;
Interviol Sp.j.;(94)3518874;;
INTERWAT;(42)6743322;;
INTERWAT;(42)6740455;;
Interwat Sp.j.;534461584;;
Interwat Sp.j.;(42)6743322;;
IPTEAM.PL Sp. z o.o.;(32)2320978;;
IT-POL;(42)6511854;;
ITALEX Angelika Jackiewicz;535837874;;
IWA Wykładziny Obiektowe Sp. z o.o.;602724002;;
IWMAR S.c.;(71)3371401;;
IWMAR S.c.;602773316;;
JARPO Sp. z o.o.;(52)3669225;;
JARPO Sp. z o.o.;(52)3669227;;
JARPOL PPH;(42)6518269;;
JARPOL PPH;(42)6121723;;
JPS Jacek Hamada;790210210;;
JUKAPUC Jasłowski Marcin;608040659;;
K&R Consulting Group - Idealny Dywan;606344003;;
KAMROS;(22)3959376;;
KAMROS;512628137;;
KANAPIS;505414543;;
Kar-Tex Sp. z o.o.;(42)6824329;;
Kar-Tex Sp. z o.o.;(42)6824330;;
Karcher Poznań 24;793021530;;
KARIM;(32)2261280;;
KARIM;662076421;;
KENO Firma Produkcyjno-Handlowa;(43)6712229;;
KENO Firma Produkcyjno-Handlowa;(43)6712230;;
KERROS S.c. A.Kuźnik, I.Kuźnik;(32)4331226;;
KERROS S.c. A.Kuźnik, I.Kuźnik;(32)4331227;;
KING FLOOR Artur Sołtysik;533800076;;
KLEDOM;(14)6815103;;
KOMFORT pralnia dywanów;690010010;;
KOMFORT S.A.;(42)6623600;;
KOMFORT S.A.;(42)6623604;;
Kompleksowe Usługi Piorące Olgierd Gmaj;692032818;;
KONCEPT Sp. z o.o.;(61)8480036;;
KONSTANS;601074605;;
KONSTANS;695435105Wrocław;;
KORADO;698429743;;
KORADO;782227000;;
Kornas Sp. z o.o.;(22)3163246;;
Kornas Sp. z o.o.;512182241;;
Kornatowski Wojciech Czyszczenie Dywanów;663744633;;
Kornatowski Wojciech Czyszczenie Dywanów;(48)3310188;;
KOS Wykładziny Igor Kłosowski;512288644;;
KOS Wykładziny Igor Kłosowski;(33)8171408;;
Kowary Dywan Sp. z o.o.;795522022;;
Kowary Dywan Sp. z o.o.;(75)6467487;;
Kowary-Dywan Sp. z o.o.;(75)7446464;;
Kowary-Dywan Sp. z o.o.;795520255;;
KRAM Pralnia Dywanów i Verticali A.i W.Wielgosz;(22)8187424;;
KRAM Pralnia Dywanów i Verticali A.i W.Wielgosz;501751911;;
Krzysztof Kramarzewski Aklema;666222092;;
L-TOM systemy podłogowe;602296725;;
Labohaterium Czystości;792640890;;
LAKUZA S.c. Mariusz Zawadzki, Marek Lalek, Krzysztof Kupisiński;(42)2141040;;
LARGO Lesław Kowalski;(71)3595735;;
LARGO Lesław Kowalski;601554261;;
LAUTUS;506060911;;
LEDOM;605991950;;
LENTEX S.A.;(34)3515600;;
LENTEX S.A.;(34)3515601;;
LIDER;662145640;;
LIDER;(22)3746478;;
LIDER Iwona Sozańska;(95)7375208;;
LIDER Iwona Sozańska;(95)7375260;;
LIDER KONTRAKT Robert Grudkowski;(22)7714473;;
LIDER KONTRAKT Robert Grudkowski;(22)7811054;;
LINOMAX;880536768;;
LUPUS S.c.;(022)7361572;;
LUX SERVICE;725477233;;
Ładyga-Gorzkowski;501442212;;
MAG & MAR;(85)7103056;;
MAG & MAR;514624859;;
Majkbud;793212507;;
Makro Abra Sp. z o.o.;(34)3710180;;
MAŁGOSIA;(17)7735212;;
MAŁGOSIA;501777250;;
MANRELLI Maciej Żyłka;(71)7905030;;
MANRELLI Maciej Żyłka;693672258;;
MAR-GO Małgorzata Fornalkiewicz;(68)3471445;;
MARBEX Sp. z o.o.;(44)7242817;;
MARBEX Sp. z o.o.;(44)7245256;;
MARDAR-Cleaning Mariusz Staniszewski;502546352;;
MARDAR-Cleaning Mariusz Staniszewski;505073119;;
MAREM;(22)7585049;;
MAREM;(22)7585557;;
Market-Matt;(63)2111412;;
MATADOOR Sp. z o.o.;(22)7442100;;
MATADOOR Sp. z o.o.;(22)6795628;;
MATEO;693472777;;
MATEO Iwona Dworak;691383869;;
MATRAX;(22)8141689;;
MATRAX;502062967;;
Maxclean Sp. z o.o.;(58)3068004;;
Maxclean Sp. z o.o.;504221768;;
MAXFLOOR Wojciech Głogowski;505824714;;
MAXFLOOR Wojciech Głogowski;(52)3824135;;
MaxFloor.eu - Barbara Szmuk;531993987;;
MaxPers Hurtownia Dywanów;600859919;;
MEJN.pl;796703279;;
MiMar Sp. z o.o. Sp.komandytowa;(17)8631730;;
MJ Serwis;509110979;;
MJ Serwis;(58)3443819;;
Moho Design Sp. z o.o.;(32)2530326;;
MOKRAROBOTA24.PL Sprzątanie Obiektów;(22)7840623;;
MOKRAROBOTA24.PL Sprzątanie Obiektów;698274757;;
MONDIS - Wykładziny Obiektowe;508140448;;
MotoClean;880266656;;
MP-SERWIS;512485103;;
Mr Karcher;(61)8325657;;
Multus;(32)7409696;;
NASZ SUKCES Agata Rajchel;504015014;;
NASZ SUKCES Agata Rajchel;508260103;;
Naturalny Stan;511260360;;
NORSK;603055800;;
Nova Market Hurtownia i Salon Wykładzin i Dywanów;(75)7523809;;
NOVA Technologie Obiektowe;(022)8798801-04;;
NOVA Technologie Obiektowe;(022)8798801;;
NOVITAK Krzysztof Walczyński;(68)4561536;;
NOVITAK Krzysztof Walczyński;(68)4561537;;
OL-KA;609471624;;
OMEGA CLEAN;507717540;;
Omega Kontrakt;(022)8774077;;
Orangeria Sklep Internetowy igolo.pl;730555025;;
ORIENT PALACE;(22)8503708;;
ORIENT SERWIS pralnia dywanów;790707007;;
ORIENT SERWIS pralnia dywanów;531371993;;
Oriental Polska Sp. z o.o. Serwis e-Dywan.com;(22)7534610;;
Oriental Polska Sp. z o.o. Serwis e-Dywan.com;516107595;;
ORNAMENTO Sklep Internetowy Ornamento.pl;(71)7259254;;
P.H. Amex;(42)6407348;;
P.H. PODLASIAK;(085)7432660;;
P.H. PODLASIAK;(085)7432665;;
P.H. Stanmark;(43)8223095;;
P.H. Stanmark;(43)8260062;;
P.H.U FATIMA Sp.j. M.Dyl & E.Dyl;(25)6444977;;
P.H.U FATIMA Sp.j. M.Dyl & E.Dyl;(25)6322004;;
P.H.U PIOLO Piotr Chojnowski;510036475;;
P.H.U. CARPET;(12)2766642;;
P.H.U. CARPET;512230532;;
P.H.U. CARPET F.M.;(22)4121110;;
P.H.U. CARPET F.M.;(22)4121010;;
P.H.U. Chaos Design;(43)8434022;;
P.H.U. Chaos Design;601344292;;
P.H.U. DORGS;504546919;;
P.H.U. Dywanik Filip Pilarczyk;691833664;;
P.H.U. KLEA Krzysztof Łabuń;(91)4262096;;
P.H.U. KLEA Krzysztof Łabuń;601855658;;
P.H.U. Marek Szczęsny;(66)8289561;;
P.H.U. Marek Szczęsny;792455151;;
P.H.U. MARKET;(76)7213028;;
P.H.U. Sław Pol;(74)8424586;;
P.H.U. TODA;(61)4244008;;
P.H.U. Viktor Jacek Julkowski;601847773;;
P.H.U.P. Kubar;506102013;;
P.P.H.U. MI-EL Mirosław i Elżbieta Michlewicz;(22)7860755;;
P.P.H.U. MI-EL Mirosław i Elżbieta Michlewicz;508261845;;
P.P.H.U. SVIW;(34)3201185;;
P.W. DYWAN-MIX;(82)5762397;;
P.W. DYWAN-MIX;(82)5760606;;
P.W. KINGA - Sklep Internetowy Tapiso.pl;506404185;;
P.W. VESA;(24)2687220;;
P.W. VESA;602426812;;
PACO`s CLEAN - SUNSHINE CLEANING;503450355;;
PACO`s CLEAN - SUNSHINE CLEANING;503450175;;
PALMAR;668042444;;
PAMILUX;(32)7263423;;
PAMILUX;888996699;;
Pan Czyścik;504730585;;
PERFECT;(61)8776672;;
PERFECT CLEAN;608425761;;
PERFEKT;505488987;;
PERFEKT;504831322;;
PERS S.c.;(32)2984416;;
PERS S.c.;513013872;;
PERS Świat Dywanów;(95)7291793;;
PERSA Sp. z o.o.;(68)3240311;;
PERSA Sp. z o.o.;(68)3290092;;
PERSONA Sp. z o.o.;(58)5544442;;
PERSONA Sp. z o.o.;(58)5548285;;
PETERBUS Lewandowscy Sp.j.;600697528;;
PETERBUS Lewandowscy Sp.j.;600068818;;
PHMB ARTBUD Bodzon Alfred;(022)6756935;;
PHMB ARTBUD Bodzon Alfred;(022)8848606;;
PHU ADAMEX;606788015;;
PHU KUBUS Jakub Kozieł;503385615;;
PHU KUBUS Jakub Kozieł;509976694;;
PHU Tanie Pranie Dywanów;665034449;;
PILMARK Sebastian Zühlke;601376647;;
PM Flooring Sp. z o.o. Sp.komandytowa;(22)7989571;;
PM Flooring Sp. z o.o. Sp.komandytowa;(22)7534829;;
PODKOWA;(22)7589259;;
PODKOWA;(22)7291910;;
Polentex Limited Sp. z o.o.;(58)3418677;;
Polentex Limited Sp. z o.o.;(58)3421726;;
Polflor Sp. z o.o.;(61)8203155;;
Polflor Sp. z o.o.;(61)8203135;;
POLMASTER Sp. z o.o.;(22)6323669;;
POLMASTER Sp. z o.o.;(22)6311845;;
POLTARKIET Marcin Kuchnowski;693534689;;
POLTARKIET Marcin Kuchnowski;693534679;;
POLYFLOR Polska Sp. z o.o.;(61)8203155;;
POLYFLOR Polska Sp. z o.o.;(61)8203135;;
PPH KAMIX;(32)2173718;;
PPH KAMIX;(32)7801050;;
PPH RADOS Radosław Marcinek;608350367;;
PPHU WISPER;794907887;;
Pralnia Dywanów;501583687;;
Pralnia Dywanów;508440066;;
Pralnia Dywanów;(42)6848096;;
Pralnia Dywanów;530401401;;
Pralnia Dywanów CLEAN-WASH POLSKA;668630668;;
PRALNIA DYWANÓW Damian Konieczny;668624324;;
Pralnia Dywanów Eureka;(33)4711605;;
Pralnia Dywanów KUPCZYK;602308613;;
Pralnia Dywanów Sebastian Bączyk;668348884;;
Pralnia Dywanów Sebastian Bączyk;573243300;;
Pralnia EKO-PERFEKT;600387898;;
Pralnia EKO-PERFEKT;(22)7894724;;
Pranie Dywanów;515917859;;
Pranie Dywanów;501475943;;
Pranie Dywanów;790203422;;
Pranie dywanów Andrzej Polak;503451332;;
Pranie dywanów Andrzej Polak;501856142;;
PRANIE DYWANÓW Bogdan Sztymela;883083444;;
Pranie Dywanów i Tapicerki;501247526;;
Pranie Dywanów i Tapicerki;504148799;;
Pranie Dywanów i Tapicerki Elżbieta Wierzbicka;500238142;;
Pranie Dywanów i Tapicerki Samochodowej;510266301;;
Pranie Dywanów i Tapicerki Samochodowej;724487281;;
Pranie Dywanów Perfect Clean;507506750;;
Pranie Dywanów Perfect Clean;(22)2437770;;
Pranie Dywanów, Wykładzin, Tapicerki Małgorzata Rudnik;693998353;;
Pranie Tapicerki Samochodowej, Meblowej;570974974;;
PranieDywanow24.eu;603513882;;
PRO-CLEAR;504580591;;
PRO-ORTO;(22)7893916;;
PRO-ORTO;602213812;;
PROCLEAN;690852842;;
PROFART Pralnia Dywanów;531296466;;
Profesjonalne Czyszczenie KWAZAR;668782113;;
Profesjonalny Montaż Wykładzin K.J.P.;513565233;;
PROFI;512360514;;
ProfiClean;510060906;;
ProfiClean;786292100;;
PROFIT Ewa Mazur;(22)3001683;;
PROFIT Ewa Mazur;(22)4905996;;
Prospect Sp. z o.o.;(22)8388577;;
Prospect Sp. z o.o.;(22)6365179;;
Przedsiębiorstwo Budowlano-Handlowe BUDOMAS Masłowski Zbigniew;(71)3360419;;
Przedsiębiorstwo Budowlano-Handlowe BUDOMAS Masłowski Zbigniew;601856355;;
Przedsiębiorstwo Handlowo-Usługowe CARPET;600387776;;
Przedsiębiorstwo Handlowo-Usługowe CARPET;604802666;;
Przedsiębiorstwo Handlowo-Usługowe LinoFloor Marcin Kuczyński;(87)5657782;;
Przedsiębiorstwo Handlowo-Usługowe LinoFloor Marcin Kuczyński;517960404;;
Przedsiębiorstwo Handlowo-Usługowe WALDORF;(22)3716760;;
Przedsiębiorstwo Handlowo-Usługowe WALDORF;(22)4256725;;
Przedsiębiorstwo MAXIMA Wykładziny Obiektowe Rafał Kalinowski;(52)3758043;;
Przedsiębiorstwo Usług Porządkowych Handel i Usługi Piotr Bukowiecki;(48)3312672;;
Przedsiębiorstwo Usług Porządkowych Handel i Usługi Piotr Bukowiecki;694238870;;
Przedsiębiorstwo Usługowo Handlowe KOM-FORT;607155021;;
Przedsiębiorstwo Usługowo Handlowe KOM-FORT;605881995;;
PUCYK;516802766;;
PUCYK;515290172;;
PUH Tepix Tadeusz Piaszczyk;(34)3669258;;
PUH Tepix Tadeusz Piaszczyk;(34)3895035;;
PUŁAWSKI - Sklep Internetowy CarpetShop.pl;508651010;;
QBA-BUD P.W.;(61)4267444;;
QUALITY-SERVICES;514561238;;
RAFMAR;(22)4251356;;
RAFMAR;601319650;;
RAFUS;886628628;;
RED CARPET Grzegorz Karmiński;503634319;;
RED CARPET Grzegorz Karmiński;(81)5661527;;
REDER P.H.U.;(42)6431689;;
REDER P.H.U.;601610627;;
REM-PUC S.c.;609771833;;
REM-PUC S.c.;605969693;;
ROBI Sp. z o.o.;(61)8143806;;
ROBI Sp. z o.o.;(61)8143886;;
ROBMAR;600416341;;
ROBMAR;607692375;;
RobMar;506187021;;
S.O.S. Karcher;570570814;;
Salon Czystości - Karcher;535136202;;
SARMATIA TRADING;886056086;;
SATYR;(86)2188513;;
SATYR;606228874;;
SCALA;(61)6496041;;
SCALA;501667915;;
Serwis Gabriel;(77)4535192;;
Serwis Gabriel;600323855;;
SERWUS;(022)7234446;;
SERWUS;(022)7534829;;
SHAW FLOOR S.c.;(22)2050695;;
SHAW FLOOR S.c.;(22)2050692;;
SILVER VIP Daniel Pawłowski;501066330;;
SILVER VIP Daniel Pawłowski;(71)3487533;;
SIMONE Szymon Pawlik;606976464;;
SINAL Dywany Orientalne;(22)5314569;;
Sit-in Poland Sp. z o.o.;(32)7716400-01;;
Sit-in Poland Sp. z o.o.;(32)7716413;;
Sklep Przemysłowy Agnieszka Turska;(43)8242779;;
Sklep Przemysłowy Agnieszka Turska;693127179;;
Sklep Vis a Vis;(17)8538894;;
SM Sławomir Miziniak;696445758;;
SMART ART;697994672;;
SmartService;(32)2684963;;
SmartService;788933933;;
SOLANO.pl Sp. z o.o.;(91)4215015;;
SOLANO.pl Sp. z o.o.;(91)4215016;;
SOLARGO Zbigniew Olaszewski;602731790;;
SOVena Eko-Pralnia;(24)2622266;;
SOVena Eko-Pralnia;(24)3649383;;
Spot-Stop;501583687;;
Sprzedaż Dywanów SZAGUS;(25)7590386;;
Strzał-Flor Jacek Strzałkowski;(22)3797910;;
Strzał-Flor Jacek Strzałkowski;(22)3797914;;
Studio Wykładzin Sp. z o.o. Sp.komandytowa;(89)5264591;;
STYL Wykładziny;600953141;;
STYL Wykładziny;600926691;;
Szop Pracz Jacek Ryszkiewicz;(42)6405071;;
Szop Pracz Jacek Ryszkiewicz;691055836;;
Szoruj.pl;784799308;;
Szoruj.pl;531531461;;
Sztuka Beskidzka Rękodzielo Ludowe i Artystyczne Witold Więckowski;(32)2153288-89;;
Sztuka Beskidzka Rękodzielo Ludowe i Artystyczne Witold Więckowski;(32)2156364;;
Śląskie Centra Hurtowe Mazik i Wspólnicy Sp. z o.o.;(32)3460752;;
Śląskie Centra Hurtowe Mazik i Wspólnicy Sp. z o.o.;(32)3460721;;
Świat Dywanów-Dywanex;(41)3340084;;
Świat Dywanów-Dywanex;661990333;;
Tabriz - Pralnia Dywanów Orientalnych;728303038;;
Tabriz - Pralnia Dywanów Orientalnych;(22)8933949;;
TAPES wykładziny dywanowe i PCV;(22)8332061;;
TAPICARE;500462936;;
TAPIPOL Sp.j.;(71)3595734;;
TAPIPOL Sp.j.;(71)3595105;;
Tapiz;(22)7840623;;
Tapiz;698274757;;
TarClean Dariusz Jurków;530130014;;
Tarkett Polska Sp. z o.o.;(22)6393166;;
Tarkett Polska Sp. z o.o.;(22)6393170;;
TECHMA BUDOWA Małgorzata Markowiak;(58)6278000;;
TECHMA BUDOWA Małgorzata Markowiak;509183860;;
TeleDywan.pl;0801000202;;
TeleDywan.pl;660160489;;
TERKES S.c.;504235416;;
TERKES S.c.;516098511;;
TERRY Sp. z o.o.;(52)3311630;;
TERRY Sp. z o.o.;(52)3312903;;
TESTUDO;514625058;;
Tfsystem;534900344;;
Timzo Tufting Poland;601620005;;
Timzo Tufting Poland;(58)6290096;;
Tokel Sp. z o.o.;(22)6328523;;
Tokel Sp. z o.o.;(22)6314817;;
TOP-WYKŁADZINY;(22)7742238;;
TOP-WYKŁADZINY;603868530;;
Topworld-Dywany Maszynowe;(61)6416854;;
Topworld-Dywany Maszynowe;(61)8627220;;
TORNADO;516808760;;
Traper;(22)8109916;;
Traper;(22)8139872;;
TSS Czyszczenie dywanów;(81)5267471;;
TSS Czyszczenie dywanów;609817730;;
TURLEN INVENT Sp. z o.o.;(12)6341015;;
TURLEN INVENT Sp. z o.o.;(12)6339479;;
Twój Czysty Dywan;602130987;;
Twój DEKORATOR wnętrz;(44)7230720;;
Twój DEKORATOR wnętrz;(44)7230723;;
U SYLWII Pranie Tapicerek Meblowych i Samochodowych;691471325;;
UNIFLOR Wykładziny Obiektowe;(94)3125103;;
UNIFLOR Wykładziny Obiektowe;(94)3126094;;
Unipol Sp.j.;(22)7519858;;
Usługi Czyszczące Zyśk;668673741;;
Usługi Czyszczenia Bartłomiej Pawlaczek;535082445;;
USŁUGI PORZĄDKOWE;(42)6742008;;
USŁUGI PORZĄDKOWE;501587851;;
VESTISS S.c.;535066078;;
WAKO S.c. Wacław Narwid, Anna Fedorowicz-Narwid;(74)8463295;;
WAKO S.c. Wacław Narwid, Anna Fedorowicz-Narwid;602722542;;
WALDI Firma Usługowo-Handlowa;509654138;;
WALDI Firma Usługowo-Handlowa;512321930;;
WAP-POL;(12)6551331;;
WAP-POL;502225179;;
Wapol Wykładziny Obiektowe Sp. z o.o.;(22)6516913;;
WDM Dywany - Sklep Internetowy DYWANO.PL;604144204;;
WENUS Maciej, Dominika, Marian Sadowscy;(25)7584370;;
WENUS Maciej, Dominika, Marian Sadowscy;604450418;;
WIDEXIM-BIS Ewa Kośka;(22)8285688;;
WIKO Serwis Sprzątający;(32)2349589;;
WIKO Serwis Sprzątający;508178513;;
WOBI R.Wiśniewski, D.Binder Sp.j.;(22)6321811;;
WOBI R.Wiśniewski, D.Binder Sp.j.;601212651;;
WORKSTEP;(22)2415050;;
WORKSTEP;505602333;;
Wykladziny24;(32)4748711;;
Wykladziny24;530665050;;
WYKŁADZINY GOLF;531684564;;
WYKŁADZINY GOLF;601653113;;
Wykładziny Obiektowe PCV i Dywanowe;607447141;;
Wykładziny Obiektowe PCV i Dywanowe;666145842;;
Wykładziny STRAUCH;(43)8226114;;
wyprany.pl;500070018;;
YAN Pralnia Dywanów;505002739;;
Z.H.U. ARRAS M. i A. Szczepański;(17)2420281;;
Z.H.U. ARRAS M. i A. Szczepański;(17)2421560;;
Z.R.B. TUKAN;(91)4632095;;
Z.R.B. TUKAN;601757125;;
Zakład Czyszczenia Dywanów;(32)2553907;;
Zakład Czyszczenia Dywanów;502348860;;
Zakład Czyszczenia Dywanów;606536727;;
Zakład Czyszczenia Dywanów;(032)2914023;;
Zakład Kożucharsko-Kilimiarski Eugenia Zaręba;(18)2665150;;
Zakład Kożucharsko-Kilimiarski Eugenia Zaręba;(18)2669998;;
Zakład Usługowo-Handlowy ARBED Arkadiusz Piwczyński;512502317;;
Zakład Wielobranżowy Paster;(94)3121399;;
ZGŁOŚ PRANIE.PL;503143103;;
ZIP-HOUSE Profesjonalne Czyszczenie;792909902;;
Extra-Clean;518472727;;
House of Maids;690903932;;
Perfloor;661551186;;
Premium Steam;737134134;;
SUPER KARCHER;793023738;;
ZawszeCzysto;500025265;;
Activpol;503822833;;
Activpol;(22)4091780;;
Agencja ART`EV S.c. Anna Rosowska & Monika Kula;784998814;;
Agencja ART`EV S.c. Anna Rosowska & Monika Kula;514207005;;
AGNUS-Profesjonalne Sprzątanie;(22)6788660;;
AGNUS-Profesjonalne Sprzątanie;606208122;;
ALIMAR;504197398;;
ALL House Office;(22)4659381;;
ALL House Office;(22)4659383;;
Amelis Porządki;501070540;;
Amelis Porządki;535986830;;
AMIKO Profesjonalne Sprzatanie Obiektów;501107958;;
AMIKO Profesjonalne Sprzatanie Obiektów;509362834;;
AN-ETTE Aneta Figlak;692086663;;
ANDREUS Centrum Utrzymania Czystości;(71)7336424;;
ANDREUS Centrum Utrzymania Czystości;(71)7336421;;
ANITEX;504144423;;
ANITEX;782144423;;
Aplauz Bis Urządzenia i Środki Czystości;(94)3517314;;
ARCHE Salon Meblowy;(25)6311612;;
ARCHE Salon Meblowy;(25)6441464;;
ARENA WNĘTRZ S.c. Sklep Internetowy arenawnetrz.pl;602342331;;
ARENA WNĘTRZ S.c. Sklep Internetowy arenawnetrz.pl;698545288;;
ARES;691221190;;
ARES;602645041;;
arrAS FHU Beata Koń;666516555;;
ArtMeb;(22)4205207;;
ArtMeb;(22)6687451;;
Auto-Myjnia Jacek Filecki;(32)2996732;;
Auto-Myjnia Jacek Filecki;601473538;;
Baby VIP;(22)7542671;;
Baby VIP;609002288;;
Beautiful Space;731357177;;
BGL Łukasz Burdejny;(32)4709772;;
BGL Łukasz Burdejny;607071773;;
Biuro Inżynierskie PHU BIKOMA;608250663;;
Biuro Inżynierskie PHU BIKOMA;695505851;;
BlueCartoon Renowacja i Pielęgnacja Posadzek;(17)7403605;;
BlueCartoon Renowacja i Pielęgnacja Posadzek;509031505;;
BŁYSK Czyszczenie Dywanów Arleta Szymańska;(63)2429468;;
BŁYSK Jarosław Czaja;(22)6638888;;
BŁYSK Jarosław Czaja;511814145;;
BONITA Sp.j.;(61)8523284;;
BUDMECH WT W.Łojewski i Syn Sp.j.;(22)7374040;;
BUDMECH WT W.Łojewski i Syn Sp.j.;(22)7374044;;
Carpet Complex;508464838;;
CASA;606938885;;
Castor Damian Studniarek;602423663;;
CASTUS;502445758;;
CASTUS;(22)2510542;;
Centrum Czyszczenia Skór;(58)5858567;;
Ch-Ursus, Z. Dułak i Wspólnicy Sp.j.;(59)8223278;;
Ch-Ursus, Z. Dułak i Wspólnicy Sp.j.;501449469;;
Clean & Clear - Firma Sprzątająca;665832346;;
Clean & Clear Barbara Staszewska;695206724;;
CLEAN FORCE;698239250;;
CLEAN FORCE;533273239;;
CLEANET;532502406;;
Cleanex S.c.;785200855;;
Cleanex S.c.;604912459;;
Cleaning Company;(71)7936050-51;;
Cleaning Company;506191880;;
Cleaning Karcher Poznań;797790427;;
CLEANTINA Serwis Sprzątający;781231010;;
CLEANTINA Serwis Sprzątający;(56)4760388;;
Clear Express;696666166;;
COMODO GROUP Sp. z o.o. Sp.komandytowa;(61)8250007;;
COMODO GROUP Sp. z o.o. Sp.komandytowa;506140901;;
CORNEL Sp. z o.o.;795050488;;
CORNEL Sp. z o.o.;795050489;;
CUBICA Piotr Sudoł;(91)8130170;;
CUBICA Piotr Sudoł;(91)8130171;;
Czysci-my;783773011;;
Czysty-Dom;662093231;;
Czyszczenie i Pranie Poznań;793472335;;
Czyścioszek;(22)2268248;;
Czyścioszek;513503315;;
D.Z. Profesjonalne Sprzątanie;(22)3036403;;
D.Z. Profesjonalne Sprzątanie;(22)3702374;;
DAVER;604603334;;
DAVER;(91)4834824;;
DECOLAN - wykładziny, podłogi, drzwi;(58)3411234;;
DECORTIS.COM;512712200;;
DEKO DECO Studio;(12)6331888;;
DEKO DECO Studio;512988999;;
DELTA Materiały Wykończeniowe;(12)2740750Panele,drzwi,karnisze;;
DELTA Materiały Wykończeniowe;(12)2740751Dywany,wykładziny;;
DOR-BUD;518579408;;
Doradztwo Personalne Arleta Szymańska;(63)2429468;;
Doradztwo Personalne Arleta Szymańska;602556780;;
Dr Clean Trójmiasto;500896049;;
DWM;798548700;;
DWM;(48)6673853;;
DYNACOST Wojciech Janowski;(71)3251179;;
Eco Czyścioszek Piotr Wandel;504136489;;
Eco-Service Sp. z o.o.;(85)7420828;;
Eco-Service Sp. z o.o.;(85)7441525;;
Eco-Team;782555559;;
Ecorak Konrad Raczyński;667237889;;
EDO;(32)4222206;;
EDO;501067700;;
EFECTOR PHU Artur Ziółkowski;(81)7456969;;
EFECTOR PHU Artur Ziółkowski;605038126;;
EFEKT Małgorzata Szewczykowska;502004596;;
EKO BŁYSK;696308797;;
EkoParowozik - Mobilna Myjnia Parowa;530927899;;
EkoParowozik - Mobilna Myjnia Parowa;530927220;;
EKOPRAL Pralnia Ekologiczna;602402442;;
EKOPRAL Pralnia Ekologiczna;(89)7523588;;
Ekspol Kraków Sp. z o.o.;(12)4123565;;
EL-JOT Centrum Zaopatrzenia Technicznego;(68)4535553;;
EL-JOT Centrum Zaopatrzenia Technicznego;(68)4553345;;
Ella Sp. z o.o.;(41)3834018;;
ESCADA Magdalena Bordignon;519717291;;
EURODOM;(58)5203370;;
F.H.U. AMI Pralnia Ekologiczna;(32)7934728;;
F.H.U. AMI Pralnia Ekologiczna;602603646;;
F.H.U. TOKARSKI;(42)6302730;;
F.H.U. TOKARSKI;(42)6361892;;
F.H.U. VeSteR Firma Sprzątająca;799232222;;
F.H.U. VICTORIA HURT-DETAL Sprzedaż, Serwis Karcher;(13)4311351;;
F.H.U. VICTORIA HURT-DETAL Sprzedaż, Serwis Karcher;668522632;;
F.H.U.P. LENAPO;(12)2821924;;
F.H.U.P. LENAPO;601085551;;
F.U. CLEANERS EXPRESS;697705622;;
F.U. CLEANERS EXPRESS;603858248;;
F.U. Dąbrowscy Agnieszka Dąbrowska;781790483;;
F.U. Dąbrowscy Agnieszka Dąbrowska;607555572;;
F.U.H. Witeko Wiktor Jazy;502673961;;
F.U.H. Witeko Wiktor Jazy;502653847;;
Fabryk Czystości;510984295;;
Fabryk Czystości;511148233;;
FACH MACH;669024077;;
FaFa Studio - materiały wykończenia wnętrz;(33)4885079;;
FaFa Studio - materiały wykończenia wnętrz;732932232;;
FALTER-KRÓL Prace Podłogowe i Urządzanie Wnętrz Sp. z o.o.;(71)7175477;;
FHU AMAL;(022)3534627;;
FHU AMAL;(022)3718558;;
FHU OLEK;(56)6836294;;
FHU OLEK;501621145;;
FHU WIB;(22)3740849;;
FHU WIB;501319986;;
Firma AGA Sprzątanie i Remontowanie Agnieszka Porębska;600801846;;
Firma AGA Sprzątanie i Remontowanie Agnieszka Porębska;(25)7584828;;
Firma EWA;(22)7296869;;
Firma EWA;660494304;;
Firma Handlowo-Usługowa IZOBUD Izabela Kłusek;(58)7198518;;
Firma Handlowo-Usługowa IZOBUD Izabela Kłusek;506040736;;
Firma Handlowo-Usługowa RAJ;(32)3227250;;
Firma Handlowo-Usługowa RAJ;(32)3227252;;
Firma Handlowo-Usługowa WENUS Jolanta i Krzysztof Bajda;(75)7752931;;
Firma Handlowo-Usługowa WENUS Jolanta i Krzysztof Bajda;(75)6401052;;
Firma Sprzątająca CLEAN UP Agnieszka Grzeszczyk;608029745;;
Firma Sprzątająca NA BŁYSK Anna Skurska;511699060;;
Firma Usługowa BATER Robert Motyl;(12)4188686;;
Firma Usługowa BATER Robert Motyl;519310583;;
Firma Usługowa CZYŚCIOCH;501699686;;
Firma Usługowa DOMATOR;691273349;;
Firma Usługowa MAGIK;725615389;;
Firma Usługowa MAGIK;724623612;;
Firma Usługowa PERFEKT Ewa Zrobek;(44)7242399;;
Firma Usługowa PERFEKT Ewa Zrobek;601300942;;
Firma Usługowa PUCUŚ Mirosław Poliński;(74)8337856;;
Firma Usługowa PUCUŚ Mirosław Poliński;601757856;;
Firma Usługowa SYPIEŃ;(76)8475714;;
Firma Usługowa SYPIEŃ;500110965;;
FLOKATEX;(42)6760644;;
FLOKATEX;(42)6746884;;
FLOORS Tomasz Pol;(22)8822011;;
FLOORS Tomasz Pol;606620026;;
FM Hotel Serwis Małopolska;606383306;;
FU Skrzat;604722930;;
FUH EKO-CZYSTOŚĆ;502241117;;
FUH SAKS;608028753;;
Galeria NOTI;(61)8527777;;
Galeria NOTI;(61)8524444;;
Galeria NOTI;(22)7813741;;
Galeria NOTI;(71)3506608;;
GAMRAT S.A.;(13)4916000;;
GAMRAT S.A.;(13)4915094;;
GLOB KONTRAKT;(22)6361322;;
GLOB KONTRAKT;(22)8387329;;
Grand Projekt S.c.;(17)8657666;;
Grand Projekt S.c.;608536259;;
GROKKER POLSKA;795542888;;
HEDO design;502262615;;
HEDO design;605877236;;
HOME STYLE;(94)3522346;;
HOME STYLE;508103529;;
Hurtownia Wielobranżowa Sp.j. Ryszard Drapus i Agnieszka Drapus-Mielnik;(075)7326535;;
Hurtownia Wielobranżowa Sp.j. Ryszard Drapus i Agnieszka Drapus-Mielnik;(075)7326785;;
INTEGRO Barbara Lipińska;(58)3419590;;
INTEGRO Barbara Lipińska;607443277;;
ISOTECH;513041342;;
ISOTECH;502630624;;
ITAC GROUP;512660990;;
ITAC GROUP;696890890;;
JAB ANSTOETZ POLSKA Sp. z o.o.;601684111;;
Jan Raszka RAJAN A.U.H.;(77)4700710;;
Jan Raszka RAJAN A.U.H.;511713042;;
Jotgum Przedsiębiorstwo Produkcyjno-Handlowo-Usługowe;(61)8125994;;
Jotgum Przedsiębiorstwo Produkcyjno-Handlowo-Usługowe;(61)8125987;;
KAMARBUDREM Marek Kacprzak;697353313;;
KAMARBUDREM Marek Kacprzak;600423789;;
KAMLOT;(085)6539279;;
Kar-Tex Sp. z o.o.;(42)6824329;;
Kar-Tex Sp. z o.o.;(42)6824330;;
KARUD Sp. z o.o. Wyłączny Importer Haworth;(058)6810104;;
KARUD Sp. z o.o. Wyłączny Importer Haworth;(058)6942058;;
KB Clean Katarzyna Brandys;512925908;;
KKW Sp. z o.o.;664065300;;
KLEAN SERVICE;(22)4013446;;
KLEAN SERVICE;791412308;;
Know How Sp.j.;(22)6140155;;
Know How Sp.j.;(22)4997227;;
KOMPLEX;(22)8253019;;
KOMPLEX;602642639;;
KONTRAST;(85)6644880;;
KONTRAST;(85)6644888;;
KRiSS Professional Team;697330505;;
KRiSS Professional Team;888516264;;
LIDO NOWY STANDARD BIURA;(81)7480417;;
LIDO NOWY STANDARD BIURA;608411965;;
m&more - Commercial Park;501171794;;
m&more - Commercial Park;601459863;;
Manufaktura Wystroju;(22)8635453;;
MAREX Marek Ruciński;(85)7435167;;
MAREX Marek Ruciński;602619301;;
MART-MET;(22)2242423;;
MART-MET;600266003;;
MaxCarpet;504021103;;
MaxCarpet;798575283;;
Meble KOCHLIK;(32)2451400;;
Meble KOCHLIK;609194722;;
MG Purity Usługi Sprzątające;501620611;;
MG Purity Usługi Sprzątające;792227269;;
MIGAS;(12)3861285;;
MIGAS;601440891;;
Mobilna Ekologiczna Myjnia Parowa w Krakowie;505433569;;
MOBILNY BŁYSK;667887522;;
MPG;510060416;;
MT Błysk;691811873;;
Multi-Form II Sp. z o.o.;(32)3291184;;
Multi-Form II Sp. z o.o.;(32)3264092;;
MULTISERWIS;501097330;;
MULTISERWIS;501606714;;
Myjemy-Autko;510984295;;
Myjemy-Autko;511148233;;
Myjnia Ręczna Perfecta;500141775;;
Myjnia Ręczna Perfecta;515598820;;
NETFLOR Marcin Franciszek Wójcik;606803192;;
NEWMOR Polska Sp. z o.o.;(12)6567260;;
NEWMOR Polska Sp. z o.o.;(12)6567261;;
NODIRT Systemy Mycia i Czyszczenia Obiektów;(74)8538127;;
NODIRT Systemy Mycia i Czyszczenia Obiektów;513092035;;
Nordic Decoration Sp. z o.o.;661322555;;
Nordic Decoration Sp. z o.o.;661988555;;
OZON FRESH;(22)7221402;;
OZON FRESH;665240040;;
P.H. CERTAP;(61)2963549;;
P.H. CERTAP;784431808;;
P.H. MAM Sp. z o.o.;(41)3465305;;
P.H. MAM Sp. z o.o.;(41)3465183;;
P.H.U PIOLO Piotr Chojnowski;508122183;;
P.H.U. BabaJaga;508257808;;
P.H.U. Beata Sp. z o.o. Pralnia;728484251;;
P.H.U. BoVi;(17)8547533;;
P.H.U. BoVi;(17)8547523;;
P.H.U. DORGS;504546919;;
P.H.U. NEOTECHNICS;501366460;;
P.H.U. Puran;512508302;;
P.H.U. Puran;508239903;;
P.P.H.U. TED;(058)6856015;;
P.P.H.U. TED;(058)6816741;;
P.U.H. DOMENA;(52)3846275;;
P.U.H. DOMENA;(52)3844113;;
P.W. MARKA S.c.;(13)4458640;;
P.W. MARKA S.c.;502251071;;
Perfekt Profesjonalna Firma Sprzątająca;783045456;;
PERSS Hurt Detal Import Eksport;(25)7588834;;
PERSS Hurt Detal Import Eksport;602487496;;
Peter F.H.U.;(48)3316659;;
Peter F.H.U.;793773553;;
PHU ARKADIA;694782208;;
PHU ARKADIA;(42)6830312;;
PHU BOG-ART;(22)7749151;;
PHU BOG-ART;502256611;;
PHU DREW MAX Emil Pajor;(42)6365111;;
PHU DREW MAX Emil Pajor;696910210;;
PHU FABLEPLUS Jan Wiatr;(89)5265910;;
PHU FABLEPLUS Jan Wiatr;605148973;;
PHU MAGIC GLASS Sylwia Dawidowska;728715001;;
PHU MK czyszczenie i pranie;669811757;;
PHU PRODOM;(071)3922662;;
PHU PRODOM;(071)3922663;;
Podłogi Info;698345013;;
Polrug Team Specjalistyczne Usługi Czystościowe;(32)4943670;;
Polrug Team Specjalistyczne Usługi Czystościowe;(32)4943669;;
PPH Export-Import DOM MARZEŃ Jacek Mężyński;(061)6510255;;
PPH Export-Import DOM MARZEŃ Jacek Mężyński;(061)6514280;;
PPHU AS POMORZANKA;(58)5824292;;
PPUH Bernadex;510918102;;
PPUH Bernadex;(33)8104755;;
PRALMEX-POL Pralnia;(68)4514566;;
PRALMEX-POL Pralnia;510266982;;
Pralnia OCHOTA - Fly Masters;(75)6432029;;
Pralnia OCHOTA - Fly Masters;661576296;;
Pralnia Wodna DELFINEK;(48)3641717;;
Pralnia Wodna DELFINEK;602113111;;
Pranie Dywanów i Tapicerki Samochodowej;516878071;;
Pranie na Dowóz;512617181;;
PROFESJO Usługi Specjalistyczne;501629396;;
PROFESJO Usługi Specjalistyczne;506695875;;
Proffice-Solutions Sp. z o.o. PRS Meble;515004725;;
Proffice-Solutions Sp. z o.o. PRS Meble;730073308;;
PROOFFICE S.c.;606790580;;
PROOFFICE S.c.;604410436;;
Przedsiębiorstwo Handlowe Jeta Sp. z o.o.;(62)7352141;;
Przedsiębiorstwo Handlowe Jeta Sp. z o.o.;(62)7352141;;
Przedsiębiorstwo Handlowo-Produkcyjne CHEMIA-KATOWICE S.A.;(32)2046444;;
Przedsiębiorstwo Handlowo-Produkcyjne CHEMIA-KATOWICE S.A.;(32)2046469;;
Przedsiębiorstwo Handlowo-Produkcyjno-Turystyczne Lech Tadeusz POLCHEMIA Hotel i Restauracja RAJSKI OGRÓD;(17)2235788;;
Przedsiębiorstwo Handlowo-Produkcyjno-Turystyczne Lech Tadeusz POLCHEMIA Hotel i Restauracja RAJSKI OGRÓD;(17)2235709;;
Przedsiębiorstwo Usług Specjalistycznych TANSANIT;501141607;;
Przedsiębiorstwo Usług Specjalistycznych TANSANIT;535141607;;
Przedsiębiorstwo Usługowe CLEAN ZONE Bartosz Paciorek;691572841;;
Przedsiębiorstwo Usługowo-Handlowe PERŁA;602474706;;
PUH Multinex SEPOR.PL;507464545;;
PUH Multinex SEPOR.PL;605374410;;
PUH Z.P. PRAGAL Zdzisław Prasek;(48)3664154;;
PUH Z.P. PRAGAL Zdzisław Prasek;(48)3603057;;
Quick Service;664330337;;
Quick Service Tomasz Opuchlik;664330337;;
Radosław Dulik RAMZ;600884613;;
RAZTO;534188288;;
REMALL Centrum Paneli;512934028;;
Roco Clean CZYSZCZENIE PAROWE;518561651;;
ROMUS Narzędzia;(22)7234446;;
ROMUS Narzędzia;(22)7534829;;
Royalmaids;(71)3373521;;
Royalmaids;694674076;;
Scandi Home Aleksandra Kupicz-Derkowska;608755336;;
Sklep DEKORA;(75)6424874;;
Sklep PODLASIAK;(25)6440242;;
Sklep PODLASIAK;600950335;;
Sklep TWÓJ DOM;695865445;;
SKLEPY KOMFORT S.A.;(42)6623600;;
SKLEPY KOMFORT S.A.;(42)6623604;;
SM Natural Czyszczenie i Pranie Dywanów, Tapicerki, Wykładzin;790707007;;
SOGAMA Sp. z o.o.;(32)2304907;;
SOGAMA Sp. z o.o.;(32)2304908;;
Specjalistyczna Firma Usług Porządkowych JAKOŚĆ;500570525;;
Specjalistyczna Firma Usług Porządkowych JAKOŚĆ;512334870;;
SPRING SYSTEM;(17)7711551;;
SPRING SYSTEM;608280702;;
Sprzatanio.pl;791975102;;
Sprzątanie Medjan Jan Kapturek;(85)6533759;;
Sprzątanie Medjan Jan Kapturek;601780031;;
Sprzątanie Wnętrz S.c.;(22)7442552;;
Sprzątanie Wnętrz S.c.;604574295;;
STABIL Serwis;(71)3481228;;
STABIL Serwis;515133952;;
SteamTar Profesjonalna Mobilna Myjnia Parowa;503115925;;
STEP S.c.;(61)8866720;;
STEP S.c.;(61)8866721;;
STUDIO PETITO;607097098;;
STYLO Panele, Wykładziny Grupa FACHOWIEC;(18)5470222;;
STYLO Panele, Wykładziny Grupa FACHOWIEC;784504433;;
SUŁTAN Marek Jaros;(14)6113002;;
SUŁTAN Marek Jaros;(14)6113091;;
Szaniec S.c.;(95)7221020;;
Szaniec S.c.;(95)7297255;;
SZCZOTKA PLUS Sp. z o.o.;(22)6640476;;
SZCZOTKA PLUS Sp. z o.o.;(22)6648622;;
TAPETY Bożena Lewańska;(76)8506294;;
TAPETY Bożena Lewańska;(76)8524023;;
TARMOT Meble Biurowe;(87)6214920;;
Tatra Residence Prim, AVIM-Serwis - Wynajem Apartamentów, Sprzątanie;(18)2062071;;
Tatra Residence Prim, AVIM-Serwis - Wynajem Apartamentów, Sprzątanie;784613973;;
Tkaniny-Dywany S.c.;(71)3142946;;
TOBIASZ;(33)8754549;;
TOBIASZ;509446716;;
Tops-System;(34)3173932;;
Tops-System;788088161;;
TTW Opex Sp. z o.o.;(22)3519975;;
TTW Opex Sp. z o.o.;(22)3236897;;
Tutumi.pl Sklep Internetowy Tutumi.pl;662273919;;
Tutumi.pl Sklep Internetowy Tutumi.pl;602607582;;
Usługi Porządkowe Marlena Samek;505122705;;
Usługi Porządkowe PATMAR;783798810;;
Usługi Porządkowe PATMAR;(22)2406848;;
UZIN Systemy Parkietowe Sp. z o.o.;(22)8439241;;
VANNER S.c.;(56)6538196;;
VANNER S.c.;507146881;;
Ventalo Services Grzegorz Świątek;602423549;;
VISIOONE STUDIO;502226840;;
VISIOONE STUDIO;730124827;;
VIX-SKÓR Produkcja Wyrobów Futrzarskich;663831590;;
WITAN Ruszczyński Witold;(32)4343331;;
WITAN Ruszczyński Witold;609029099;;
wyczyscimy.pl;502389140;;
wyczyscimy.pl;605281064;;
Wykładziny Obiektowe KRAK-KOLOR Sp.j.;(12)4153293;;
WZORNIA Strefa Wnętrz;(42)2130118;;
WZORNIA Strefa Wnętrz;609122134;;
Zadbany Dom Profesjonalne Usługi Czyszczenia;510656535;;
Zakład Porządkowania Wnętrz;(22)6293314;;
Zakład Porządkowania Wnętrz;602116839;;
Zakład Usług Remontowo-Budowlanych Zbigniew Łempicki;602660442;;
Zakład Usług Remontowo-Budowlanych Zbigniew Łempicki;(77)4810244;;
ZAWSZE CZYSTO Pralnia Dywanów;502610418;;
ZAWSZE CZYSTO Pralnia Dywanów;517077755;;
ZOJAX Ryszard Zawistowski;690313040;;
