ELIZABETH Konin Leszczyńska, Żywioł Sp.j.;(63)2414320;;
ELIZABETH Konin Leszczyńska, Żywioł Sp.j.;(63)2414322;;
MODA ZIELIŃSCY;(22)7395557;;
MODA ZIELIŃSCY;(22)7395536;;
Agnieszka Michalak STUDIO MODY ŚLUBNEJ;604849406-AgnieszkaDałek;;
Agnieszka Michalak STUDIO MODY ŚLUBNEJ;604261698-AgnieszkaMichalak;;
ALPINA MRÓZ Salon Sukien Ślubnych;513477305Salon;;
ALPINA MRÓZ Salon Sukien Ślubnych;509905795;;
ASPENA Salon Mody Ślubnej;(58)6772700;;
Centrum Mody Ślubnej i Wieczorowej KSYMENA Iwona Czapla;(32)2853883;;
Centrum Mody Ślubnej i Wieczorowej KSYMENA Iwona Czapla;609822613;;
JORG Hurtownia Artykułów Ślubnych;(32)2650033;;
JORG Hurtownia Artykułów Ślubnych;(32)2697766;;
Salon i Komis Sukien Ślubnych NIKOL;503995776;;
Salon i Komis Sukien Ślubnych NIKOL;(32)7936938;;
Salon Sukien Ślubnych NADIA;796003990;;
SCARLETT Suknie Ślubne;608378148;;
Suknie Ślubne HELENA;(32)3891119;;
Agnes S.c.;(75)6422031;;
Agnes S.c.;602483327;;
Bella Moda;(81)7409779;;
Bella Moda;606102136;;
Centrum Mody Ślubnej PARYŻANKA;(41)3449828;;
Centrum Mody Ślubnej PARYŻANKA;795578896;;
CENTRUM WIZERUNKU JOANNA;512272519;;
DESIRER;(22)2478535;;
DESIRER;600854724;;
Dom Mody FULARA & ŻYWCZYK;(12)6334302;;
Dom Mody FULARA & ŻYWCZYK;661177575;;
DYPLOMATA & PAN MŁODY;(22)6299127;;
DYPLOMATA & PAN MŁODY;604622611;;
Firma DIANA Teresa Kozieł;514286848;;
Kristin - Świat Kapeluszy i Dodatków Ślubnych;(61)6630445(salonipracownia);;
Kristin - Świat Kapeluszy i Dodatków Ślubnych;510185999;;
NINA Producent Dodatków Ślubnych i Komunijnych;785548765;;
NINA Producent Dodatków Ślubnych i Komunijnych;(42)6591990;;
Pracownia Sukien Ślubnych Ewa Stawna;(67)3452549;;
Pracownia Sukien Ślubnych Ewa Stawna;604169328;;
Pracownia Sukien Ślubnych MAGDA;692934714;;
Pracownia Sukien Ślubnych MAGDA;(34)3178171;;
PRINCESSE Salon Ślubny;(85)3070160;;
RICA S.c.;(42)6831587;;
RICA S.c.;602764180;;
Salon Mody Ślubnej i Wieczorowej;663956556;;
Salon Sukien Ślubnych AGATA;507098820;;
Salon Sukien Ślubnych ALICJA Alicja Mokrysz;(33)8582440;;
Salon Sukien Ślubnych ALICJA Alicja Mokrysz;604229864;;
Salon Sukien Ślubnych CEZAR;(59)8413925;;
Salon Sukien Ślubnych CEZAR;608391808;;
Salon Sukien Ślubnych Le Mariage;504297858;;
Salon Sukien Ślubnych PARISEL;509439506Łuków;;
Salon Sukien Ślubnych PARISEL;539380209Garwolin;;
Salon Sukien Ślubnych VIRGINIA Eugenii Janczarek;(89)5273678;;
Salon Sukien Ślubnych VIRGINIA Eugenii Janczarek;(89)5273677;;
Salon Sukni Ślubnych Biała Dama;691713799;;
Salon Ślubny MariA;882522833;;
SECRET ANGEL - DEXA;(41)3436161;;
SECRET ANGEL - DEXA;795570302;;
Silvana;607822093;;
Studio Mody Ślubnej MARIAGE;(61)2967275;;
Studio Mody Ślubnej MARIAGE;602347401;;
Suknie Ślubne EWA;889490987;;
Suknie Ślubne RENE;(77)4575633;;
Suknie Ślubne RENE;695433541;;
Szycie Sukien Ślubnych DOROTA STUDIO Dorota Jóźwik;606644664;;
Ślubne Inspiracje S.c. Barbara Pielech & Halina Chomiak;(76)8491447;;
Ślubne Inspiracje S.c. Barbara Pielech & Halina Chomiak;509565410;;
Salon Sukien Ślubnych Mariees;662452760;;
Salon Sukien Ślubnych SINDRELLA;693715838;;
Firma MAJA;(12)4219943;;
Firma MAJA;(12)6321236w.34;;
Hotel** Restauracja JAŚ WĘDROWNICZEK, VICTORIA COBURG Obuwie i Parasolki Ślubne;(13)4356733;;
Hotel** Restauracja JAŚ WĘDROWNICZEK, VICTORIA COBURG Obuwie i Parasolki Ślubne;(13)4924131;;
Sensatiano;(12)2701313;;
Sensatiano;(12)2701501;;
AMSTYL;788504030(9:00-16:00);;
Del Finio;(85)6540055;;
F.P.H.U. LINTA;(44)6340101;;
F.P.H.U. LINTA;(44)6340102;;
FALKON;(32)2667985;;
FALKON;(32)3605235;;
JANEX S.c. Jan i Krystyna Ziółkowscy;(42)7175860;;
JANEX S.c. Jan i Krystyna Ziółkowscy;601296870;;
KRISMARG;(17)8523782;;
KRISMARG;883443846;;
RISCA;(42)2093281;;
RISCA;(42)2093244;;
Florima Spółka z ograniczoną odpowiedzialnością Sp.K.;(42)7161625;;
Florima Spółka z ograniczoną odpowiedzialnością Sp.K.;(42)7161627;;
GalaSerwis.pl Sp. z o.o.;(77)4836633;;
GalaSerwis.pl Sp. z o.o.;507134900(SuknieŚlubne);;
Pracownia Szat Liturgicznych Z.P.H. WEG-TOR;(56)6543421;;
Pracownia Szat Liturgicznych Z.P.H. WEG-TOR;502411022;;
Regina Diamante;(81)5280017;;
WĘC Twój Jubiler;(12)6511462;;
WĘC Twój Jubiler;(12)6511469;;
FonFon;510247037;;
Salon Sukien Ślubnych Malena;511040545;;
Salon Ślubny La Mariee;(22)6222410;;
White Angels Suknie Ślubne;696996036;;
4U2 Consulting Sklep Internetowy www.ABCSLUBU.pl;(12)3848323wew.2;;
4U2 Consulting Sklep Internetowy www.ABCSLUBU.pl;883997678;;
A`LA FASHION Pracownia Gorseciarska;691232780;;
A&A Salon Sukien Ślubnych;512146222;;
A&A Salon Sukien Ślubnych;791599109;;
A&B Pracownia Sukien Ślubnych Komunijnych i Wizytowych;503699524;;
A&W Moda-Salon Ślubny;(25)7813045;;
AD-NET;505833496;;
Adagio;(42)6337045;;
ADEL MODA - Salon ANNA;(41)3702016;;
ADELINE Salon Sukien Ślubnych i Wizytowych;(71)3434463;;
ADORA Pracownia Sukien Ślubnych i Komunijnych;(44)6328500;;
ADORA Pracownia Sukien Ślubnych i Komunijnych;607676477;;
ADRIA;(32)6772407;;
Adria Suknie Ślubne i Komunijne;(29)7573550;;
Adria Suknie Ślubne i Komunijne;608446494;;
AFRODYTA Moda Ślubna;516002560;;
AFRODYTA Salon Ślubny;(89)5359624;;
AFRODYTA Salon Ślubny;501433141;;
AFRODYTA Suknie Ślubne;(91)3821820;;
AFRODYTA Suknie Ślubne;600960185;;
AGA Artystyczna Pracownia Dodatków Ślubnych Komunijnych i Wieczorowych;(042)6564065;;
AGA Artystyczna Pracownia Dodatków Ślubnych Komunijnych i Wieczorowych;508197977;;
AGA Salon Mody Damskiej;785140899;;
AGA Salon Mody Damskiej;(32)2818086;;
AGNES;(94)3653500;;
AGNES;(94)3657301;;
AGORA ELLE Salony Sukien Ślubnych;(22)8799981;;
AGORA ELLE Salony Sukien Ślubnych;(22)6700505;;
Aldeko;693247623;;
ALEKSANDRA Studio Mody Ślubnej;(65)5207325;;
ALEXANDRIA Komis Sukien Ślubnych;607493240;;
ALEXANDRIA Komis Sukien Ślubnych;(61)8534324;;
AMELIA;514639511;;
AN-POL;(32)2341676;;
AN-POL;602691706;;
ANABEL Salon Sukien Ślubnych;793565437;;
ANDREA Salon Sukien Ślubnych;793793992;;
Angela Salon Sukien Ślubnych i Wieczorowych;509750238;;
Angela Salon Sukien Ślubnych i Wieczorowych;509669953;;
Anika;(71)3113327;;
ANNA KARA Suknie Ślubne;(12)3070121;;
ANNE MARIAGE Salon Ślubny;510771711;;
ARS ARTE;(77)4544511-Opole;;
ARTISMODA;(12)2963159;;
ARTISMODA;798173924;;
Arttrend Collection - Salon Śukien Ślubnych i Pracownia Dekoratowska;(58)5531742;;
Artystyczna Pracownia Dodatków Ślubno-Komunijnych WIANPOLL;(42)6801326;;
Artystyczna Pracownia Dodatków Ślubno-Komunijnych WIANPOLL;505128070;;
Artystyczna Pracownia Krawiecka Gracja;660406438;;
Artystyczna Pracownia Krawiecka Małgorzaty Obajtek;(32)2908856;;
Artystyczna Pracownia Krawiecka Małgorzaty Obajtek;668623298;;
Artystyczna Pracownia Sukien Ślubnych SCGALA;504749232;;
Artystyczne Studio Sukni Ślubnych PABLO MORALES;504197470;;
Artystyczny Salon Ślubny WANDA;(34)3243941;;
Artystyczny Salon Ślubny WANDA;(34)3249858;;
Atelier Agnieszka Światły;695657785;;
ATELIER Ana Lisa;(71)3446029;;
ATELIER CLARISSA Salon Sukien Ślubnych i Okolicznościowych;784069310;;
ATELIER JULIETTE;(22)2452942;;
ATELIER JULIETTE;790287090;;
Atelier MARA;604194104;;
Atelier Mody Unique Fashion;502042133;;
Atelier Ostaszewska S.c.;501438360;;
Atelier Ostaszewska S.c.;(61)6537654;;
Atelier Rosa - Suknie Ślubne;690988002;;
Atelier Sukien Ślubnych EWA Ewa Bartnicka;(86)2718095;;
Atelier Sukien Ślubnych EWA Ewa Bartnicka;512069525;;
Atelier Ślubne GLAMOUR;607815472;;
Atelier Ślubne Projektowanie i Szycie Sukien;793692095;;
Atelier vie de château;(22)8410197;;
Atelier vie de château;794055051;;
Atelier/Butik JAROSZEWSKA;604430461;;
Atelier/Butik JAROSZEWSKA;502320545;;
AURELIA Salon Sukien Ślubnych;794285954;;
Aurelia Salon Sukien Ślubnych;(77)4607910;;
Aveart;668221564;;
BAKOSSA;603757773;;
BAMAX;(22)8351147;;
BAMAX;(22)8665325;;
BEATIS Galeria Ślubna;(58)3049718;;
BEATIS Galeria Ślubna;506668417;;
BEAUTY Suknie Ślubne;694853517;;
BELLA ROSSA Salon Sukien Ślubnych;(12)6324145;;
Bella Sposa;(12)6374213;;
Bella Sposa;608116140;;
BELLE ROBE;(71)3227610;;
Bellissima Salon Sukien Ślubnych;(71)3557001;;
Bellissima Salon Sukien Ślubnych;501029855;;
BELLISSIMA-Salon Sukien Ślubnych;(42)6301116;;
Bellize;(22)8642393;;
Bellize;605467696;;
Beluno-Moda Ślubna;694837919;;
Biała Perła - Studio Dekoracji Ślubnej;501490733;;
BIAŁE STUDIO;(42)6746967;;
BIAŁE STUDIO;508554066;;
Biały Raj Hanna Wiśniewska;(22)6199743;;
BIAŁY SKLEP;(77)4546158;;
BIANCA ROSA Salon Sukni Ślubnych;792282399;;
BONA Suknie Ślubne;507853212;;
Boutique Wiktoria Moda Ślubna i Wieczorowa;605054606;;
Butik Ślubny MARIA i MAGDALENA;(12)6330957;;
Buty Ślubne ANWI;697221467;;
CAMELLA Pracownia Dodatków Ślubnych;(17)2837544;;
CAMELLA Pracownia Dodatków Ślubnych;607931555;;
CARMEN Suknie Ślubne;(22)8316399;;
Caroline-Centrum Ślubne;602184730;;
CARPE DIEM;(32)7506882;;
CARPE DIEM;(32)7506883;;
CATHERINE;(012)4165580;;
Celebrity BRIDAL;501427423;;
Celise Suknie Ślubne;606955225;;
Celise Suknie Ślubne;692068106;;
Centrum Mody Ślubnej;(63)2428450;;
Centrum Mody Ślubnej;(91)4339038;;
Centrum Mody Ślubnej AGORA Salon Sukien Ślubnych;(71)3645972;;
Centrum Mody Ślubnej AGORA Salon Sukien Ślubnych;(71)3645040;;
Centrum Mody Ślubnej D&M;506142240;;
Centrum Mody Ślubnej D&M;605040646;;
Centrum Mody Ślubnej Ewa Śliwa;604727799;;
Centrum Mody Ślubnej i Wieczorowej AVENIR;(52)3977761;;
Centrum Mody Ślubnej i Wizytowej MALENA;(52)3768118Bydgoszcz;;
Centrum Mody Ślubnej i Wizytowej MALENA;(56)6107045Toruń;;
Centrum Mody Ślubnej STYL;668235551;;
Centrum Mody Ślubnej STYL;698641546;;
Centrum Ślubne AGDAR;(75)7210240;;
Centrum Ślubne AGDAR;666896410;;
Centrum Ślubne GALA;(24)2641713;;
Centrum Ślubne GALA;508383778;;
Centrum Ślubne KATRIN;(22)8505400;;
Centrum Ślubne White Roses;(33)4865255;;
Centrum Ślubne White Roses;699127773;;
CLAUDIA Salon Sukien Ślubnych;660799645;;
COCCINELLE Pracownia Krawiecka;500122789;;
COCO & PEDRO;(12)6171895;;
COCO & PEDRO;794974890;;
Coś Pożyczonego;784333216;;
Cymbeline - Salon Ślubny;(42)6330479;;
CZAR BIELI Salon Sukien Ślubnych;(32)3332008;;
CZAR BIELI Salon Sukien Ślubnych;509129804;;
DAJANA Salon Sukien Ślubnych, Komunijnych i Wieczorowych;(32)7519143;;
DAJANA Salon Sukien Ślubnych, Komunijnych i Wieczorowych;602514103;;
DAVOS Wypożyczalnia Sukien Ślubnych;796833490;;
Delta Suknie Ślubne;794497346;;
DEMI Salon Mody Ślubnej;(81)5329393;;
DEMI Salon Mody Ślubnej;530920990;;
DESIDERIO Salon Sukien Ślubnych;(34)3611703;;
DIADEM Salon Handlowo Usługowy;697267754;;
DIANA Pracownia Sukien Ślubnych i Wieczorowych;(89)6484039;;
DIUK S.c. B.Zielonka, G.Zielonka, M.Abramczyk;(71)3545441;;
DIUK S.c. B.Zielonka, G.Zielonka, M.Abramczyk;(71)7181710;;
Dolce Vita Atelier Mody Ślubnej;(34)3615619;;
Dom Mody Ślubnej GLAMOUR EXCLUSIVE;(33)8232056;;
Dom Mody Ślubnej GLAMOUR EXCLUSIVE;519754608;;
Dom Mody Ślubnej i Wizytowej MADLEINE;(61)8685546;;
Dom Mody Ślubnej i Wizytowej Viktoria;(62)7574225;;
Dom Mody Ślubnej i Wizytowej Viktoria;609772173;;
Dom Mody Ślubnej MADONNA;(22)6213027;;
Dom Mody Ślubnej MADONNA;(22)8211017;;
Dom z Wieżą - Salon i Wypożyczalnia Sukien Ślubnych;(12)2669310;;
Dom z Wieżą - Salon i Wypożyczalnia Sukien Ślubnych;606142982;;
DOMINIKA Salon Sukien Ślubnych;(52)3576978;;
DONNA Suknie Ślubne;694460383;;
DORA Producent Dodatków Ślubnych i Komunijnych;(81)4444852;;
DORA Producent Dodatków Ślubnych i Komunijnych;(81)4444810;;
DORIN Suknie Ślubne;508800722;;
Duber Bridal Fashion;604635831;;
Duber Bridal Fashion;664047264;;
DUET Suknie Ślubne i Wieczorowe;(12)4222091;;
E-STYL;782927467;;
ED Mariage Elżbieta Dominiak;(62)7571591;;
ED Mariage Elżbieta Dominiak;692419266;;
EDEN Szycie Sukien Ślubnych.Catering,Organizacja Przyjęć;(13)4638528;;
EDEN Szycie Sukien Ślubnych.Catering,Organizacja Przyjęć;664772661;;
ELENDAR;604911166;;
ELENDAR;604882878;;
ELIS-Salon Sukien Ślubnych;(77)4336242;;
Elite;(24)2357356;;
ELIZABETH;605925001;;
EMILII F.;602123342;;
EMILII F.;660285720;;
EMMI MARIAGE Salon Radom;(48)3631252;;
EMMI MARIAGE Salon Radom;693667788;;
EMMI MARIAGE Salon Warszawa;(22)8383227;;
EMMI MARIAGE Salon Warszawa;697023693;;
ES EUROSTYL Salony Ślubne;(18)4423761;;
ES EUROSTYL Salony Ślubne;609251999;;
Estella-Atelier Moda Ślubna;519728014;;
Estelle Salon Sukien Ślubnych;531223399;;
ESTERA NOVIAS Butik Ślubny;(42)6321963;;
EUFORIA;601264444;;
EVELINE ATELIER;501245785;;
EVELINE ATELIER;530812328;;
F.H. MUJERCITA Izabela Kęsicka;660199404;;
F.P.H. STYL Anna Skrzyszowska-Mielczarek;(56)4610752;;
F.P.H. STYL Anna Skrzyszowska-Mielczarek;(56)4657238;;
F.U. NOVIA;693984418;;
FABER;664204975;;
FASHION STUDIO;664507086;;
FASHION STUDIO;501577075;;
FENSI;(58)7422552;;
Firma Handlowa Andreas;661143094;;
Firma VERULAM;792661592;;
FLAVIE;(74)8569932;;
FLAVIE;509234683;;
FRANCIS MORGAN;696845084;;
FRANCIS MORGAN;604102626;;
GABRIELLE Artystyczna Pracownia Welonów;504138923;;
GABRIELLE Artystyczna Pracownia Welonów;(42)6362178;;
GALERIA MC KREATOR;(89)5229060;;
GALERIA Mody Ślubnej;(43)8253201;;
GALERIA Mody Ślubnej;(43)8247346;;
Galeria Mody Ślubnej KWIAT LOTOSU;(32)6012440;;
Galeria Mody Ślubnej KWIAT LOTOSU;883919191;;
Galeria Mody VICTORIA;(42)6710759;;
Galeria Sukien Ślubnych OPERA;(95)7204814;;
Galeria Sukien Ślubnych OPERA;604620815;;
GALERIA ŚLUBNA;664607143;;
Galeria Ślubna;(24)3640767;;
Galeria Ślubna BELISSIMA;535418826;;
Galeria Ślubna Deparis.pl;(81)7408930;;
Galeria Ślubna Deparis.pl;605223493;;
Galeria Ślubna VIKTORIA;(63)2429040;;
Galeria Ślubna VIKTORIA;516033877;;
Galeria Ślubu KAMEA;(42)6331435;;
Galeria Ślubu KAMEA;609030659;;
Godan Plus Salon Sukien Ślubnych i Dekoracji Aneta Rawska;(68)3240328;;
Godan Plus Salon Sukien Ślubnych i Dekoracji Aneta Rawska;603073767;;
GRACJA Salon Sukien Ślubnych;(41)2521770;;
GRACJA Studio Mody Ślubnej;(61)8534021;;
GRACYA Dom Mody Teresy Słonicz;(85)6761598;;
Happy Day Barbara Chądzel Jankowska;(071)3366090;;
Happy Day Barbara Chądzel Jankowska;(071)7809088;;
HAPPY DAYS;531617805;;
HAPPY DAYS;660747757;;
IGAR;(17)8504329;;
IGAR;(17)8504328;;
Ines Atelier Boutique;791496111;;
Ines Atelier Boutique;505077396;;
INES Salon Sukien Ślubnych;601449521;;
ISABEL Salon Ślubny;(42)6170030;;
ISABELLE;883002027;;
ISABELLE - Salon Mody Ślubnej;515950802;;
IVORY & WHITE Suknie Ślubne i Koktajlowe;609238576;;
IZABELA Salon Sukien Ślubnych i Wizytowych;600385905;;
IZABELL Pracownia Sukien Ślubnych i Strojów Okazjonalnych;(15)8432138;;
IZABELL Pracownia Sukien Ślubnych i Strojów Okazjonalnych;880350180;;
JACQUELINE;(81)5320614;;
Janette;(87)4292180;;
JANEX S.c.;(91)4230919;;
JANEX S.c.;501785564;;
JANUS Suknie Ślubne i Wieczorowe;669339368;;
JASMINE STYLE Anna Krywko;(85)7441013;;
JASMINE STYLE Anna Krywko;669330533;;
Jennifer Vaiano;(22)8702150;;
JMart Studio Sukien Ślubnych Joanna Reutt;608684710;;
Jola-Moda;(34)3133739;;
JOLANTA Salon Sukien Ślubnych;501780831;;
Julia Collection suknie ślubne i wieczorowe;513065610;;
JULIA Salon Sukien Ślubnych;791539924;;
Julia Suknie Ślubne;(62)5917939;;
JULIETTA Salon Sukien Ślubnych;883064559;;
JUSTYNA Salon Sukien Ślubnych;516186355;;
JUSTYNA Wypożyczalnia-Pracownia Sukien Ślubnych i Komunijnych;(91)4227061;;
KAJA Centrum Mody Ślubnej;(18)4442494;;
KAMBELINA Salon Mody Ślubnej;(32)6233711;;
KAMBELINA Salon Mody Ślubnej;501250333;;
KAMILA Pracownia Sukien Ślubnych;(61)4278337;;
KAMILA Pracownia Sukien Ślubnych;692953799;;
KAMILL Salon Sukien Ślubnych i Garniturów;600537081;;
KAREEN Suknie Ślubne;501986252;;
KARINA Salon Sukien Ślubnych;500185006;;
KARINA Salon Sukien Ślubnych;500060557;;
KATIA Salon Mody Ślubnej;(18)2688174;;
KATIA Salon Mody Ślubnej;604933146;;
KATRIN Suknie Ślubne i Usługi Krawieckie;665064793;;
Katris Atelier Suknie Ślubne;511842187;;
KOLEKCJA - Moda Ślubna;(68)4794181;;
KOLEKCJA - Moda Ślubna;604964752;;
Komunia.eu;(91)4848191;;
Komunia.eu;782427456;;
Koszulland;602345533;;
Kreacja ŻANNET - Suknie Ślubne;(68)3824628Świebodzin;;
Kreacja ŻANNET - Suknie Ślubne;(68)3247312ZielonaGóra;;
Kryształowe Bukiety Ślubne i Upominki;506411139;;
LA CASADA Salon Sukien Ślubnych;512178158;;
La Mari;885800818;;
LA PARIS Salon Mody Ślubnej;668689555;;
LA PERL`A;(85)6521204;;
LA PERLA SPOSA Salon Sukien Ślubnych;797710670;;
Lady Katherine Salon Sukien Ślubnych;(42)6320669;;
LAURA ROMANO;696136465;;
LAURELLE Salon Sukni Ślubnych;500000094;;
LAURELLE Salon Sukni Ślubnych;512935980;;
LAVINIA;(89)7622593;;
LAVINIA;601440400;;
LillYes Galeria Mody Ślubnej;(81)4737492;;
Lisa Ferrera;(85)7443954;;
LIVIA Salon Ślubny;(58)3452869;;
LIVIA Salon Ślubny;797870484;;
LORENA Salon Sukien Ślubnych;726266636;;
LORENA Salon Sukien Ślubnych;505064111;;
M&N BRIDAL;784806165;;
M&N BRIDAL;(32)3220534;;
MADA;(89)7418955;;
MADA;(89)7413340;;
MADAM EL;(22)7831354;;
Madame Margaret - Salon Sukien Ślubnych;(75)7523312;;
MADAME Salon Sukien Ślubnych;503843726;;
Mademoissele SPOSA;(17)8502910;;
Madleine Salon Sukien Ślubnych;(52)3493068;;
MADRIS;602687011;;
MAGMOD - Salon DOM MODY;(77)4480677;;
MAGMOD - Salon DOM MODY;664000774;;
MAGOLA Pracownia Sukien Ślubnych, Wieczorowych i Tanecznych;668365488;;
Małgorzata Krupiel Suknie Ślubne, Wieczorowe i Komunijne;(71)3910478;;
Małgorzata Krupiel Suknie Ślubne, Wieczorowe i Komunijne;602725524;;
MARBELLA Salon Sukien Ślubnych i Wieczorowych;695610182;;
MARDAN Suknie Ślubne i Komunijne;500132571;;
Margot P.P.H.U. Marek Majewski;(081)5349409;;
Margot P.P.H.U. Marek Majewski;509548772;;
MARIA Salon Sukien Ślubnych;530856859;;
MARIBEL Exclusive Salon Sukien Ślubnych;537383629;;
MarieKate;601704281;;
MarieKate;(61)8524110;;
Mariella;(22)6195347;;
Marilyn Boutique;(71)3220828;;
Marilyn Boutique;692484103;;
MARREX Salon Ślubny;(22)6286097;;
MARREX Salon Ślubny;(22)6295719;;
MARRY ME Salon Sukien Ślubnych;(85)6750258;;
MARRY ME Salon Sukien Ślubnych;601583020;;
MARZENIE salon i pracownia sukien ślubnych;(71)3555084;;
MB Salon Sukien Ślubnych;502509439;;
MEMOLIA Salon Sukien Ślubnych;694158158;;
MIA Atelier Ślubno-Taneczne;667007137;;
MIA Atelier Ślubno-Taneczne;516075237;;
MIRO-MAR;503065771;;
MIRO-MAR;507064041;;
Miss Fashion Dom Mody Ślubnej Alicja Łakomy;530298328;;
Miss Fashion Dom Mody Ślubnej Alicja Łakomy;502083251;;
MISS Salon Sukien Ślubnych;535512292;;
MK Maryla;660155080;;
MK Maryla;692142082;;
MŁODA PARA Salon Sukien Ślubnych;(94)3426318;;
MŁODA PARA Salon Ślubny;(23)6550645;;
MODA ŚLUBNA;(89)5272195;;
Moda Ślubna BELLA;501518770;;
Moda Ślubna ELENA;(15)8445274;;
Moda Ślubna i Wizytowa;(94)3744309;;
Moda Ślubna i Wizytowa;604897703;;
Moda Ślubna i Wizytowa Kinga Sojka;696088614;;
Moda Ślubna i Wizytowa Magdalena Polus;(65)5724543;;
Moda Ślubna i Wizytowa Magdalena Polus;(65)5751047;;
Moda Ślubna KAROLINA;(12)4299494;;
Moda Ślubna Małgorzata Stojek;(41)2651008;;
Moda Ślubna MARGO;(13)4633702;;
Moda Ślubna MARGO;502298503;;
MODA ŚLUBNA Monika Pietrzak;604896350;;
Moda Ślubna Perfect Bride;(94)3477401;;
Moda Ślubna Perfect Bride;601255407;;
Moda Ślubna SARAH;(32)4238540;;
Moda Ślubna SARAH;665772724;;
MODE WALUS Pracownia Sukien Ślubnych;(32)2251205;;
MODES Jabłońscy;(94)3463593;;
MODISTO Studio Ślubne i Wizytowe;511158053;;
MONA LIZA Salonik Ślubny;504100806;;
MONAO;502034915;;
Moonlight Europe Salon Ślubny La Mariee;(85)7320286;;
MORI LEE;(52)3493430;;
Msmoda-Marbo S.c.;(41)3623672;;
Msmoda-Marbo S.c.;(41)3480133;;
Mystic Bridal Suknie Ślubne;(22)6131042;;
Mystic Bridal Suknie Ślubne;512200131;;
NABLA S.c.;(12)6322331;;
NAJNA - PRINCESSA;(42)6330061;;
NAOMI Salon Mody Ślubnej;794226464;;
NICOLE Salon Sukien Ślubnych;665198632;;
NICOLLE Salon Sukien Ślubnych;600606660;;
Nikol - Suknie Ślubne;(91)4342635;;
Nikol - Suknie Ślubne;(91)4863384;;
NOEMI Studio Mody Ślubnej i Wizytowej;(22)6122299;;
OLIMPIA Wypożyczalnia Sukien Ślubnych i Komunijnych Danuta Witas;(32)2583167;;
OLIMPIA Wypożyczalnia Sukien Ślubnych i Komunijnych Danuta Witas;609239201;;
ONLY WOMEN Salon Sukien Ślubnych i Wieczorowych;781979203;;
ONLY YOU Salon Mody Ślubnej;666983888;;
OPTIMUS+;(42)6328205;;
OPUS Stroje Komunijne;(71)7921170;;
OPUS Stroje Komunijne;506754856;;
OUTLET ŚLUBNY;505865044;;
P.H.U LAGRACJA Pracownia Artystyczno Krawiecka;(48)3602547;;
P.H.U LAGRACJA Pracownia Artystyczno Krawiecka;886377903;;
P.H.U. Młoda Para;(43)8232448;;
P.P.H.U. AGUSIA;(42)6541401;;
P.P.H.U. AGUSIA;500171011;;
P.P.H.U. MARIAGE Import-Eksport;(75)7342039;;
P.P.H.U. MARIAGE Import-Eksport;603935256;;
P.P.H.U. SPOSABELLA;(48)3847884;;
P.P.H.U. SPOSABELLA;(48)3847059;;
P.P.H.U. ZOŚKA Tadeusz Dąbrowski;502722636;;
P.W. KRESPOL s.c.;(42)6453125;;
P.W. KRESPOL s.c.;(42)6453157;;
PaMa SUKNIE;(58)7362175;;
PANNA MŁODA Salon Sukien Ślubnych;501391196;;
PANNA WESELNA;(58)7141166;;
PANNA WESELNA;601311553;;
PARIS - Moda Ślubna i Wieczorowa;(81)5329736;;
Pawilon Ślubny 137 Suknie Ślubne;603856566;;
Pawilon Ślubny 137 Suknie Ślubne;(22)8187142;;
PAWIS-GARNITURY;(22)6547720;;
PHU NIKA;(44)7555824;;
PHU NIKA;603218166;;
PortalSlubny.eu;(25)6445556;;
PortalSlubny.eu;504062503;;
Powiedz TAK;694687860;;
PPH MERCATOR dodatki ślubne - ARVENA suknie ślubne;(91)4872063;;
PPH MERCATOR dodatki ślubne - ARVENA suknie ślubne;(91)4877230;;
Pracownia Artystyczna INES;(22)6716260;;
Pracownia Autorska Sukien Ślubnych Barbara Matuszewska;(61)8529999;;
Pracownia Autorska Sukien Ślubnych Barbara Matuszewska;791113121;;
Pracownia i Salon Sukien Ślubnych, Wizytowych i Strojów Komunijnych Stanisława Zemlik;694569398;;
Pracownia i Salon Sukien Ślubnych, Wizytowych i Strojów Komunijnych Stanisława Zemlik;(33)8775310;;
Pracownia JANINA;509297262;;
Pracownia JOWIKA;603160488;;
Pracownia Krawiecka Aldona-Alby;(62)7819283;;
Pracownia Krawiecka Aldona-Alby;721485793;;
Pracownia Krawiecka Beata Wołoszczuk;694761539;;
Pracownia Krawiecka Beata Wołoszczuk;(74)8674346;;
Pracownia Krawiecka LADY M;603039922;;
Pracownia Krawiecka LALA Mieczysława Flak;(34)3131615;;
Pracownia Krawiecka LALA Mieczysława Flak;(34)3134067;;
Pracownia Krawiecka M&R Magdalena Móżdżyńska-Rekawiecka;512218143;;
Pracownia Krawiecka SZYK Małgorzata Sudoł;(15)8427506;;
Pracownia Krawiecka SZYK Małgorzata Sudoł;607401130;;
Pracownia LANETTI;503646611;;
Pracownia Modniarsko-Krawiecka HERMAGO Małgorzata Herodecka;(14)6214076;;
Pracownia Rękawiczek S.c. Dariusz i Mirosława Polis;(42)6438593;;
Pracownia Rękawiczek S.c. Dariusz i Mirosława Polis;601392557;;
Pracownia Sukien BOŻENKA;518587187;;
Pracownia Sukien i Sukienek AMELIA;721721040;;
Pracownia Sukien Ślubnych - Małgorzata Lenk;607996058;;
Pracownia Sukien Ślubnych AMBER;606113996;;
Pracownia Sukien Ślubnych Anna Lachor;602176575;;
Pracownia Sukien Ślubnych CAMEE;600826369;;
Pracownia Sukien Ślubnych HEBE;728359811;;
Pracownia Sukien Ślubnych i Komunijnych JADWIGA;(77)4819374;;
Pracownia Sukien Ślubnych i Komunijnych Julia Gastoł;(22)7624488;;
Pracownia Sukien Ślubnych i Komunijnych Julia Gastoł;606704734;;
Pracownia Sukien Ślubnych i Komunijnych MARTA;609474180;;
Pracownia Sukien Ślubnych i Okazjonalnych VIKTORIA;504204807;;
Pracownia Sukien Ślubnych i Strojów Komunijnych IMPRESSJA;(48)6775045;;
Pracownia Sukien Ślubnych i Strojów Komunijnych IMPRESSJA;(48)6775414;;
Pracownia Sukien Ślubnych i Wieczorowych ATELIER L`ARTE;500858882;;
Pracownia Sukien Ślubnych i Wieczorowych ATELIER L`ARTE;609811951;;
Pracownia Sukien Ślubnych i Wizytowych;(62)7642243;;
Pracownia Sukien Ślubnych i Wizytowych;694434177;;
Pracownia Sukien Ślubnych JANINA;797193799;;
Pracownia Sukien Ślubnych Jolanta Duda-Koprowska;(61)8422681;;
Pracownia Sukien Ślubnych Jolanta Duda-Koprowska;601704278;;
Pracownia Sukien Ślubnych KLARA;606707657;;
Pracownia Sukien Ślubnych LUCYNA;(56)4982413;;
Pracownia Sukien Ślubnych LUCYNA;880863617;;
Pracownia Sukien Ślubnych M.Starościak;(71)3962577;;
Pracownia Sukien Ślubnych M.Starościak;601878191;;
Pracownia Sukien Ślubnych URSULLE;(54)2369436;;
Pracownia Sukien Ślubnych URSULLE;500212623;;
Pracownia SUKIEN Ślubnych VIVIEN;(61)8531004;;
Pracownia Ślubna;513053305;;
PRESE - Suknie Ślubne Warszawa;(022)6547852;;
PRINCESS Salon Stylizacji Ślubnej i Wieczorowej;694604434;;
Producent Dodatków Ślubnych i Komunijnych MŁYNEK;507048584;;
Producent Dodatków Ślubnych i Komunijnych MŁYNEK;792090150;;
Producent Sukien Ślubnych i Wieczorowych Bożenna Kulus i Córka;(68)3569681;;
Producent Sukien Ślubnych La Lucienne;(91)4041095;;
Producent Sukien Ślubnych La Lucienne;605916732;;
Producent Sukien Ślubnych STELLA Stefania Zawrot;(22)7819489;;
Producent Sukien Ślubnych VANESSA;(71)3943709;;
Producent Sukien Ślubnych VANESSA;(71)3223165;;
Producent Sukni Ślubnych i Strojów Komunijnych BEATRIX;(15)6426051;;
Producent Sukni Ślubnych i Strojów Komunijnych BEATRIX;(15)8414926;;
R&R Kopjas Salon Sukien Ślubnych;602317369;;
RELEVANCE BRIDAL;609029715;;
RELEVANCE BRIDAL;603183318;;
RICA B.Różycka;(42)6560879;;
RICA B.Różycka;508399493;;
RIGORE Beata Walczewska Salon Sukni Ślubnych;602675083;;
RIGORE Beata Walczewska Salon Sukni Ślubnych;604497488;;
Romantica Salon Sukien Ślubnych;(52)5853010;;
Royal Splendor;(22)4032210;;
Salon CARMEN;501534368;;
Salon CARMEN;(58)5122131;;
Salon Celebrity;500232656;;
Salon Diana;(22)6195986;;
Salon Elisabeth;(91)4343278;;
Salon Firmowy AFRODYTA;880264068;;
Salon Firmowy PROVENA;(32)2307171;;
Salon FLOSSMANN;(71)3372696;;
Salon HONORATKA;(18)4423346;;
Salon HONORATKA;603380147;;
Salon i Pracownia Sukien Ślubnych Jadwiga Michalak;(62)7577940;;
Salon i Wypożyczalnia Sukien Ślubnych EWELINA;(76)8542996;;
Salon i Wypożyczalnia Sukien Ślubnych EWELINA;692966257;;
Salon i Wypożyczalnia Sukien Ślubnych KASIA;(52)3021205;;
Salon i Wypożyczalnia Sukien Ślubnych KASIA;608897366;;
Salon IWONKA;(95)7201549;;
Salon MAXIMA;886822719;;
Salon Mody KALEDONIA;506606738;;
Salon Mody Ślubnej;(77)4567880;;
Salon Mody Ślubnej;601874999;;
Salon Mody Ślubnej - Dorota Odój Atelier;600890244;;
Salon Mody Ślubnej AMELIA;660204217;;
Salon Mody Ślubnej AMELIA;608531554;;
Salon Mody Ślubnej ANABELL;(32)2417254;;
Salon Mody Ślubnej ANET;609260622;;
Salon Mody Ślubnej ANGELA;663690709;;
Salon Mody Ślubnej ANNA;(15)6426457;;
Salon Mody Ślubnej Beata Staszak Diseño;661940326;;
Salon Mody Ślubnej BellaViola;514444916;;
Salon Mody Ślubnej BELLISSIMA;506215316;;
Salon Mody Ślubnej BELLISSIMA;505145002;;
Salon Mody Ślubnej BIANCO;(34)3438552;;
Salon Mody Ślubnej CAMEOO;(61)8654747;;
Salon Mody Ślubnej CAROLINE;(61)4445372;;
Salon Mody Ślubnej Casada;501060507;;
Salon Mody Ślubnej Casada;502155366;;
Salon Mody Ślubnej CELINE;602537171;;
Salon Mody Ślubnej CLASSA;(32)2714514;;
Salon Mody Ślubnej Colette;(22)6521930;;
Salon Mody Ślubnej DLA NIEJ;503417136;;
Salon Mody Ślubnej Erica;(13)4326445;;
Salon Mody Ślubnej EWA;(32)2827672;;
Salon Mody Ślubnej EWA;503065949;;
Salon Mody Ślubnej Franceska;(17)8581045;;
Salon Mody Ślubnej GAJA;511255111;;
Salon Mody Ślubnej GAJA;511995000;;
Salon Mody Ślubnej GEBI;(75)7675808;;
Salon Mody Ślubnej i Wieczorowej ELIN;502038853;;
Salon Mody Ślubnej i Wieczorowej GRATIA;(52)3897159;;
Salon Mody Ślubnej i Wizytowej Filipinka;(12)6335267;;
Salon Mody Ślubnej Impresja;(17)8532049;;
Salon Mody Ślubnej INNOWACJA;516765111;;
Salon Mody Ślubnej JOANNA;696538175;;
Salon Mody Ślubnej KIARA;603876653;;
Salon Mody Ślubnej Lisa Ferrera;(12)4228045;;
Salon Mody Ślubnej Lisa Ferrera;(58)6612171;;
Salon Mody Ślubnej Manu Garcia;728180094;;
Salon Mody Ślubnej MARIAŻ;(48)3638726;;
Salon Mody Ślubnej MARIAŻ;509841419;;
Salon Mody Ślubnej MESSUA;513362678;;
Salon Mody Ślubnej MŁODA i MODA;(22)6122141;;
Salon Mody Ślubnej MŁODA i MODA;510072614;;
Salon Mody Ślubnej MONA LISA;792866228;;
Salon Mody Ślubnej NICOLE;(61)6611645;;
Salon Mody Ślubnej NICOLE;(61)6611646;;
Salon Mody Ślubnej NINA;(55)2793079;;
Salon mody ślubnej OBSESJA;(14)6288277;;
Salon mody ślubnej OBSESJA;505133878;;
Salon Mody Ślubnej ONA;(13)4467028;;
Salon Mody Ślubnej ONA;500017551;;
Salon Mody Ślubnej PRETTY WOMAN;(91)4899390;;
Salon Mody Ślubnej Renia;698265085;;
Salon Mody Ślubnej ROSES S.c.;606956014;;
Salon Mody Ślubnej ROSES S.c.;505084027;;
Salon Mody Ślubnej SANTA DONNA;502472005;;
Salon Mody Ślubnej STARA GARBARNIA;(71)3547780;;
Salon Mody Ślubnej SUZANNE B.;(77)4565596;;
Salon Mody Ślubnej ŚLUBNY ZAKĄTEK;792776665;;
Salon Mody Ślubnej ŚLUBNY ZAKĄTEK;604223883;;
Salon Mody Ślubnej Teresa Fashion;504914731;;
Salon Mody Ślubnej w Szczecinie;(91)4848302;;
Salon Mody Ślubnej w Szczecinie;694424077;;
Salon Mona Lisa;(081)5259977;;
Salon PERŁA;602889203;;
Salon STELLA;(62)7664720;;
Salon STELLA;509128134;;
Salon Sukien FELIS;605971594;;
Salon Sukien Ślubnch WIKI STYL;(25)7565228;;
Salon Sukien Ślubnych;(18)2655641;;
Salon Sukien Ślubnych;600580878;;
Salon Sukien Ślubnych AGNES;500507202;;
Salon Sukien Ślubnych ALEKSANDRA;791465014;;
Salon Sukien Ślubnych ALICJA;(58)5626844;;
Salon Sukien Ślubnych AMANDA;501594091;;
Salon Sukien Ślubnych AMBER;(52)5203335;;
Salon Sukien Ślubnych AMELIA;723113711;;
Salon Sukien Ślubnych ANNA;(77)4546424;;
Salon Sukien Ślubnych ANTRA;(34)3131704;;
Salon Sukien Ślubnych Ariana;501406544;;
Salon Sukien Ślubnych BARBARA;(42)6321951;;
Salon Sukien Ślubnych BARBARA;608707301;;
Salon Sukien Ślubnych BEAUTY;(58)5202307;;
Salon Sukien Ślubnych BOLERO;(95)7226385;;
Salon Sukien Ślubnych BOLERO;604757814;;
Salon Sukien Ślubnych BRYDA;501316202;;
Salon Sukien Ślubnych CAPANDA;506128180;;
Salon Sukien Ślubnych CAPANDA;508076157;;
Salon Sukien Ślubnych Concordia;607885161;;
Salon Sukien Ślubnych Concordia;796910440;;
Salon Sukien Ślubnych DOLORES;723213320;;
Salon Sukien Ślubnych Dorota Teodorczyk;782755999;;
Salon Sukien Ślubnych Dorota Teodorczyk;609030547;;
Salon Sukien Ślubnych Dorota Wormuth;(32)7813020;;
Salon Sukien Ślubnych Dorota Wormuth;666925666;;
Salon Sukien Ślubnych EDYTA MARIAGE;(71)3922172;;
Salon Sukien Ślubnych EDYTA MARIAGE;605128289;;
Salon Sukien Ślubnych First Lady;(58)7730621;;
Salon Sukien Ślubnych First Lady;665703311;;
Salon Sukien Ślubnych Glamour;(58)6734615;;
Salon Sukien Ślubnych Glamour;602680768;;
Salon Sukien Ślubnych GRACJA;(15)8445450;;
Salon Sukien Ślubnych i Komunijnych WERA;(91)3176548;;
Salon Sukien Ślubnych i Komunijnych WERA;510034156;;
Salon Sukien Ślubnych i Wieczorowych FASSON;(32)2386604;;
Salon Sukien Ślubnych i Wieczorowych FASSON;608181457;;
Salon Sukien Ślubnych i Wieczorowych MIA;888202072;;
Salon Sukien Ślubnych i Wieczorowych PRINCESS DREAM;692805939;;
Salon Sukien Ślubnych i Wieczorowych PRINCESS DREAM;692805883;;
Salon Sukien Ślubnych i Wieczorowych SZARM;603821391;;
Salon Sukien Ślubnych i Wieczorowych SZARM;697168428;;
Salon Sukien Ślubnych i Wieczorowych VICTORIA;697212552;;
Salon Sukien Ślubnych i Wieczorowych VIOLETTA;533260216;;
SALON SUKIEN ŚLUBNYCH IRENA;604722970;;
Salon Sukien Ślubnych Izabela;519525985;;
Salon Sukien Ślubnych JOANNA;501237679;;
Salon Sukien Ślubnych JOANNA;602289926;;
Salon Sukien Ślubnych JULIA;608498583;;
Salon Sukien Ślubnych JULIA;535334453;;
Salon Sukien Ślubnych JULIAROSA;(61)8302375;;
Salon Sukien Ślubnych JULIAROSA;(61)8532145;;
Salon Sukien Ślubnych KATARZYNA;(55)2725204;;
Salon Sukien Ślubnych KATARZYNA;501420269;;
Salon Sukien Ślubnych KRYSTYNA;(71)3296451;;
Salon Sukien Ślubnych KRYSTYNA;502307846;;
Salon Sukien Ślubnych LA MARIE S.;506040104;;
Salon Sukien Ślubnych LA MARIE S.;(95)7830127;;
Salon Sukien Ślubnych LA NOVIA;(83)3441682;;
Salon Sukien Ślubnych LA NOVIA;691966224;;
Salon Sukien Ślubnych LA ROSA;602659714;;
Salon Sukien Ślubnych La Vida;(14)6390822;;
Salon Sukien Ślubnych La Vida;795005243;;
Salon Sukien Ślubnych LADIES;789171091;;
Salon Sukien Ślubnych LANGORIA;609000970;;
Salon Sukien Ślubnych LAURA;880514347;;
Salon Sukien Ślubnych LISA FERRERA;(68)4533302;;
Salon Sukien Ślubnych Livia;607781930;;
Salon Sukien Ślubnych LORETTA;(71)3223061;;
Salon Sukien Ślubnych LUSI;(42)6330044;;
Salon Sukien Ślubnych MAGGIO RAMATTI;(42)6328205;;
Salon Sukien Ślubnych MARGARETT;(22)7204413;;
Salon Sukien Ślubnych MARGARETT;(22)7206688;;
Salon Sukien Ślubnych Marietta;792032889;;
Salon Sukien Ślubnych Marietta;604441143;;
Salon Sukien Ślubnych MAVI;885800818;;
Salon Sukien Ślubnych MŁODA PANI;798599665;;
Salon Sukien Ślubnych MODNY SALON;602778162;;
Salon Sukien Ślubnych MOTYLE;(42)6402030;;
Salon Sukien Ślubnych NOLINA;(22)7875624;;
Salon Sukien Ślubnych NOLINA;604410336;;
Salon Sukien Ślubnych NOVIA;512250666;;
Salon Sukien Ślubnych Pan Tadeusz;(76)8350565;;
Salon Sukien Ślubnych Pan Tadeusz;608372775;;
Salon Sukien Ślubnych PANI MŁODA;691752548;;
Salon Sukien Ślubnych PANI MŁODA;791490210;;
Salon Sukien Ślubnych PANNA MŁODA;(22)7567646;;
Salon Sukien Ślubnych Panna na Wydaniu;505449522;;
Salon Sukien Ślubnych Paris;(33)8705908;;
Salon Sukien Ślubnych Paris;512696646;;
Salon Sukien Ślubnych PIAST;781461652;;
Salon Sukien Ślubnych PROMESA;(22)8318750;;
Salon Sukien Ślubnych PRONUPTIA PARIS;(41)3472189;;
Salon Sukien Ślubnych PRONUPTIA PARIS;601308394;;
Salon Sukien Ślubnych RETRO;696027304;;
Salon Sukien Ślubnych RETRO;692179373;;
Salon Sukien ślubnych SARA;(44)7247033;;
Salon Sukien Ślubnych SONIA;792900105;;
Salon Sukien Ślubnych SOPHIA;887371169;;
Salon Sukien Ślubnych SPOSA BELLA;(62)7339167;;
Salon Sukien Ślubnych SREBRNY ANIOŁ;(95)7388222;;
Salon Sukien Ślubnych SREBRNY ANIOŁ;781688222;;
Salon Sukien Ślubnych STEFFANI;600823300;;
Salon Sukien Ślubnych TREN;669532915;;
Salon Sukien Ślubnych UNIQUE;(23)6626255;;
Salon Sukien Ślubnych UNIQUE;504078884;;
Salon Sukien Ślubnych VENUS;694924684;;
Salon Sukien Ślubnych VENUS Teresa Zwolenkiewicz;(67)2620977;;
Salon Sukien Ślubnych VENUS Teresa Zwolenkiewicz;661601972;;
Salon Sukien Ślubnych VERONA;(17)2216393;;
Salon Sukien Ślubnych VERONA;608800212;;
Salon Sukien Ślubnych VIOLETTA;505243264;;
Salon Sukien Ślubnych Vivien;796831220;;
Salon Sukien Ślubnych Vogue & She;(71)7957673;;
Salon Sukien Ślubnych WE DWOJE;506422522;;
Salon Sukni Ślubnych;(65)5204129;;
Salon Sukni Ślubnych CATHERINE;503386770;;
Salon Sukni Ślubnych GRAŻYNA;(58)5122131;;
Salon Sukni Ślubnych GRAŻYNA;501534368;;
Salon Sukni Ślubnych i Wizytowych ŚLUBNA FANTAZJA;512784802;;
Salon Sukni Ślubnych i Wizytowych ŚLUBNA FANTAZJA;607385449;;
Salon Sukni Ślubnych Miss Cherie;(14)6201025;;
Salon Sukni Ślubnych Miss Cherie;667708270;;
Salon Sukni Ślubnych NERO E NEVI S.c.;603876653;;
Salon Sukni Ślubnych NERO E NEVI S.c.;506142423;;
Salon Sukni Ślubnych PADME;605838392;;
Salon Sukni Ślubnych PADME;781114745;;
Salon Sukni Ślubnych SEKRET;(24)2644999;;
Salon Sukni Ślubnych SEKRET;516550669;;
Salon Sukni Ślubnych SUBLLIME;506211360;;
Salon Sukni Ślubnych SUBLLIME;503901214;;
Salon Sukni Ślubnych TWÓJ DZIEŃ;602379773;;
Salon Sukni Ślubnych TWÓJ DZIEŃ;602380185;;
Salon Sukni Ślubnych VIOLETTA;(52)3022427;;
Salon Sukni Ślubnych VIOLETTA;603442855;;
Salon SUKNIA NARZECZONEJ;728575455;;
Salon Ślubny ADELA;(52)3495476;;
Salon Ślubny ADRIA;604478847;;
Salon Ślubny ADRIA;(32)6742206;;
Salon Ślubny ADRIA;667956670;;
Salon Ślubny Aleksandra;(012)2744342;;
Salon Ślubny Aleksandra;502560426;;
Salon Ślubny Alicja Justyna Kowalska;500079016;;
Salon Ślubny Alicja Justyna Kowalska;(74)8139070;;
Salon Ślubny ALIS BRIDAL;(14)6561490;;
Salon Ślubny ALIS BRIDAL;500839361;;
Salon Ślubny ANABELLE;501519590;;
Salon Ślubny Anett;510269689;;
Salon Ślubny ANNA MARIA;(55)2369648;;
Salon Ślubny ARIANNE Anna Czujko;(89)5279934;;
Salon Ślubny ARIANNE Anna Czujko;(89)5222866;;
Salon Ślubny AŚKA;(68)3256160;;
Salon Ślubny AŚKA;(68)3253071;;
Salon Ślubny BIANCA;783702663;;
Salon Ślubny BIANCA;698405695;;
Salon Ślubny CASABLANCA;(25)6323990;;
Salon Ślubny CASABLANCA;692448504;;
Salon Ślubny COLINE;(22)3080508;;
Salon Ślubny COLINE;790012499;;
Salon Ślubny DALIDA;(15)8230444;;
Salon Ślubny DAMARIS;530580110;;
Salon Ślubny Dana;(62)7401777;;
Salon Ślubny DIANA;(71)3983691;;
Salon Ślubny DIANA;600873632;;
Salon Ślubny EMILY;(52)3495109;;
Salon Ślubny EMILY`S BOUTIQUE;794432531;;
Salon Ślubny EMILY`S BOUTIQUE;796668228;;
Salon Ślubny FURORA;(042)6364909;;
Salon Ślubny GALA;(48)3816913;;
Salon Ślubny GLORIA;(85)7446235;;
Salon Ślubny GLORIA;504660700;;
Salon Ślubny GRACJA;608348577;;
Salon Ślubny JOANNA Danuta Podwojska;(58)7362414;;
Salon Ślubny KAMI;606505802;;
Salon Ślubny KAPRYS Iwona Zyzik;606387714;;
Salon Ślubny KIJOWSKA;(22)7209517;;
Salon Ślubny KRYSTYNA;(15)6426999;;
Salon Ślubny Krystyna Bałakier;604770384;;
Salon Ślubny La Mariee;(85)7320286;;
Salon Ślubny LA SPOSA;(85)7460066;;
Salon Ślubny LADY SWAN;(22)6442832;;
Salon Ślubny LADY SWAN;505450040;;
Salon Ślubny Lady White;505221518;;
Salon Ślubny Lisa Ferrera;(61)8661972;;
Salon Ślubny Lisa Ferrera;(22)8188043;;
Salon Ślubny Lisa Ferrera;698544447;;
Salon Ślubny Madame Danuta;(89)5272698suknie;;
Salon Ślubny Madame Danuta;(89)5213438garnitury;;
Salon Ślubny MAGDALENA;(89)5351100;;
Salon Ślubny MANHATTAN;(33)8235346;;
Salon Ślubny MARIOLA;(62)7257404;;
Salon Ślubny MARZENA;661434346;;
Salon Ślubny MARZENA;601311210;;
Salon Ślubny MAYA;506201727;;
Salon Ślubny MICHALINA;601348835;;
Salon Ślubny MICHALINA;601341855;;
Salon Ślubny NASZE WESELE;(61)4243531;;
Salon Ślubny Panna Młoda;511354444;;
Salon Ślubny Powiedz Tak;(94)3128080;;
Salon Ślubny Powiedz Tak;509757105;;
Salon Ślubny SŁAWA;(42)6744768;;
Salon Ślubny VICTORIA;(55)2369570;;
Salon Ślubny WIKTORIA;(85)6519601;;
SALON WHITE;(22)6200679;;
Salon Wypożyczalnia Sukien Ślubnych;668180246;;
Salon Wypożyczalnia Sukien Ślubnych;664133791;;
SALON ZUZANNA Konfekcja Damska;(81)5345149;;
Salonik Ślubny FREYA;(91)8523758;;
SAVANA Moda Ślubna;508202262;;
SAY YES Studio Ślubne;514210486;;
SCARLETT;(91)4344201;;
Scarlett Justyna Kodym;(22)7501226;;
Sile II Barbara Kończak;509791753;;
Sklep ANIOŁEK Dekoracje ślubne i okolicznościowe;(52)3739999Bydgoszcz;;
Sklep ANIOŁEK Dekoracje ślubne i okolicznościowe;(52)3576032Inowrocław;;
Sklep KONTUSZ;(24)2754000;;
Sklep Ślubny NEUTRINO;(22)7350057;;
Sklep Ślubny NEUTRINO;501251371;;
Sophie Mariage;(32)7688731;;
Sophie-Salon Sukien Ślubnych;609029715;;
Sophie-Salon Sukien Ślubnych;603183318;;
Studio AŻ Suknie Ślubne;511401957;;
Studio Ewa;(55)2337754;;
Studio Ewa;600700731;;
Studio Mody Solange;505509833;;
Studio Mody Solange;504005756;;
Studio Mody Ślubnej KAPRYS;509774603;;
Studio Mody Ślubnej KAPRYS;(85)6525181;;
Studio Mody Ślubnej MAGDALENA;(68)3871414;;
Studio Mody Ślubnej SABE (Gracja);(12)4511503;;
Studio Mody Ślubnej SABE (Gracja);605136161;;
Studio Mody Ślubnej SPOSA;(17)8508505;;
Studio Mody Ślubnej STYL;609572168;;
Studio Mody Ślubnej STYL;(23)6926376;;
Studio Niteczka;691804036;;
Studio Niteczka;(77)4750765;;
Studio Sukien Ślubnych i Wizażu MADLEN STYL;509131695;;
Studio Sukien Ślubnych MAGDA Elżbieta Barańska;(58)6722548;;
Studio Sukien Ślubnych MAGDA Elżbieta Barańska;502618670;;
STUDIO ŚLUBNE;515273473;;
STUDIO ŚLUBNE;784085673;;
Studio Ślubne ANTRACYT;(58)6615285;;
Studio Ślubne ANTRACYT;507138553;;
Studio Ślubne EMPIRE;(77)4033809;;
Studio WHITE EVER;600232007;;
SUKNIE ALFREDO Pracownia Sukien Ślubnych;(61)8188013;;
SUKNIE ALFREDO Pracownia Sukien Ślubnych;512138398;;
SUKNIE MARZEŃ;795703728;;
Suknie Ślubne Adrianna;(22)4485033;;
Suknie Ślubne Agneś;691107707;;
Suknie Ślubne Agnieszka Jaworska;501032059;;
Suknie Ślubne Agnieszka Jaworska;517239509;;
Suknie Ślubne ALICJA;608279078;;
Suknie Ślubne Americo Ferilli;(67)3515170;;
Suknie Ślubne Americo Ferilli;503345933;;
Suknie Ślubne ANETTE;664159223;;
Suknie Ślubne ANNA;(32)2315221;;
Suknie Ślubne BARBARITTA;(25)7585965;;
Suknie Ślubne Casablanca;660779872;;
Suknie Ślubne Castellana;602657767;;
Suknie Ślubne Celina Wrożyna;(32)4734206;;
Suknie Ślubne Ewa Szabelska;693481215;;
Suknie Ślubne GALA;(24)2619349;;
Suknie Ślubne i Komunijne Wioletta;(071)3033887;;
Suknie Ślubne i Komunijne Wioletta;696411065;;
Suknie Ślubne i Wizytowe Marion;603799395;;
Suknie Ślubne i Wizytowe Weronika;662001180;;
Suknie Ślubne JULIA;606965421;;
Suknie Ślubne JULIA;696539010;;
Suknie Ślubne Katowice Mira-Mariage;(32)2098833;;
Suknie Ślubne Katowice Mira-Mariage;505027117;;
Suknie Ślubne KINGA;(58)3220291;;
Suknie Ślubne KINGA;508979128;;
Suknie Ślubne LIDIA;(33)8703004;;
Suknie Ślubne LIDIA;605035258;;
Suknie Ślubne LILIA;572688336;;
Suknie Ślubne LUISA;(81)4445116;;
Suknie Ślubne Scarlet;502037320;;
Suknie Ślubne SCARLETT;532123100;;
Suknie Ślubne SISSI;696210208;;
Suknie Ślubne VICTORIA;660794682;;
SUKNIE ŚLUBNE Wypożyczalnia i komis;(17)8529594;;
Suknie Ślubne, Komunijne ANNA;(22)7870565;;
SYRENKA Salon Mody Ślubnej;504055258;;
SZYK I ELEGANCJA Salon Ślubny;(91)5732343;;
Ślub CENTRUM Svadba;(33)8582466;;
ŚLUBNE ATELIER;(22)2247051;;
ŚLUBNE ATELIER;501936461;;
ŚLUBNY DOM;(22)8531015;;
ŚLUBNY DOM;730704530;;
Ślubny Portal;793734438;;
ŚLUBNY ZAKĄTEK;668776722;;
Świat Sukien GRACJA;(33)8213962;;
Świat Sukien GRACJA;603564988;;
TARA Salon Mody Ślubnej;(33)8444127;;
TARA Salon Mody Ślubnej;502770796;;
Temarko;(042)6817791;;
Temarko;502301415;;
TESSA Moda Ślubna;605418746;;
TESSA Moda Ślubna;603063526;;
THE-A Fashion Studio i Salon Ślubny;502026015;;
Ti-Amo Suknie Ślubne;501646322;;
Ti-Amo Suknie Ślubne;(43)8281827;;
TRENDY BRIDE Salon Sukien Ślubnych;(18)5474522;;
TYLKO ONA;(22)8385533;;
TYLKO ONA;(22)6367464;;
Usługi Krawieckie Barbara Lenda;602699556;;
VENIKA Monika Dudek;509053647;;
Venus Suknie Ślubne, Komunijne, Ubranka do Chrztu;(42)6840641;;
Venus Suknie Ślubne, Komunijne, Ubranka do Chrztu;798486661;;
VESTIDO;600257135;;
Viola Centrum Mody Ślubnej;(034)3683593;;
Vitalia;600660556;;
VIVIEN Salon Sukien Ślubnych, Pracownia Krawiecka;(75)7731955;;
VIVIEN Salon Sukien Ślubnych, Pracownia Krawiecka;604282730;;
WEDDING ART;512353686;;
Wedding Room JUSTINA & ALEXANDRA;532089317;;
Wedding Room JUSTINA & ALEXANDRA;509396946;;
WELON Stroje Ślubne i Komunijne;692633819;;
WELON Stroje Ślubne i Komunijne;781167999;;
WHITE LADY Suknie Ślubne Paula Gładysińska;504141086;;
WHITE ROSE Salon Sukien Ślubnych;602236151;;
WHITE ROSE Salon Sukien Ślubnych;660459825;;
Wiktoria Salon Sukien Ślubnych Ewa i Paweł Stróżyńscy;664823195;;
Wiktoria Salon Sukien Ślubnych Ewa i Paweł Stróżyńscy;(32)7622866;;
Wilvorst;(71)3438882;;
Wilvorst;(71)7181710;;
Windermann Suknie Ślubne;500078824;;
Witt Obuwie Ślubne;605628534;;
Witt Obuwie Ślubne;606368131;;
WS Fashion Sklep Internetowy I-slubny.pl;516280150;;
WS Fashion Sklep Internetowy I-slubny.pl;516280151;;
Wypożyczalnia Sukien Ślubnych ANTONELLA;792231927;;
Wypożyczalnia Sukien Ślubnych MARIA;(16)6210823;;
Wypożyczalnia Sukien Ślubnych MARIA;604670681;;
Z.P.H.U EVE;(77)4418964;;
Z.P.H.U EVE;784076325;;
Zakład krawiecki Hnatuśko-Alby Komunijne;608215159;;
Zakład krawiecki Hnatuśko-Alby Komunijne;(68)3216872;;
ZlotyAniol.pl;512120512;;
ZuZa Pracownia Welonów Ślubnych;(42)2796223;;
ZuZa Pracownia Welonów Ślubnych;(42)6406663;;
Afrodyta Iwona Rduch;(32)4552859w.44;;
Afrodyta Iwona Rduch;502612969;;
ANIELSKI SKLEPIK;606326665;;
ANITA Pracownia Krawiecka;(61)8938528;;
ANITA Pracownia Krawiecka;667871281;;
ANNA-S;605312170;;
ANNA-S;515285020;;
Artystyczna Pracownia Krawiecka J.TURBASA;(12)4215343;;
ASmen Moda Męska i Damska;(33)8410918;;
ASmen Moda Męska i Damska;602382498;;
Boutique LA BELLE;504037443;;
BraVo;792760777;;
Butik FEMINI;690688626;;
BUTIMEX Obuwie Ślubne;602473064;;
BUTIMEX Obuwie Ślubne;(34)3279580;;
Core Adrian Kaczor;603833482;;
DARA Firma Odzieżowa i Dom Mody;(61)8125339;;
DARA Firma Odzieżowa i Dom Mody;(61)8125339w.17;;
Dekoracje Weselne KRYSTIAN S.c. A.J.Markowscy;(22)6704014;;
Dekoracje Weselne KRYSTIAN S.c. A.J.Markowscy;698911690;;
Dekorata;(22)6487097;;
Dekorata;508378258;;
Deli Market Sp. z o.o.;(12)2855700;;
Deli Market Sp. z o.o.;(12)2855720;;
DIAK P.P.H.U. Danuta Dróżdż;(34)3720645;;
DIAK P.P.H.U. Danuta Dróżdż;601453755;;
Dobry Nastrój Jarosław Matusiak;501610967;;
Dobry Nastrój Jarosław Matusiak;508277060;;
Dom Mody BRODZIŃSKA;(22)6542151;;
Dom Mody GISELLE;(81)7464040;;
DORISZ Pracownia Projektowo-Krawiecka;512228473;;
ELEGANT ZONE S.c. Dorota i Krystyna Kasprowicz;695163389;;
Elizabeth;(22)8275352;;
EMMA Suknie Ślubne i Komunijne;(48)3600027;;
EMMA Suknie Ślubne i Komunijne;(48)3600046;;
F.H trend;(32)3264304-sklepinternetowy;;
F.H trend;602612121-Działdamski;;
FAMILTEX Hurtownia Ślubna, Wedding Wholesale;(22)8180726;;
FHU Hand-Mix Centrum Usług Weselnych Krzysztof Staniak;503564196;;
Firma CORUNDUM Sp. z o.o.;(71)3444609;;
Firma CORUNDUM Sp. z o.o.;(71)3444612;;
Firma Konfekcyjno-Handlowa KRISTYL;(44)7239170;;
Firma Konfekcyjno-Handlowa KRISTYL;(44)7258052;;
GARNITURY Stępniak;(61)8106905;;
GARNITURY Stępniak;606509565;;
GODAN PLUS Wedding Company;(68)3240328;;
GODAN PLUS Wedding Company;603073767;;
GUGUSIE Marzena Polankowska-Kijek;606117798;;
iDEOdesign Krawiectwo Artystyczne działające przy Pracowni Kreowania Wyglądu iDEOstyling;507000507;;
Józefinka - Ubranka do Chrztu;605965513;;
KONI-ART Koronki Koniakowskie;698135082;;
Krawiectwo Konfekcyjne Buczek Franciszka;(13)4352294;;
Krawiectwo Konfekcyjne Buczek Franciszka;696044410;;
Kurier Weselny;(61)8474030;;
Kurier Weselny;502125226;;
Lady M.;(15)8222481;;
Lady M.;516081518;;
Little Black;694943911;;
Madlen Magdalena Muszyńska;726098607;;
MAGIC MOMENTS Event & Wedding Planners;535331033;;
Malibu Moda Męska;(52)3738990;;
Malibu Moda Męska;(52)3458246;;
MARIA Suknie Ślubne;(22)6442832;;
MARIA Suknie Ślubne;602610766;;
Milita Nikonorov;698454835;;
Moda-Pol;(33)8100653;;
Moda-Pol;(33)8100655;;
MODENA - Studio Dekoracji Wnętrz i Salon Sukien Ślubnych;(33)8123551;;
Modini Internetowy Salon Mody;(52)3210578;;
P. U.-H. WITEK;603682457;;
P.H.U. EVITA;(12)6565522;;
P.H.U. EVITA;(12)2624249;;
P.P.H. ELSNER;(32)4558904;;
P.P.H.U. ADONIS;(55)2360877;;
P.P.H.U. KORBIK;(56)4624808;;
P.P.H.U. KORBIK;(56)6427670;;
P.P.H.U. KRAMEX Krystyna Brzezińska;(87)5679073;;
P.P.H.U. KRAMEX Krystyna Brzezińska;(87)5657254;;
P.P.U.H. Amalfi;(12)6586817;;
P.P.U.H. Amalfi;509479889;;
PAWIS-GARNITURY;(71)3771895;;
PAWIS-GARNITURY;(71)3549673;;
PAWIS-GARNITURY;(42)6847536;;
PAWIS-GARNITURY;(42)6802825;;
PAWIS-GARNITURY;(41)3444827;;
PAWIS-GARNITURY;(44)6331286;;
PAWIS-GARNITURY;(22)6733788;;
PAWIS-GARNITURY;(22)8948660;;
PAWIS-GARNITURY;(62)7668759;;
PEARL LINE;603153311;;
PEARL LINE;(22)2916264;;
POSH VISAGE Katarzyna Figiel;784037733;;
POSH VISAGE Katarzyna Figiel;(32)6742816;;
PPHU JESSI S.c. Szołtysek i Spółka;(32)2357854;;
PPHU JESSI S.c. Szołtysek i Spółka;606616885;;
Pracownia CreoModa;503749737;;
Pracownia Krawiecka ASMODA;607766573;;
Pracownia Krawiecka KAMI;660358724;;
Pracownia Krawiecka KAMI;535009070;;
PRACOWNIA KRAWIECKA Magdaleny Dekier;(61)8283311;;
PRACOWNIA KRAWIECKA Magdaleny Dekier;691860192;;
Pracownia Stroików Ślubnych Fantazja;(91)4842707;;
Pracownia Stroików Ślubnych Fantazja;(91)4842750-51;;
Pracownia Sukien Ślubnych i Balowych VISUAL CHRIS;(61)8205123;;
Pracownia Sukien Ślubnych i Balowych VISUAL CHRIS;693749622;;
PRONUPTIA;(42)6330044;;
Przedsiębiorstwo Produkcyjno-Handlowe GiG Grzegorz Gronczewski;604647920;;
Przedsiębiorstwo Usługowe Krzysztof Jarosz;663307315;;
Przedsiębiorstwo Usługowe Krzysztof Jarosz;600596506;;
R&M Profesjonalna Stylizacja Wizerunku Marta Piątkowska;(91)8201761;;
R&M Profesjonalna Stylizacja Wizerunku Marta Piątkowska;512197376;;
RAPHAEL Salon Mody Męskiej;601756728;;
RAPHAEL Salon Mody Męskiej;(74)6681060;;
RECMAN Sp. z o.o.;(87)5632590;;
RECMAN Sp. z o.o.;(87)5632599;;
ROMANTICA Salon Ślubny;(91)4842404;;
ROMATEX Producent Konfekcji Damskiej;662294120;;
Salon Josephine;(012)6338150;;
Salon Josephine;728258063;;
Salon Mody Ślubnej Lisa Ferrera;(17)8568792;;
Salon Sukien Ślubnych Chassmi i Mirella;(44)7252612;;
Salon Sukien Ślubnych i Wieczorowych Rossaline;500727317;;
Salon Sukien Ślubnych MIRAGE;(25)6440315;;
Salon Sukni Wieczorowych i Okazjonalnych DAGNEZ;126287568;;
Salon Sukni Wieczorowych i Okazjonalnych DAGNEZ;(12)6563958;;
SAMUEL Barbara i Ryszard Blajer;(32)2490082;;
SAMUEL Barbara i Ryszard Blajer;601437387;;
Sara Damm;(012)2660165;;
Sara Damm;501356705;;
SHANI TRISS;604133371;;
SHANI TRISS;608328026;;
Stara Garbarnia Banquet Park;(71)3547777;;
Stara Garbarnia Banquet Park;(71)3547781;;
Stolarnia Regionalna U Łukaszczyka;(18)2074593;;
Studio Galanterii Ślubno-Komunijnej MONIKA Wiesław Wolnik;(42)6347777;;
Studio Mody CAPRICORNUS;609528007;;
Studio Mody PRESTIGE;604612903;;
Studio Mody PRESTIGE;602689138;;
STUDIO MODY ŚLUBNEJ I WIECZOROWEJ GREIS Marzanna Sugalska;501526181;;
ŚLUBNA TV Telewizja Internetowa;(22)6536732;;
ŚLUBNA TV Telewizja Internetowa;(22)6536731;;
Światłoczuli Agata i Przemek Namiecińscy;530810300;;
THE ONLY ONE;882131794;;
TIVIANO Pracownia Projektowa Krawiectwa Miarowego;506438583;;
TZ męskie Atelier;601670779;;
Welony - Pracownia Haftu Artystycznego;(42)2147799;;
Welony - Pracownia Haftu Artystycznego;507798161;;
Wypożyczalnia Kostiumów Teatralnych Teatr TRAKT;608106879;;
