DIVERSO Fabryka Mebli;530311111;;
DIVERSO Fabryka Mebli;787240400;;
MEBLE WOŹNIAK;(62)7375510;;
MEBLE WOŹNIAK;(62)7375524;;
Adriana Furniture;(56)6772172;;
Adriana Furniture;885853301;;
BETA KIERAKOWICZ Producent Mebli Tapicerowanych Tadeusz Kierakowicz;(62)7226898;;
BETA KIERAKOWICZ Producent Mebli Tapicerowanych Tadeusz Kierakowicz;(62)7226899;;
CHESTERFIELD Meble;696833124;;
CHESTERFIELD Meble;606488042;;
ISTE Sp. z o.o.;(68)3513290;;
ISTE Sp. z o.o.;(68)3513588;;
J-Z Przedsiębiorstwo Meblowe;(61)8172482;;
J-Z Przedsiębiorstwo Meblowe;(61)8174038;;
MEBLE TAPICEROWANE Jan Bujnowski i Syn S.c.;(58)3412677;;
MEBLE TAPICEROWANE Jan Bujnowski i Syn S.c.;601840284;;
P.P.H.U. RAFEK;(22)7229518;;
P.P.U.H. TARES;(17)7721289;;
P.P.U.H. TARES;600445150;;
PPHU ALDAR Import Export;(62)7812025;;
PPHU ALDAR Import Export;604430569;;
TOMAX;512736848;;
Zakład Produkcji Mebli SOFEX Sp.j. Mirosław Gąsior;(61)4284600-01;;
Zakład Produkcji Mebli SOFEX Sp.j. Mirosław Gąsior;(61)4284604;;
Bart Meble;606906354;;
Bart Meble;(85)7492149;;
Deluxe Meble;784391303;;
Deluxe Meble;889212389;;
MARKOS;(61)8172575;;
MARKOS;602387625;;
Meble Tapicerowane na Wymiar Zakład Tapicerski A.A.Rojek;(58)3014853;;
Meble Tapicerowane na Wymiar Zakład Tapicerski A.A.Rojek;605695215;;
P.P.H.U. Stolarstwo-Tapicerstwo Andrzej Kuźnik;(62)7316818;;
P.P.H.U. Stolarstwo-Tapicerstwo Andrzej Kuźnik;(62)7316086;;
PPUH STOLAR Sp.j.;(62)7826900;;
PPUH STOLAR Sp.j.;(62)7826902;;
TOMEX;531850820;;
TOMEX;791611096;;
WFM Sp. z o.o. WĄGROWIECKIE FABRYKI MEBLI;(67)2680651-52;;
WFM Sp. z o.o. WĄGROWIECKIE FABRYKI MEBLI;(67)2680654;;
WINTECH PRODUCTION GROUP Sp. z o.o.;(63)2162500;;
WINTECH PRODUCTION GROUP Sp. z o.o.;882012125;;
Art MEBLE Pracownia Tapicerska Maciej Karczmarski;603220137;;
Comforty;(62)7629573;;
Comforty;(62)7629555;;
CrisTap Producent Mebli Tapicerowanych;(58)6775239;;
DOMINEX PLUS Sp.j.;(33)8445720-22;;
ELTIM Producent Mebli Tapicerowanych;(33)8765012w.1;;
Fabryka Mebli Gala Collezione Sp. z o.o.;(52)5836513;;
Fabryka Mebli Gala Collezione Sp. z o.o.;(52)5838195;;
FRANZ-POL Zakład Usługowo-Handlowy Sp. z o.o.;(68)3852365;;
FRANZ-POL Zakład Usługowo-Handlowy Sp. z o.o.;(68)3856200;;
FURINI Świat Puf i Foteli;512681513;;
FURINI Świat Puf i Foteli;(18)4140670;;
Jacob Furniture;(24)3642131;;
Jacob Furniture;603519318;;
KOMIKO-PLUS Sp. z o.o.;508351313;;
KOMIKO-PLUS Sp. z o.o.;519186422;;
KRZYSZTOF Studio Mebli Tapicerowanych Krzysztof Pawlak;(42)6374615;;
KRZYSZTOF Studio Mebli Tapicerowanych Krzysztof Pawlak;605317425;;
MASKET;(84)6393210;;
MASKET;(84)6381318;;
Meble Bistyga Tomasz Bistyga;(33)8177277;;
Meble Bistyga Tomasz Bistyga;501079935;;
Meble Bravo;668854221;;
Meble Bravo;660442920;;
MEBLE DAREX Zakład Produkcji Mebli Tapicerowanych;(61)8184235;;
MEBLE DAREX Zakład Produkcji Mebli Tapicerowanych;500177011;;
Meble Tapicerowane Maciej Góralczyk;513085306;;
Meble Tapicerowane Maciej Góralczyk;784079025;;
MIŁAD;(58)6818595;;
MIŁAD;(58)6859622;;
MOMA STUDIO;(22)2437671;;
MOMA STUDIO;664890337;;
MYSLOWSKI Meble Tapicerowane;(81)7443238;;
MYSLOWSKI Meble Tapicerowane;661543603;;
NEW DESIGN;730026840;;
NEW DESIGN;533114699;;
P.H.P.U. Meblocomplex;(58)6819971;;
P.H.P.U. Meblocomplex;606179527;;
P.P.H. SILVER STONE;(77)4211914;;
P.P.H. SILVER STONE;501482358;;
P.P.H.U. GAMMEB;(32)4317844;;
P.P.H.U. GAMMEB;609455278;;
Przedsiębiorstwo Produkcyjno-Handlowe MEBLE-KRASZEWICE Sp.j. Jerzy Radzimowski, Grzegorz Zawada;(62)7327576-77;;
Przedsiębiorstwo Produkcyjno-Handlowe MEBLE-KRASZEWICE Sp.j. Jerzy Radzimowski, Grzegorz Zawada;(62)7327574;;
Przedsiębiorstwo Produkcyjno-Usługowo-Handlowe ALEX Aleksander Madej;(33)8765577;;
Przedsiębiorstwo Produkcyjno-Usługowo-Handlowe ALEX Aleksander Madej;602607329;;
RAMARO Zakład Tapicerski;600257452;;
RAMARO Zakład Tapicerski;608611185;;
Warmińskie Meble Tapicerowane S.c Krzysztof Staszkiewicz, Maciej Kujawiak;512261193;;
Warmińskie Meble Tapicerowane S.c Krzysztof Staszkiewicz, Maciej Kujawiak;506363506;;
Wielobranżowe Przedsiębiorstwo Produkcyjno-Usługowo-Handlowe MEBLECH Lech Baś;(62)7312048;;
Wielobranżowe Przedsiębiorstwo Produkcyjno-Usługowo-Handlowe MEBLECH Lech Baś;(62)7312715;;
Zakład Stolarsko-Tapicerski RODAN P.U.H.;(62)7832999;;
Zakład Stolarsko-Tapicerski RODAN P.U.H.;(62)7832998;;
Zakład Tapicerski MEBEL;(32)2290006;;
ŻAKARD;(25)6330256;;
ŻAKARD;507134464;;
F.H.U. TAPI Paweł Grajny;663553320;;
Roland Meble;604591311;;
ABi - meble biurowe i krzesła;(71)3522109;;
ABi - meble biurowe i krzesła;604116682;;
Bajus Jarosław www.meble24.sklep.pl;(68)4702424;;
Bajus Jarosław www.meble24.sklep.pl;(68)4553309;;
BAT-TECH Barbara Szramek;(55)2314932;;
BIUROTECHNIKA Meble Biurowe;(91)4853963;;
BIUROTECHNIKA Meble Biurowe;(91)4822913;;
Black Red White Salon Partnerski - FUH IGMAR;(94)3427315;;
Black Red White Salon Partnerski - FUH IGMAR;660784891;;
Centrum Mebli i Oświetlenia MEGA MEBLE;(22)5781111;;
Centrum Mebli i Oświetlenia MEGA MEBLE;(22)5781110;;
Centrum Mebli Rattanowych i Stylowych;(22)8516101;;
Centrum Mebli Rattanowych i Stylowych;603680926;;
DARKO Producent Stołów i Krzeseł;(62)7813079;;
DARKO Producent Stołów i Krzeseł;510176151;;
Dom Meblowy JARJANKA;(25)7585784;;
Fabryka Mebli MARIDEX;(62)7827772;;
Fabryka Mebli MARIDEX;(62)7819407;;
Fabryka Mebli MEBLAR Sp.j.;(62)7818295;;
Fabryka Mebli MEBLAR Sp.j.;(62)7810338;;
Fabryka Mebli MEBLOSTEF Stefan Przepiórski;(74)8458329;;
Fabryka Mebli MEBLOSTEF Stefan Przepiórski;(74)8458899;;
HEBAN Meble;(58)3410422;;
HEBAN Meble;(58)5204276;;
INDECO MARDO Mariusz Nalewajk;(22)2531336;;
INDECO MARDO Mariusz Nalewajk;602111643;;
Internetowy Sklep Meblowy KLAWE;517127082;;
Internetowy Sklep Meblowy KLAWE;517132579;;
INTEROPAL Sp. z o.o.;660685380;;
INTEROPAL Sp. z o.o.;(61)4474100;;
ITALMEBLE WARSZAWA S.c.;(22)7446335;;
Korporacja Texlen Sp. z o.o.;(34)3510289;;
Korporacja Texlen Sp. z o.o.;(34)3510288;;
MEBLOSTYL;(84)6972196;;
P.P.U.H. TECHNET;(25)7812857;;
POTULICE Państwowe Przedsiębiorstwo Przemysłu Meblarskiego i Budownictwa;(52)3866910;;
POTULICE Państwowe Przedsiębiorstwo Przemysłu Meblarskiego i Budownictwa;(52)3866926;;
PPHU PYTON Sklep Meblowy;(42)2274878;;
PPUH KAMAR meble;660684269;;
PPUH KAMAR meble;604780218;;
ŚWIAT SYPIALNI - Meble, Materace;(22)7112522;;
ŚWIAT SYPIALNI - Meble, Materace;502685450;;
T.K.S.J. Tonix Meble Szczurek;(12)3572031;;
T.K.S.J. Tonix Meble Szczurek;(12)2722428;;
Usługi Artystyczne w Drewnie Leszek Pestka;608427510;;
Varsovia Meble;(22)7833198;;
BELLDECO;(61)8628720;;
BIURO TEST S.c. K.Kądzielska i E.Orłowska;(71)3544216;;
BIURO TEST S.c. K.Kądzielska i E.Orłowska;605252915;;
Classic Meble;(58)7325039;;
Classic Meble;602533191;;
Comfort-Pur Łóżka Hotelowe;884680680;;
Comfort-Pur Łóżka Hotelowe;(56)3070330;;
DEKORA-DOM S.c.;(32)2742213;;
Dogmeble - sklep meblowy;(18)5474442;;
Dogmeble - sklep meblowy;535533103;;
DOMAR S.A.;(81)5324030;;
DOMAR S.A.;(81)5327945;;
F.H.U. U Holendra;(32)2781312;;
Firma MIGO 1 S.c. Trzcionka, Gołda;(32)2421994;;
Firma MIGO 1 S.c. Trzcionka, Gołda;501021188;;
HENTER S.c. - Zakład Produkcji Mebli;(55)2317652;;
KSM Kumor, Stańdo Sp.j. C.A.T.;(18)2669155;;
KSM Kumor, Stańdo Sp.j. C.A.T.;(18)2649720-21;;
LIBOR - Salony Meblowe;(32)7387700Salon;;
LIBOR - Salony Meblowe;603151530Salon;;
M.K.M. Meble Sp. z o.o.;(67)3431589;;
M.K.M. Meble Sp. z o.o.;519400884;;
Meble STENCEL;(58)6816024;;
Meble STENCEL;603666105;;
Polskie Pufy;600625700;;
PPHU MEBLOMARK;(62)5870500;;
PPHU MEBLOMARK;(62)5870509;;
Salon Meblowy BAX-POL meblewkoszyku.pl;(56)6781813;;
Salon Meblowy BAX-POL meblewkoszyku.pl;668588242;;
Sendecki Meble;(59)8103358;;
Sendecki Meble;509124718;;
STIMMEBEL;(22)7575335;;
STIMMEBEL;602483785;;
ADA Salon Meblowy;(12)2743361;;
ADA Salon Meblowy;605998810;;
AK system Materiały Budowlane Sp. z o.o.;507261375;;
AK system Materiały Budowlane Sp. z o.o.;889510499;;
Anatol - Tapicer Przedsiębiorstwo Usługowe Anatol Korolczuk;601573491;;
ART STYL Jerzy Tomkowiak;508171699;;
ART STYL Jerzy Tomkowiak;512225101;;
BUDOMEX II Przedsiębiorstwo Produkcjno-Handlowo-Usługowe Violetta Marszalec;(58)5628123;;
DANUTA Pawilon Handlowy;(44)6328722;;
DREWSYSTEM PPU;(17)2214444;;
DREWSYSTEM PPU;(17)2214445;;
E&K Domagała Sp.j.;(62)7856070;;
E&K Domagała Sp.j.;(62)7856667;;
ED Edward Dziurdzik;(18)2651055;;
ED Edward Dziurdzik;(18)2641277;;
Euro-Styl S.c. P.P.H.U.;(17)8565643;;
Euro-Styl S.c. P.P.H.U.;(17)8540364;;
Fabryka Mebli Okrętowych FAMOS Sp. z o.o.;(58)5622786(sekretariat);;
Fabryka Mebli Okrętowych FAMOS Sp. z o.o.;(58)5634260(biurohandlowe);;
Firma ZIMMER Marta Zimmer;(12)4235449;;
Firma ZIMMER Marta Zimmer;512119512;;
Galeria Mebli MARKANN;(87)4233259;;
Galeria Mebli MARKANN;691490101;;
GOWA-MEBLE Sp.j.;(22)8702262;;
IMP Comfort Sp. z o.o.;(74)8583500;;
IMP Comfort Sp. z o.o.;(74)8583539;;
INDIVI Design Squad;(22)4024096;;
INDIVI Design Squad;(22)4024097;;
INTER-S Sp. z o.o.;(62)7912600;;
INTER-S Sp. z o.o.;(62)7912601;;
JAG PPH Sp. z o.o.;(62)7634135;;
Jawor Salon Meblowy;(15)8723082;;
Jawor Salon Meblowy;(15)8723084;;
JP.CARINEX - Sklepy Meblowe;(16)6210748;;
JP.CARINEX - Sklepy Meblowe;(16)6241535;;
Kolorowych snów.pl;(42)6498646biurowiec;;
Kolorowych snów.pl;789393390kontener;;
KONTIK Zakład Tapicerski;(94)3126380;;
KONTIK Zakład Tapicerski;602364295;;
M.P. Polska Sp. z o.o.;(22)4300450;;
M.P. Polska Sp. z o.o.;(22)4300451;;
Materace ALVARE;(22)2401122;;
Materace ALVARE;796354654;;
MATTE Sp. z o.o.;(32)7242524;;
MATTE Sp. z o.o.;692987987;;
MEBIN;(44)6821195;;
MEBIN;(44)6820824;;
Mebland I;605095848;;
Mebland I;603747131;;
Meble BENEDYK;(33)8766296;;
Meble BENEDYK;602742674;;
Meble Dojlidy;512480600;;
Meble Dojlidy;(85)7321313;;
Meble DUKAT;(15)8761703RudniknadSanem;;
Meble DUKAT;(17)2412825NowaSarzyna;;
MEBLE IDEA;(85)6539666;;
MEBLE IDEA;(85)6539620;;
Meble Krasoń S.c.;(59)8626844;;
Meble Kudowa;(74)8663830;;
Meble Posejdon - Materace, Szafy;(22)7575003;;
Meble Posejdon - Materace, Szafy;(22)7502835;;
MEBLE WANAT;794060060;;
MEBLE WANAT;790358919;;
MEBLOEXPERT Sklep Firmowy Black Red White;(75)7719432;;
MEBLOEXPERT Sklep Firmowy Black Red White;(75)7758491;;
Meblostyle;(13)4327571;;
Meblostyle;606820646;;
MILA Sp. z o.o.;(34)3607340;;
MILA Sp. z o.o.;(34)3607348;;
Monika Meble;(18)4461652;;
Monika Meble;(18)4490775;;
OPTIMA Sp.j.;(76)8548601;;
OPTIMA Sp.j.;696140427;;
P.H.U. Ziemanex;(59)7282309;;
P.H.U. Ziemanex;506429479;;
P.P.H.U. ARKOS;(62)7861732;;
P.P.H.U. ARKOS;(62)5994114;;
PHU Tapicerstwo;(46)8339076;;
PHU Tapicerstwo;509934534;;
Praj Sp. z o.o. Tapicerowanie;501018298;;
PRO-WELLNESS Jurczyk, Abu El Ella, Cyran, Szpak Sp.j.;(32)3530881;;
PRO-WELLNESS Jurczyk, Abu El Ella, Cyran, Szpak Sp.j.;697819893;;
RIS Tartak;604175312;;
RIS Tartak;(75)7413242;;
Sklep Meblowy KOZŁOWSCY;(22)8341158;;
Spółdzielnia Inwalidów PIONIER;(33)8233722;;
Spółdzielnia Inwalidów PIONIER;(33)8233632;;
TAPICEX Zakład Produkcyjno-Handlowo-Usługowy;(56)6377053;;
TAPICEX Zakład Produkcyjno-Handlowo-Usługowy;604292083;;
Uni-Mebel;(63)2752375Słupca;;
Uni-Mebel;(63)2449806Konin;;
WROTEX T.A.S.K. Wrotek Sp.j.;(22)7350155;;
WROTEX T.A.S.K. Wrotek Sp.j.;(22)7350178;;
Wutkowscy Sp. z o.o.;(52)3340208;;
Wutkowscy Sp. z o.o.;(52)3340474;;
Zakład Tapicerski Macionczyk Kazimierz;(32)4511669;;
Zakład Tapicerski Macionczyk Kazimierz;661160106;;
Zakład Tapicerski Produkcyjno-Usługowy Henryk Wasiak;(013)4331715;;
Zakład Tapicerski Produkcyjno-Usługowy Henryk Wasiak;608725153;;
Green Valley Meble & Akcesoria;(44)7150727;;
Green Valley Meble & Akcesoria;502049352;;
MEBLANT Meble do Firm;(71)3112554;;
MEBLANT Meble do Firm;605828455;;
mebble.pl MAZURRO DIVANI;534106107;;
Meblonista;669303040;;
Meblonista;665001130;;
PPHU MAX Anna Smołka;530444342;;
PPHU MAX Anna Smołka;607166749;;
A.E. Klemke Tapicerstwo P.P.H.U.;(61)8307762;;
A.E. Klemke Tapicerstwo P.P.H.U.;603077923;;
ADMAR Adam Mazur Fabryka Mebli Mazur Collezione;534106107;;
ADMAR Adam Mazur Fabryka Mebli Mazur Collezione;534107106;;
AGpol;(61)4777786-87;;
AGpol;(61)4777791;;
AK Design;(32)4511912;;
AK Design;609581445;;
ALAMA;(58)7186913;;
ALAMA;509043936;;
Aler Meble;794113291;;
ALLADYN Sp.j.;(14)6122505;;
ALLADYN Sp.j.;784659758;;
Almoc;(34)3659977;;
AMSTEL Meble;(81)7449989;;
Andpol Sp.j Paweł i Urszula Andrzejewscy;(61)4270510;;
Antique Rafał Suchowiecki;(32)3824234;;
Apetyczne Formy Anna Karasińska;882097882;;
ARISmebel;(61)8551410;;
ARISmebel;(61)6511872;;
ARTEX-MEBEL Sp. z o.o. Producent Mebli Tapicerowanych;(68)3638418;;
ARTEX-MEBEL Sp. z o.o. Producent Mebli Tapicerowanych;(68)3638424;;
ARTKON Producent Mebli Tapicerowanych Artur Konefelt;698637983;;
ARTLINE;(22)4991555;;
ARTLINE;(22)2035869;;
ASPOL Sp.j.;(34)3617345;;
ASPOL Sp.j.;(34)3617277;;
Babiak-Meble S.c.;(62)7821314;;
Babiak-Meble S.c.;(62)7823291;;
BASTER;(12)4152111;;
BASTER;(12)4153404;;
BECCO Meble;(59)8113929;;
BECCO Meble;502235397;;
BFM-ETAP Sp. z o.o.;(052)5838613;;
BFM-ETAP Sp. z o.o.;(052)5838660;;
BLOND's Promotion Wojciech Blond;(22)6785458;;
BLOND's Promotion Wojciech Blond;602221914;;
BODHI LINE Sp.j.;(74)6441616;;
BODHI LINE Sp.j.;(74)6441606;;
BOMA;509860921;;
BRW SOFA Sp. z o.o.;(89)5389203;;
BRW SOFA Sp. z o.o.;(89)5389205;;
BUKPOL;(95)7415635;;
BUKPOL;513488122;;
Carmen Aneta Zdyb Wojciech Kitajewski Sp.j.;(81)7429731;;
Carmen Aneta Zdyb Wojciech Kitajewski Sp.j.;(81)7429441;;
Centrum Zakład Tapicerski Krzysztof Kawka;(63)2720092;;
Centrum Zakład Tapicerski Krzysztof Kawka;602668106;;
CHOJMEX Fabryka Mebli;(62)7826350;;
CHOJMEX Fabryka Mebli;(62)7826353;;
COMET Fabryka Mebli Sp. z o.o.;(61)8716710;;
COMET Fabryka Mebli Sp. z o.o.;(61)8716712;;
COMFORT COLLECTION Sp. z o.o.;(89)7419100;;
COMFORT COLLECTION Sp. z o.o.;(89)6755003;;
Compakt.pl;(95)7421990;;
Compakt.pl;509244556;;
COMPLET Chmielewscy Sp.j.;(61)4264997;;
COMPLET Chmielewscy Sp.j.;(61)4265033;;
CONTRAST;(22)7604337;;
CONTRAST;(22)7836631;;
Creativ Polska Sp. z o.o.;(61)2866977;;
Creativ Polska Sp. z o.o.;(61)2865716;;
DARKO MEBLE Eksport Import;501343732;;
Dekoratt;(22)6125388;;
Dekoratt;691755050;;
Dekorpaw;507118153;;
Dekorpaw;502590813;;
DES Sp.j.;(34)3537150;;
DES Sp.j.;(34)3537155;;
DFM Sp. z o.o.;(89)6153650;;
DFM Sp. z o.o.;(89)6153680;;
DOMIGRO Meble;(62)7393468;;
DOMIGRO Meble;502228993;;
DUO-STYL Usługi Stolarsko-Tapicerskie;604243170;;
DUO-STYL Usługi Stolarsko-Tapicerskie;602681337;;
DURAJ;(33)8637288;;
DURAJ;602462961;;
EKO LINE;(61)6515340;;
EKO LINE;(61)8174668;;
ELIOT Sp. z o.o.;(33)8730628;;
EMARC;508467090;;
eMebleTapicerowane.pl;664713846;;
eMebleTapicerowane.pl;698148123;;
EMILLA;666839916;;
EMILLA;692713560;;
EMPIRE Fabryka Mebli Skórzanych;(58)6796168;;
EMPIRE Fabryka Mebli Skórzanych;(58)6715002;;
eTapicer.pl;501210080;;
eTapicer.pl;512455166;;
Euroline Sp. z o.o.;(65)5292920;;
Euroline Sp. z o.o.;(65)5292809;;
EUROPA TRADING Sp. z o.o. Sp. k.;(61)8501855;;
EUROPA TRADING Sp. z o.o. Sp. k.;(61)8501854;;
Europol Meble Polska Sp. z o.o. Sp.komandytowa;(67)2828100-01;;
Europol Meble Polska Sp. z o.o. Sp.komandytowa;(67)2828200;;
EWERYS;(061)8181776;;
F.H.P. MAX;(71)3987092;;
F.H.P. MAX;(71)3171641;;
F.H.U. WIOLEKS;788509803;;
F.H.U. WIOLEKS;788964272;;
F.H.U.P. HUP Marian Rutka;(14)6523133;;
F.H.U.P. HUP Marian Rutka;(14)6513110;;
F.P.H. IWOX;(33)8763319;;
F.P.H. IWOX;(33)8763715;;
F.P.H.U. MEBLE ŁYPIK DESIGN;663582982;;
F.P.H.U. MEBLE ŁYPIK DESIGN;665455222;;
F.P.U.H. TINA;(34)3276926;;
F.W. MARTEX I;(52)3518796;;
F.W. MARTEX I;881206005;;
Fabryka Mebli BENIX Kaczorowscy Sp.j.;(62)7829116;;
Fabryka Mebli BENIX Kaczorowscy Sp.j.;(62)7829124;;
Fabryka Mebli DUET;(71)3987111;;
Fabryka Mebli DUET;721221103;;
Fabryka Mebli JANDAR;(41)2654060;;
Fabryka Mebli JANDAR;(41)2654350;;
Fabryka Mebli MIRJAN;(62)7826300;;
Fabryka Mebli MIRJAN;(62)7826304;;
Fabryka Mebli SPIN Sp.j.;(61)4284531;;
Fabryka Mebli SPIN Sp.j.;(61)4284532;;
Fabryka Mebli T&R ZIARKO;(87)5678931;;
Fabryka Mebli T&R ZIARKO;(87)5653920;;
Fabryka Mebli TAPEX;(43)8236361;;
Fabryka Mebli TAPEX;(43)8235682;;
Fabryka Mebli Tapicerowanych HENZAS;(67)2166384;;
Fabryka Mebli Tapicerowanych HENZAS;(67)2163259;;
Fabryka Mebli Tapicerowanych TOMBEA Sp. z o.o.;(61)8846230;;
Fabryka Mebli Tapicerowanych TOMBEA Sp. z o.o.;(61)8846233;;
Fabryka Mebli WER-SAL Kaczorowscy Sp.j.;(062)7829219;;
Fabryka Mebli WER-SAL Kaczorowscy Sp.j.;(062)7810233;;
Fabryka Mebli WIZA E.G.Wiśniewscy Sp.j.;(61)8188001;;
Fabryka Mebli WIZA E.G.Wiśniewscy Sp.j.;(61)8178575;;
Fabryka Mebli ZEW Divani;(68)3598510;;
Fabryka Mebli ZEW Divani;(68)3590099;;
Fabryka Okuć Meblowych STALMOT Sp. z o.o.;(089)6256690;;
Fabryka Okuć Meblowych STALMOT Sp. z o.o.;(089)6256696;;
Farmer Meble;(86)2755014;;
FASON S.c. Produkcja Mebli Tapicerowanych;(61)8149412;;
FASON S.c. Produkcja Mebli Tapicerowanych;692874269;;
FHU JAWOR Ewelina Jaworska;694556887;;
FHU JAWOR Ewelina Jaworska;(68)4552317;;
FHU Tessil;(16)6217106;;
FHU Tessil;600284718;;
Firma ECON Dorota Navus Wysocka;(58)6866606;;
Firma Handlowo-Usługowa AS;(86)2185358;;
Firma Handlowo-Usługowa AS;666833374;;
Firma MEBLOMAR Marcin Zygarowicz;(13)4315866;;
Firma MEBLOMAR Marcin Zygarowicz;503151618;;
Firma Meblowa RYMAR Ryszard Sobański;502258104;;
Firma Meblowa RYMAR Ryszard Sobański;(61)8188753;;
Firma PATEX Grzegorz Patej;(61)6516568;;
Firma PATEX Grzegorz Patej;602334566;;
Firma Produkcyjno-Handlowa Izabela Wysocka;513364288;;
Firma Produkcyjno-Handlowa Izabela Wysocka;794747402;;
Firma SIUDY;(62)7257261;;
Firma SIUDY;502284001;;
Firma Tapicerska;668181931;;
Firma Wielobranżowa DAVID;(62)7616809;;
Firma Wielobranżowa DAVID;(62)7616808;;
FLAIR Poland Sp. z o.o.;(59)8410951;;
FLAIR Poland Sp. z o.o.;(59)8443578;;
FPHU MEIER MEBLE Michał Meier;502028278;;
Furniture Village;519596633;;
Gabis;(61)4247673;;
Gabis;601308534;;
GKI-Design Grzegorz Irski;(34)3575146;;
GKI-Design Grzegorz Irski;693365532;;
Gortex Producent mebli;(62)7826950;;
Gortex Producent mebli;(62)7826951;;
GRECCO Artur Kasprzak;(33)4880415;;
GRECCO Artur Kasprzak;(33)4880410;;
GROVET Sp.j. Antosz i Wenta;(58)6856566;;
GROVET Sp.j. Antosz i Wenta;(58)6856727;;
HEST MEBLE Henryk Starosta;(58)6816445;;
HESTYL;(22)6294302;;
Hjort Knudsen Polen Sp. z o.o.;(67)3492151;;
Hjort Knudsen Polen Sp. z o.o.;(67)2876970;;
Hurtownia Materiałów Tapicerskich Andrzej Kwaśny;(62)5830061;;
Idea Meble Sp. z o.o.;(29)7410888;;
Idea Meble Sp. z o.o.;(29)7410878;;
IKER Producent Mebli ze Skóry Sp. z o.o.;(18)4428522;;
IKER Producent Mebli ze Skóry Sp. z o.o.;(18)4428886;;
ILIKO Sp. z o.o.;(67)2591013;;
ILIKO Sp. z o.o.;(67)2591039;;
Inter-Mal Mariusz Zuchowicz;666286286;;
INTERKRES Sp.j.;(84)6166946;;
INTERKRES Sp.j.;(84)6412742;;
Internetowy Sklep Meblowy Kalina;509033471;;
JANALX S.c.;(77)4332940;;
JANALX S.c.;(77)4338667;;
Jantur-Gryfex Sp. z o.o.;(75)7811305;;
Jantur-Gryfex Sp. z o.o.;(75)7811327;;
JAREXMEBEL;(58)3415946;;
JAREXMEBEL;(58)3418972;;
JORK Weronika Burakiewicz;886539277;;
JustWood Sp. z o.o.;606710248;;
JustWood Sp. z o.o.;600038054;;
K.T. Meble;510292662;;
K.T. Meble;500173771;;
K&D Meble;693479406;;
K&D Meble;607721872;;
K&K Meble Krzysztof Kazmierczak;(71)3158291;;
K&K Meble Krzysztof Kazmierczak;603502589;;
KD Collection S.c.;669101666;;
KD Collection S.c.;793008051;;
KOMEB Fabryka Mebli Tapicerowanych;601868994;;
KOMEB Fabryka Mebli Tapicerowanych;693395061;;
Komplet Plus Sp. z o.o.;(33)8708700;;
Komplet Plus Sp. z o.o.;(33)8708725;;
KOPREX PRO S.c. M.G. Koper;(22)7752286;;
KOPREX PRO S.c. M.G. Koper;(22)7752302wew.21,29;;
Kowalczyk Meble;518149684;;
Kowalczyk Meble;662799162;;
KPHU EURO MERCATOR Sp. z o.o.;(61)8724298;;
KPHU EURO MERCATOR Sp. z o.o.;(61)8724299;;
KRAMARCZYK Meble Tapicerowane;(33)8772951;;
KSIĄŻEK Tapicerstwo Meblowe;790888788;;
KUBERA MEBLE FPHU Jacek Kubera;(62)7824209;;
KUBERA MEBLE FPHU Jacek Kubera;(62)7820472;;
LECH-POL Sp. z o.o.;(62)7869310;;
LECH-POL Sp. z o.o.;(62)7869319;;
Lederzentrum Polska;(75)6106222;;
Lexxit Mebel Production & Trading Sp. z o.o.;(61)4449110;;
LIDO MEBEL;606444100;;
LIDO MEBEL;(62)7819557;;
Lubuskie Fabryki Mebli S.A.;(68)3824201;;
Lubuskie Fabryki Mebli S.A.;(68)3824167;;
ŁUKASZ-MEBLE;(62)7814169;;
ŁUKASZ-MEBLE;509493275;;
M 3 Service;(71)3571622;;
M 3 Service;(71)7815711;;
Mama&Kama;660675589;;
Markiewicz Karol Zakład Specjalistyczny Usługi Tapicerskie;(22)6192477;;
Markiewicz Karol Zakład Specjalistyczny Usługi Tapicerskie;609606502;;
MARTIN Marcin Zdziennicki;(61)4352919;;
MARTIN Marcin Zdziennicki;660670359;;
MATEX Sp. z o.o.;(61)4373300;;
MATEX Sp. z o.o.;(61)4373307;;
MAX MEBEL K.Zapert J.Galanek Sp.j.;(89)7428580;;
MAX MEBEL K.Zapert J.Galanek Sp.j.;(89)7428585;;
MB Design;(18)4432336;;
MB Design;(18)4432622;;
Mebel AKIMO;(34)3598272;;
Mebel AKIMO;(34)3505039;;
MEBELMAX;(89)5399050;;
Mebeltap Pracownia Tapicerska;(22)6700818;;
Mebeltap Pracownia Tapicerska;506377492;;
MEBHOL Producent Mebli;(13)4925938;;
MEBHOL Producent Mebli;(13)4472448;;
Meblarska Spółdzielnia ZRYW;(58)6721563;;
Meblarska Spółdzielnia ZRYW;(58)6721017;;
Meble - Internetowy Sklep Meblowy;512853052;;
MEBLE 2M Salon Meblowy;(91)4390505;;
MEBLE ABC;607746225;;
MEBLE ABC;(62)7820451;;
MEBLE ADAMSKI;692603082;;
MEBLE ADAMSKI;795508848;;
MEBLE ADAMSKI Przedsiębiorstwo Produkcyjno-Handlowo-Usługowe;(62)7316202;;
Meble BiK;(62)7810093;;
Meble BiK;(62)7209099;;
MEBLE BOGART.pl;(17)2502724;;
MEBLE BOGART.pl;791161616;;
Meble Bondyrz Sp. z o.o.;(84)5412022;;
Meble Bondyrz Sp. z o.o.;(84)6186715;;
MEBLE DROZDOWSKI - Zakład Stolarsko-Tapicerski Leszek Drozdowski;606126420;;
MEBLE DROZDOWSKI - Zakład Stolarsko-Tapicerski Leszek Drozdowski;889920239;;
Meble Dworaczyk;(34)3536390;;
Meble Dworaczyk;603994958;;
Meble Galicja;(16)6713487;;
Meble Galicja;788336265;;
Meble GÓRALCZYK;(33)8765007;;
Meble GÓRALCZYK;606158377;;
MEBLE KUCZ;(61)4475847;;
MEBLE KUCZ;604322148;;
Meble Marzenie Sp.j.;(62)7813038;;
Meble Marzenie Sp.j.;609221092;;
MEBLE OCALONE Pracownia Meblarska;663745736;;
MEBLE PODSIAD;(61)8173149;;
MEBLE PODSIAD;696447490;;
Meble Retro Orlikowski Kamil;796218621;;
MEBLE RZĄSA;(71)3831430;;
Meble Stasiak;(61)6511634;;
Meble Stasiak;605550448;;
Meble Stylowe;880452450;;
Meble Stylowe;(32)6716353;;
Meble Stylowe RAD-POL Sp. z o.o.;(22)7586669;;
Meble Stylowe RAD-POL Sp. z o.o.;(22)7282871;;
Meble T&T;787391872;;
MEBLE Tadeusz Wojtyniak;(61)8677984;;
MEBLE Tadeusz Wojtyniak;(61)6517111;;
Meble Tapicerowane OSTEK-MEBLE;691892890;;
Meble Tapicerowane Tadeusz Dziekan;(67)2120935;;
Meble Tapicerowane TUREK;886888912;;
Meble Tapicerowane TUREK;788664552;;
Meble Wypoczynkowe Mariusz Krzystek;(33)8725275;;
Meble Wypoczynkowe Mariusz Krzystek;604442873;;
MEBLEMAR Meble Tapicerowane;(17)7723848;;
MEBLEMAR Meble Tapicerowane;661258682;;
Meblers;692541760;;
MEBLES Wiesław Sarapata;(33)8765718;;
MEBLES Wiesław Sarapata;602768235;;
Meblex;(34)3620819;;
Meblex;608631567;;
MEBLEX Sp. z o.o.;(62)7687230;;
MEBLEX Sp. z o.o.;(62)7683120;;
MEBLOLAND;(48)3655152;;
Meblomak Sp. z o.o.;(58)7713470;;
Meblomak Sp. z o.o.;(58)6716976;;
MEBLOMIR Sp. z o.o.;(62)7812907;;
MEBLOMIR Sp. z o.o.;(62)7916301;;
MEBLOSŁAW Producent Mebli Tapicerowanych;(48)6186203;;
MEBLOSŁAW Producent Mebli Tapicerowanych;505053447;;
MebloSoft;(77)4662457;;
MebloSoft;(77)4662458;;
MEBLOWIL Z.P.U.H.;(59)8437538;;
MEBLUX;(58)6243777;;
MEBLUX;504171567;;
MIDAS MEBLE;(32)2636052;;
MIDAS MEBLE;501426881;;
MILO-USŁUGI TAPICERSKIE Łukasz Maciejewski;723492244;;
Mirotex Studio Tapicerskie;602124907;;
Mirotex Studio Tapicerskie;606425350;;
MOBEL OASE;(061)2913144;;
MOBEL OASE;(061)2913911;;
MONIKA Producent Mebli Tapicerowanych;510642046;;
MSC-MEBLE;(61)6510745;;
MSC-MEBLE;(61)6514170;;
MTI-Furninova Polska Sp. z o.o.;(89)7513265;;
MW TAPICERSTWO;530959973;;
Namięta Mariusz Usługi Tapicerskie;728363068;;
Namięta Mariusz Usługi Tapicerskie;(81)8819081;;
NES Tapicerstwo Meblowe;(61)8172983;;
NES Tapicerstwo Meblowe;(61)8172995;;
NEW-CONCEPT Sp.j.;501316233;;
NEW-CONCEPT Sp.j.;(85)6621095;;
Normatex PPHU Import Export;(61)8173175;;
Normatex PPHU Import Export;501157193;;
NOVA POLSKA;(61)2860611;;
NOVA POLSKA;(61)2860612;;
OKK Otlewski;(52)3329655;;
OLA MEBLE;661481626;;
OLA MEBLE;609107727;;
OPTISOFA Kasprzak T.J.Kasprzak Sp.j.;(33)8764232;;
OPTISOFA Kasprzak T.J.Kasprzak Sp.j.;(33)8764466;;
P.H. Corrado;(81)4688800;;
P.H.U. POLDREW Sp. z o.o.;601336356;;
P.H.U. POLDREW Sp. z o.o.;(42)6767000;;
P.H.U.P. JACEK;507134507;;
P.H.U.P. JACEK;(48)6175625;;
P.P.H.U INSPIRO;(44)7234840;;
P.P.H.U INSPIRO;(44)7235112;;
P.P.H.U. Bepema;(16)6311121;;
P.P.H.U. Bepema;(16)6311533;;
P.P.H.U. BRATTEX;607434978;;
P.P.H.U. EMTE;(63)2441100;;
P.P.H.U. EMTE;698613333;;
P.P.H.U. JARO;698280878;;
P.P.H.U. JARO;692027683;;
P.P.H.U. KINAS MEBLE;603916779;;
P.P.H.U. MEBAX;(61)8172946;;
P.P.H.U. MEBAX;602480542;;
P.P.H.U. PUSZMAN-MEBLE Magdalena Puszman-Kornak;(62)7852348;;
P.P.H.U. PYKA Sp.j. Gabriela Konik, Damian Pyka;(34)3536289;;
P.P.H.U. PYKA Sp.j. Gabriela Konik, Damian Pyka;(34)3536280;;
P.P.H.U. REMIX S.c.;(89)5128054;;
P.P.H.U. TOMPOL;(62)7819022;;
P.P.H.U. TOMPOL;(62)7813961;;
P.P.H.U. Viwa Mebel;(52)3568177;;
P.P.H.U. Viwa Mebel;(95)7205867;;
P.P.H.U. Viwa Mebel;(54)4262104;;
P.P.H.U. Viwa Mebel;(52)3568177;;
P.P.H.U. Viwa Mebel;(63)2493727;;
P.P.H.U. Viwa Mebel;(63)2493616;;
P.P.U.H. DRAWEX;(58)6858436;;
P.P.U.H. DRAWEX;(58)6858147;;
P.P.U.H. MARCUS MEBLE;696032341;;
P.P.U.H. POLDAR Dariusz Kusiak;606140159;;
P.U.H.P. Jurbo;604985149;;
P.U.H.P. Jurbo;(65)5482222;;
P.W. DOB-MEBLE S.c. Beata i Janusz Wychowaniec;(41)3913666;;
P.W. DOB-MEBLE S.c. Beata i Janusz Wychowaniec;(41)3913777;;
PAJMEBLE Tadeusz Pająk;(33)8765287;;
PAJMEBLE Tadeusz Pająk;600347585;;
PAMIL-MEB S.c. Kamil Pacut, Konrad Milka;(33)8436742;;
PAMIL-MEB S.c. Kamil Pacut, Konrad Milka;601256965;;
PATT Meble;(22)8126736;;
PERFEKT Sp. z o.o.;(89)6252973;;
PERFEKT Sp. z o.o.;(89)6255173;;
PHU Art;609057316;;
PLUSZAK Studio Tapicerskie;608536084;;
PLUSZAK Studio Tapicerskie;(61)6703843;;
POLAK Meble Sp.j. L.&M.Polak;(62)7824968;;
POLAK Meble Sp.j. L.&M.Polak;(62)7823798;;
POLDEM;(42)6338203;;
POLDEM;(42)2929411;;
PPHU ELJAZ Elżbieta & Jarosław Załomscy;(77)4103545;;
PPHU ELJAZ Elżbieta & Jarosław Załomscy;606755111;;
PPHU PASIEKA - Piotr Pasieka;(52)3855186;;
PPHU PASIEKA - Piotr Pasieka;607690586;;
PPHU SPOMAT Mirosław Pojasek;(61)8173196;;
PPHU SPOMAT Mirosław Pojasek;507142577;;
PPUH ASTRA Jacek Kokot;(62)7316768;;
PPUH EDMAX;500135449;;
PPUH EDMAX;(61)8173166;;
PPUH Gór-Sofa Sp.j.;(56)4989271;;
PPUH Gór-Sofa Sp.j.;(56)4989625;;
Pracownia Mebli WK;600268180;;
Pracownia Stolarsko-Tapicerska Jan Fiedor;(18)2758550;;
Pracownia Stolarsko-Tapicerska Jan Fiedor;885525690;;
Pracownia Tapicerska EMILKA;606495435;;
Pracownia Tapicerska RENOMEB;793197021;;
Pracownia Tapicerska TAP-ART;600379604;;
PRES MEBEL Sp. Z o.o. Spółka komandytowa;664048367;;
PRES MEBEL Sp. Z o.o. Spółka komandytowa;(34)3923008;;
PRIMAVERA FURNITURE;506039294;;
PRIMAVERA FURNITURE;(89)5141153;;
Producent Mebli JAREX;(62)7819155;;
Producent Mebli JAREX;(62)5943465;;
Producent Mebli Tapicerowanych KANITA;(32)6434167;;
Producent Mebli Tapicerowanych ROBTO;(55)2312768;;
Producent Mebli Tapicerowanych ROBTO;504196443;;
Produkcja Mebli Tapicerowanych MARPOL;501599965;;
Profesjonalna Renowacja Skóry;502353544;;
Profesjonalna Renowacja Skóry;508816069;;
Przedsiębiorstwo Produkcyjno-Handlowe BESO MEBLE Sp. z o.o.;(95)7205012;;
Przedsiębiorstwo Produkcyjno-Handlowe BESO MEBLE Sp. z o.o.;(95)7204359;;
Przedsiębiorstwo Produkcyjno-Handlowo-Usługowe ARES Sp.j.;(58)6658282;;
Przedsiębiorstwo Produkcyjno-Handlowo-Usługowe Bis-Forte Sp. z o.o.;502276321;;
Przedsiębiorstwo Produkcyjno-Handlowo-Usługowe Bis-Forte Sp. z o.o.;(68)3201134;;
Przedsiębiorstwo Usługowo Handlowe MOR Marian Kaczmarek;(58)5600393;;
Przedsiębiorstwo Usługowo Handlowe MOR Marian Kaczmarek;(58)5600394;;
Przedsiębiorstwo Wielobranżowe BO-WA-DE-2 Sp. z o.o.;(75)6452100;;
Przedsiębiorstwo Wielobranżowe BO-WA-DE-2 Sp. z o.o.;(75)6452101;;
Przedsiębiorstwo Wielobranżowe BOLIVAR;(62)7912220;;
Przedsiębiorstwo Wielobranżowe BOLIVAR;(62)7912222;;
Przedsiębiorstwo Wielobranżowe H.P.U. Eksport- Import Franciszek Błanek;(52)3985869;;
Przedsiębiorstwo Wielobranżowe H.P.U. Eksport- Import Franciszek Błanek;602105003;;
Przedsiębiorstwo Wielobranżowe REST;(59)8429818;;
Przedsiębiorstwo Wielobranżowe REST;508161152;;
Przedsiębiorstwo Wielobranżowe TOMEX;607970161;;
Przedsiębiorstwo Wielobranżowe WIŚNIEWSKI Sp.j.;(062)7914935;;
Przedsiębiorstwo Wielobranżowe WIŚNIEWSKI Sp.j.;(062)7819227;;
QUALICHAIRS Sp. z o.o.;(77)4620573;;
QUALICHAIRS Sp. z o.o.;(77)4620576;;
RAMPOL II Sp. z o.o.;(74)8102175;;
RAMPOL II Sp. z o.o.;(74)8102250;;
Raven Meble;(62)7822395;;
Raven Meble;601790761;;
RED-MEBEL;604348622;;
RED-MEBEL;796688680;;
REST Magdalena Herbeć;790806803;;
REWITEX Zakład Stolarsko-Tapicerski;(62)7818681;;
RIVAS S.c.;(56)6449883;;
RIVAS S.c.;722286735;;
Riviera Furniture Sp. z o.o.;(89)5141153w.10;;
Riviera Furniture Sp. z o.o.;(89)5141300;;
Riwe Group Sp. z o.o.;501866288;;
ROPEZ;(62)7819339;;
ROPEZ;(62)7829907;;
Salon Meblowy AGA;(46)8571864;;
Salon Meblowy AGA;503162262;;
Salon Meblowy ALAN;(67)2862801;;
Salon Meblowy ALAN;606426656;;
Salon Meblowy ForestMebel.pl;(58)7780803;;
Salon Meblowy ForestMebel.pl;(58)7780802;;
Salon Meblowy MEBEST;(61)8250577;;
Salon Meblowy MEBEST;(61)8422282;;
Salon Meblowy TIMEX;(81)7451181;;
Salon Meblowy Zakład Tapicerski;(58)6832223;;
Scarlett Meble S.c.;536222756;;
Scarlett Meble S.c.;537700697;;
Sen Ludwika Dariusz Mańkut;501461652;;
SERWUS PLAST;668426159;;
Sklep Meblowy VIOLA;(91)3122395;;
Sklep Meblowy VIOLA;605395528;;
Sklep Meblowy Zo-Ja;(71)3289784;;
Sklep Meblowy Zo-Ja;609295106;;
Smart Line Furniture 24 Sp. z o.o.;784090347;;
SOCHA Pracownia Mebli Wypoczynkowych;(58)3506005;;
SOCHA Pracownia Mebli Wypoczynkowych;(58)6781366;;
SOFKA;602305438;;
SOFKA;(54)2720203;;
SOFTAR Paweł Wójtowicz;(61)8146575;;
SOPHA;(22)6425029;;
STEINPOL CENTRAL SERVICES Sp. z o.o.;(95)7132400;;
STOL TAP Babij;695391667;;
STOL TAP Babij;695984190;;
STOL-TAP Jarosław Rutawski;(61)8172304;;
STOL-TAP Jarosław Rutawski;600896848;;
STOLMARK Krzysztof Świderski;(74)8330920;;
STOLTAP Meble Tapicerowane;(61)4361376;;
STOLTAP Producent Mebli Tapicerowanych;(58)5227113;;
STOLTAP Producent Mebli Tapicerowanych;(58)5528288;;
STRZELCZYK MEBLE Manufaktura Luksusowych Mebli Tapicerowanych;(22)8354351;;
STRZELCZYK MEBLE Manufaktura Luksusowych Mebli Tapicerowanych;505130940;;
Studio Gama;(22)6294316;;
Studio Gama;601570090;;
Super-Sofa Meble Tapicerowane;(22)3781488;;
Super-Sofa Meble Tapicerowane;692453608;;
SURMAR Meble Tapicerowane;(33)8764869;;
SURMAR Meble Tapicerowane;602678821;;
TAKER MEBLE;(52)3276640;;
TAKER MEBLE;507764713;;
Tapel;509243977;;
Tapicerstwo J.Garczyński;(42)6832555;;
Tapicerstwo J.Garczyński;602300106;;
Tapicerstwo Meblowe Waldemar Długiński;603964786;;
Tapicerstwo Rafał Stanuch;(33)8764138;;
Tapicerstwo Rafał Stanuch;502297159;;
Tapicerstwo S.c. D.Lenarczyk, T.Lenarczyk;600317627;;
Tapicerstwo Walasik Jacek;(42)7121040;;
Tapicerstwo Walasik Jacek;501577221;;
Tapo-Craft Pracownia Tapicerska;787002273;;
TESSA Sp. z o.o.;(62)5977571;;
Textmar;603755405;;
Textmar;601932829;;
Tom-Pol Meble Tapicerowane;(62)7813330;;
TRADYCJA-Meble;(22)8300184;;
TRADYCJA-Meble;502759109;;
TRĄPCZYŃSKI Zakład Produkcji Mebli;(62)7813027;;
TRĄPCZYŃSKI Zakład Produkcji Mebli;(62)7813097;;
TRIO-MEBEL;(58)6761633;;
Usługi Tapicerskie Józef Majewski;(22)8115946;;
Usługi Tapicerskie Józef Majewski;609806695;;
Usługi Tapicerskie Zbigniew Kania;(89)6252659;;
Usługi Tapicerskie Zbigniew Kania;660616014;;
Usługowy Zakład Tapicerski Lęcznar Sławomir;(17)2262400;;
Usługowy Zakład Tapicerski Lęcznar Sławomir;605723880;;
VALLDI;605939382;;
VALLDI;608828113;;
VEGA PLUS;(22)8899504;;
VERO Sp. z o.o.;(34)3510921;;
VERO Sp. z o.o.;(34)3510920;;
Vista Bella PRODUCENT KRZESEŁ TAPICEROWANYCH;(77)4342302;;
Vista Bella PRODUCENT KRZESEŁ TAPICEROWANYCH;(77)4357900;;
W.J.W MEBLE TAPICEROWANE Tapicerstwo Wojtyniak Jan i Wanda;(61)8143693;;
W.J.W MEBLE TAPICEROWANE Tapicerstwo Wojtyniak Jan i Wanda;(61)8148858;;
WILGA Meble;(32)2670232;;
Wilk Dariusz WILK MEBLE Zakład Produkcyjno-Usługowy;(86)2160418;;
Wilk Dariusz WILK MEBLE Zakład Produkcyjno-Usługowy;602511166;;
WIRA Meble;(71)3994576;;
WIRA Meble;603785535;;
Wittke Meble-Zakład Tapicersko-Stolarski;504442422;;
Wittke Meble-Zakład Tapicersko-Stolarski;(61)8157866;;
WK MEBLE EXPORT-IMPORT P.P.H.U Krzysztof Wilczyński;(34)3172451;;
WK MEBLE EXPORT-IMPORT P.P.H.U Krzysztof Wilczyński;602705302;;
Wolność Meblarska Sp. z o.o.;(23)6961560;;
Wolność Meblarska Sp. z o.o.;(23)6961169;;
WW Meble;(58)6732380;;
WW Meble;607404978;;
Wyrób i Sprzedaż Mebli Andrzej Biskup;500280104;;
Wytwórnia Mebli Tapicerowanych Maciej Wiatrak;(62)7821549;;
Wytwórnia Mebli Tapicerowanych Maciej Wiatrak;(62)7821519;;
Z.P.H. MAROSIEK-TAPICERNIA Władysław Głowacz;(62)7843940;;
Z.P.H.U. ARTEX;665962332;;
Z.P.H.U. Eltap;(62)7912900;;
Z.P.H.U. Kalmar;(18)4402931;;
Z.P.H.U. Tomasz Kulak;(62)7829152;;
Z.P.U.H. MEBLO-STYL;(58)5362863;;
Z.P.U.H. MEBLO-STYL;607444618;;
Zakład Meblowy Werxal Sp.j.;(58)5629787;;
Zakład Meblowy Werxal Sp.j.;(58)5627750;;
Zakład Produkcji Mebli VIDOX Import-Export Leszek Wałdowski;(56)4933640;;
Zakład Produkcji Mebli VIDOX Import-Export Leszek Wałdowski;(56)4933642;;
Zakład Produkcyjno-Handlowy ANDERS Andrzej Antoniewicz;(61)6639783-84;;
Zakład Produkcyjno-Handlowy ANDERS Andrzej Antoniewicz;(61)8157908;;
Zakład Produkcyjno-Handlowy Halina Niedźwiedź;602618207;;
Zakład Produkcyjno-Handlowy Halina Niedźwiedź;(61)8973538;;
Zakład Stolarsko Tapicerski Janusz Malicki;(17)2262524;;
Zakład Stolarsko Tapicerski Janusz Malicki;(17)2250404;;
Zakład Stolarsko-Tapicerski Piotr Kiełtyka;(71)3158488;;
Zakład Stolarsko-Tapicerski Piotr Kiełtyka;(71)3144335;;
ZAKŁAD TAPICERSKI;(22)7202166;;
Zakład Tapicerski CIEPŁY;(33)8766727;;
Zakład Tapicerski CIEPŁY;(33)8766561;;
Zakład Tapicerski Cisek Leszek;(17)7711532;;
Zakład Tapicerski Cisek Leszek;609727090;;
Zakład Tapicerski JOKER - Sklep Meblowy;(62)5012202;;
Zakład Tapicerski MEBLE Sławomir Balcerowski;(54)2531074;;
Zakład Tapicerski MEBLE Sławomir Balcerowski;600829641;;
Zakład Tapicerski MJM Marjomar;601447247;;
Zakład Tapicerski P.H.U Roman Kicior;697817497;;
Zakład Tapicerski P.H.U Roman Kicior;(48)3342204;;
ZAKŁAD TAPICERSKI Ryszard Kapała;(65)5736313;;
ZAKŁAD TAPICERSKI Ryszard Kapała;663901049;;
Zakład Usług Stolarsko Tapicerskich d.Redom;602733421;;
Zakład Usług Stolarsko Tapicerskich d.Redom;(22)6172333;;
Zakład Usługowy Tapicerki Meblowej Marek Szałkowski;609326463;;
Zakład Wielobranżowy Urszula Wiśniewska;(52)3427356;;
ZPH RELAKS Sp. z o.o.;(33)8763279;;
ZPH RELAKS Sp. z o.o.;(33)8763260;;
ŻAKPOL Centrum Mebli Skórzanych;(61)8115425;;
ŻAKPOL Centrum Mebli Skórzanych;(61)8115448;;
Abaka Adam Jastrzębski;518220390;;
LOBOS meble biurowe;(12)4132700;;
M&D Tapicerstwo Samochodowo Meblowe;792061308;;
mebleEXPO;500833867;;
MEBLO-DOM II Sp.j;509782928;;
MEBLO-DOM II Sp.j;(17)8501371;;
Meblolux;(89)5324200;;
PHU AUGUSTYN;(89)6494194;;
Salon Meblowy Polskie Meble EkoStyl;(71)7810366;;
Salon Meblowy Polskie Meble EkoStyl;607677220;;
Vinso;782593542;;
Vinso;601354276;;
A TAK DESIGN;(42)6330200;;
A TAK DESIGN;(42)6330216;;
A.R.M.-Poprostulozka.com.;607412231;;
A.R.M.-Poprostulozka.com.;(22)4994829;;
ABIZ S.c.;(63)2459933;;
ABIZ S.c.;(63)2459935;;
Academian;505128127;;
Academian;505128101;;
ACCORD Salon Meblowy;(17)8522956-ul.Rejtana53a;;
ACCORD Salon Meblowy;(17)8625393-ul.Rejtana53a;;
ADER Meble;(71)3571319;;
ADER Meble;(71)3571320;;
ADRIATICA;(87)5201858;;
ADRIATICA;662112100;;
AEK Design;(95)7259580;;
AEK Design;(95)7259590;;
Agata Meble;(32)7350700;;
AGOTEX Agata Brózda;(33)8766579;;
AIDA Sp. z o.o.;(71)7984000;;
AIDA Sp. z o.o.;(71)7984058;;
ALATOM Kwilosz Tomasz FPHU Zakład Meblarski;691500933;;
ALFA MEBLE;(22)8199015;;
Allemeble.pl Internetowy Sklep Meblowy Tomasz Flis;(87)4282543;;
Allemeble.pl Internetowy Sklep Meblowy Tomasz Flis;516495444;;
Alta Plana - Meble Niezwykłe;(12)6330309;;
Alta Plana - Meble Niezwykłe;(12)4231534;;
AMAK MEBLE S.c. Alicja i Andrzej Krupa;(017)8634522;;
AMAK MEBLE S.c. Alicja i Andrzej Krupa;505005801;;
ANIREN Salon Meblowy;(61)8135727;;
ANMAR Sklep Meblowy;(18)2640820;;
ANMAR Sklep Meblowy;(18)2640821;;
Ann Decor - The Wooden & Recycled Home;(22)7331912;;
Ann Decor - The Wooden & Recycled Home;697030209;;
AP MEBLE Producent Mebli;(58)6784529;;
AP MEBLE Producent Mebli;(58)6785776;;
AR-TEAM Pracownia Architektów Bożena Brych-Gawłowska;(22)8704220;;
AR-TEAM Pracownia Architektów Bożena Brych-Gawłowska;602230512;;
ARON Meble;664952101;;
ARPIOLEDER;(68)3262255;;
ARS MEBLE;(58)6711075;;
ARS MEBLE;(58)6793390;;
ART TOP Piękne Meble;(91)4850555;;
ART TOP Piękne Meble;600811808;;
ARTEX Tkaniny Meblowe;(61)6518221;;
ARTEX Tkaniny Meblowe;(61)6510300;;
ArtMeb;(22)4205207;;
ArtMeb;(22)6687451;;
Artystyczna Rzeźba w Drewnie Krystian Wołczyk;(032)2867003;;
Artystyczna Rzeźba w Drewnie Krystian Wołczyk;(032)2868044;;
As-Tap Usługi Tapicerskie;693861186;;
ATM Świat Sypialni;888732669;;
Autoryzowany Salon Mebli Forte - M jak Meble;(59)8102470;;
Autoryzowany Salon Mebli Forte - M jak Meble;504136056;;
BAKUN P.H.P.U. Alina Bakun;(56)4685413;;
BAKUN P.H.P.U. Alina Bakun;(56)4685499;;
BAOBAB Sp.j.;(12)6336342;;
BAR-POL;721663127;;
BARET 2000;(71)3150484;;
BARET 2000;607296848;;
BARKAM s.c. Jolanta, Damian Stalka;(67)2875309;;
BARKAM s.c. Jolanta, Damian Stalka;(67)2875644;;
BARWAN MEBLE;(33)8615640;;
BARWAN MEBLE;607353715;;
BDMeble Salon Meblowy;(58)6640037;;
BENN Design;600791735;;
BENN Design;608872165;;
BH MEBLE Sp. z o.o. Sp.komandytowa;(82)5643890;;
BH MEBLE Sp. z o.o. Sp.komandytowa;513335865;;
BIM Sp. z o.o.;(84)6881059;;
BIM Sp. z o.o.;(84)6881060;;
Biurassic Sp.j.;(22)6312514-15;;
Biurassic Sp.j.;(22)6312587-88;;
BLACK RED WHITE S.A.;(84)6850202;;
BLACK RED WHITE S.A.;(84)6850290;;
Bocewicz-Meble;(91)3282528;;
Bocewicz-Meble;607364836;;
BOG-FRAN Sp. z o.o. Sp.komandytowa;(17)2285430;;
BOG-FRAN Sp. z o.o. Sp.komandytowa;(17)2285065w.13,16;;
BOMAR MEBLE WRZESZCZ Sp.j.;(34)3505585;;
Bossmebel Sp. z o.o.;(91)4240020;;
Bossmebel Sp. z o.o.;605842706;;
CARGO SERWIS Sp. z o.o. Hurtownia Mebli;(22)7368858;;
CARGO SERWIS Sp. z o.o. Hurtownia Mebli;607459774;;
Caromeble;510418037;;
Caya Design;(61)8173253;;
Centrum Witek w Łomiankach;(22)7322215;;
Centrum Witek w Łomiankach;(22)7519927;;
Comfort & Style Interiors;784570802;;
CUDNEMEBLE Meble z Indii;600416913;;
DAMEX Damian Sznajder;693992150;;
Dan Keller Meble;(65)5263116;;
Dan Keller Meble;(65)6121371;;
DARMAX Usługi i Produkcja Mebli;(42)6783602;;
DARMAX Usługi i Produkcja Mebli;(42)6781993;;
Dąb Meble;(58)6672200;;
Dąb Meble;(58)6672211;;
DecoDom - Salon meblowy;509253393;;
DecoDom - Salon meblowy;535705447;;
DECOR;(68)3596775;;
DECORHOME Sp. z o.o.;(61)4254317;;
DECORTI Sklep Internetowy komfortmeble.pl;692880088;;
DEKOR-Wyposażenie Mieszkań;(91)4832525;;
DEKOR-Wyposażenie Mieszkań;530808025;;
DELBANA Sp.j.;(87)5657546;;
Design On;506976251;;
Desingn AG Anna Guenther;882027097;;
Diana Meble Danuta Pągowska Sklep Internetowy;608633343;;
Diana Meble Danuta Pągowska Sklep Internetowy;728106963;;
DOBRA Meble;(18)3330044;;
DOBRA Meble;880375432;;
DOM DEKOR S.c.;(32)2589924;;
DOM DEKOR S.c.;(32)3512657;;
Dom Meblowy Burzyńscy;(68)3202385;;
Dom Meblowy Burzyńscy;(68)3264299;;
Dor-mar;(22)2450014;;
Dor-mar;(22)2450011;;
DOR-MAR Zakład Stolarski Marek Kaszczyszyn;695746990;;
DREW-TON Sp.j.;(61)8176469;;
DREWOX Usługi Stolarskie;(22)7511481;;
DREWOX Usługi Stolarskie;501328948;;
DREWPOL - Hurtownia Tkanin Obiciowych;(52)3989321;;
DREWPOL - Hurtownia Tkanin Obiciowych;(52)3984861;;
EDMUND Salon Meblowy;(46)8622634;;
EDOM Meble;(18)2657195;;
EKO-BŁYSK mobilna myjnia parowa;888063666;;
EMKA Meble Gałaj, Szymańscy Sp.j.;(046)8142313;;
emka MEBLE Salon Meblowy;(46)8548682;;
emka MEBLE Salon Meblowy;(46)8548681;;
EMPI meble;(32)2552230;;
EMPI meble;(32)2552021;;
Enkev Polska S.A.;(42)6718701;;
Enkev Polska S.A.;(42)6718759;;
ERGOSPACE Meble Biurowe;(22)2157606;;
ERGOSPACE Meble Biurowe;(22)2252583;;
ERTS Marek Krótkiewicz-ModneWnetrze.pl;(71)7071168;;
ERTS Marek Krótkiewicz-ModneWnetrze.pl;512846682;;
EVADI;(81)7451171;;
EVADI;509026105;;
F.H. AMRes Meble Skórzane;604963048;;
F.H.U TAPICER (Introdrzew);607-514-872;;
F.H.U TAPICER (Introdrzew);(32)2537068;;
F.H.U. Italian Style;725527514;;
F.H.U. JAMAK Zakład Renowacji Mebli Tapicerowanych;(17)8576650;;
F.H.U. JAMAK Zakład Renowacji Mebli Tapicerowanych;501433888;;
F.H.U. LEMAG Meble Autohandel Ireneusz Lewicki;793691119;;
F.H.U. LEMAG Meble Autohandel Ireneusz Lewicki;(62)7822178;;
F.H.U. SATURN Sp.j.;(14)6553202;;
F.H.U. SATURN Sp.j.;(14)6223202;;
F.H.U. SYSTEM Kaliszewski Arkadiusz;(54)2802099;;
F.H.U. Teresa Jaglarska;516062766;;
F.H.U. Teresa Jaglarska;501702685;;
F.P.H.U MAGDI Stylowe Meble i Dekoracje;(18)3513042;;
F.P.H.U MAGDI Stylowe Meble i Dekoracje;668386134;;
F.P.H.U. KRAK-MEB S.c.;(12)4132249;;
F.P.H.U. KRAK-MEB S.c.;785194594;;
F.P.U.H. Sedia;(14)6132193;;
F.P.U.H. Sedia;693461025;;
F.P.U.H. WIKI;693347409;;
F.P.U.H. WIKI;781665839;;
F.U.H. AS MEBLE Andrzej Sroka;(12)4306025;;
F.U.H. AS MEBLE Andrzej Sroka;605440091;;
FABRYCZNA WYPRZEDAŻ MEBLI;(58)6215640;;
FABRYCZNA WYPRZEDAŻ MEBLI;605678910;;
Fabryka Mebli BESKID;508247781;;
Fabryka Mebli BESKID;(18)4407696;;
Fabryka Mebli BODZIO Bogdan Szewczyk Sp.j.;(71)3158666;;
Fabryka Mebli BODZIO Bogdan Szewczyk Sp.j.;(71)3997000;;
Fabryka Mebli FILIPEK;(25)7923526;;
Fabryka Mebli FILIPEK;(25)7923985;;
Fabryka Mebli MEBLOCROSS Myszkowscy Sp.j.;(25)7923960;;
Fabryka Mebli MEBLOCROSS Myszkowscy Sp.j.;(25)7926260;;
Fabryka Mebli MEBLOSIEK Sp. z o.o.;(62)7832250;;
Fabryka Mebli MEBLOSIEK Sp. z o.o.;(62)7832267;;
Fabryka Mebli SAGAN;(62)7826440;;
Fabryka Mebli SAGAN;(62)7826444;;
Fabryka Pomocy Naukowych Sp. z o.o.;(58)6810357-58;;
Fabryka Pomocy Naukowych Sp. z o.o.;(58)6811123;;
Fabryka Stołów i Krzeseł JAKER;(16)6521125;;
Fabryka Stołów i Krzeseł JAKER;605278027;;
Fama Bis Studio Mebli Kuchennych;502030923;;
FAMEG Sp. z o.o.;(44)6821110;;
FAMEG Sp. z o.o.;(44)6821210;;
FIMAR;(33)8161962;;
FIMAR;600819078;;
Firma ART-STYL;(24)3634727;;
Firma ART-STYL;608192010;;
Firma Handlowa MARCO i JADMAR;(52)3984288;;
Firma Handlowo-Usługowa TEAK;503188360;;
Firma Handlowo-Usługowa TEAK;508115201;;
Firma MEBLO STYL;(22)8460699;;
Firma MEBLO STYL;602261787;;
Firma MUZITAP Roch Paweł;608613714;;
Firma Usługowa Tapicerstwo Meblowe;(12)4110776;;
Firma Usługowa Tapicerstwo Meblowe;503623841;;
Foksal Meble;(59)8631320;;
FPH EXPORT-IMPORT Dariusz Ziemniak;606767549;;
FPHU Idźczak-Meble;(62)7912118;;
FPHU Idźczak-Meble;(62)7912128;;
FPHU NeoStyle;608304985;;
Galeria BFM Sp. z o.o.;(52)5838585;;
Galeria BFM Sp. z o.o.;(52)5838670;;
Galeria CASA MARVELL-Interior Boutique & Interior Design;(22)1198989;;
Galeria Mebli Włoskich;(52)3616090;;
Galeria Mebli Włoskich;(52)3616091;;
Galeria NOTI;(22)7813741;;
Galeria NOTI;(71)3506608;;
Galeria NOTI;(61)8527777;;
Galeria NOTI;(61)8524444;;
GERLICO Miastomebli.pl;785405405;;
GERLICO Miastomebli.pl;(71)7231379;;
GiB MEBLE;(62)7829212;;
GiB MEBLE;(62)7829242;;
GOLMEB Fabryka Mebli;(17)2241130;;
GOLMEB Fabryka Mebli;(17)2241373;;
Gretex;(25)7812791;;
Grupa Chrobry Sp. z o.o.;(89)7670674;;
HEJS-Kraków Sp.j. KRZESŁA;(12)4119191;;
HEJS-Kraków Sp.j. KRZESŁA;(12)4212150;;
HELVETIA FURNITURE Sp. z o.o.;(52)3262400;;
HELVETIA FURNITURE Sp. z o.o.;(52)3262481;;
HM DESIGN;530218262;;
HM DESIGN;608012901;;
HOOQ Studio Wyposażenia Wnętrz;601330330;;
HOOQ Studio Wyposażenia Wnętrz;(22)8100805;;
Hurtownia Krzeseł;(22)3080505;;
I-mebel.pl;509831831;;
IKOMeble Design;(33)4833497;;
IKOMeble Design;600897592;;
Impuls Meble;(22)6144305;;
Impuls Meble;531458470;;
INNE MEBLE Wyposażenie Wnętrz;(81)7459630Lublin;;
INNE MEBLE Wyposażenie Wnętrz;(22)8554097Warszawa;;
Internetowy Sklep Meblowy Meblolux;603769136;;
Internetowy Sklep Meblowy Meblolux;519726109;;
JAJO STRUSIA J.M.J.Ciszewscy Sp.j.;(95)7288239;;
JAJO STRUSIA J.M.J.Ciszewscy Sp.j.;(95)7288240;;
JKB MEBLOWE inspiracje;(34)3740412;;
JMD Poland Sklep Internetowy Gewo.pl;662261707;;
JOELmeble;(68)4775858;;
Juk-Mebel;(34)3513363;;
Juk-Mebel;(34)3510125;;
KAMA Zakład Produkcyjno-Handlowy;(95)7602128;;
KAMA Zakład Produkcyjno-Handlowy;(95)7603990;;
KAMILA Meble;(89)5437453;;
KAMILA Meble;(89)5437454;;
KAMLOT;(085)6539279;;
KASPER Wystrój i Wyposażenie Wnętrz;505064264;;
KASPER Wystrój i Wyposażenie Wnętrz;(22)8866254;;
KASZMIR P.P.H.U. Czopor;607741467;;
KASZMIR P.P.H.U. Czopor;530320120;;
KASZUB Meblarska Spóldzielnia Zakład Pracy Chronionej;(58)6864213-15;;
KASZUB Meblarska Spóldzielnia Zakład Pracy Chronionej;(58)6863445;;
KERA MEBLE;(14)6299669;;
KLER S.A.;(34)3529100;;
Kokosen-Estella;(42)6764640;;
Kokosen-Estella;512354569;;
Komis Meblowy;(75)7557794;;
Komis Meblowy;603642329;;
Komis Meblowy FAMA;(52)3456325;;
Komis Meblowy FAMA;693920913;;
Komis SEZAM;(22)6121340;;
Komis SEZAM;(22)4246435;;
KOSIK MEBLE Andrzej Kos;(62)5903118;;
KOSIK MEBLE Andrzej Kos;(62)5903119;;
KPM-Meble Kłodzko Sp. z o.o.;(74)8652700;;
KPM-Meble Kłodzko Sp. z o.o.;(74)8652716;;
KRIP-MEBLE;782169255;;
KRIP-MEBLE;695621749;;
KRZYŚ-POL;(71)3159316;;
KRZYŚ-POL;(71)3159317;;
Krzyśka Paweł Zakład Produkcji Drzewnej;604433086;;
Krzyśka Paweł Zakład Produkcji Drzewnej;602784794;;
KUUK Kuchnie i Łazienki;501729936;;
LIDO NOWY STANDARD BIURA;(81)7480417;;
LIDO NOWY STANDARD BIURA;608411965;;
LUX-MATERACE;605296410;;
M.P. Polska Sp. z o.o. Oddział Poznań;(61)8288707;;
MAKT Sp.j.;(33)8235365;;
MAKT Sp.j.;(33)8233016;;
Mario-Meble s.c.;(22)7839510;;
MarkMebel - MEBLOBICZ Producent Mebli Tapicerowanych i Krzeseł;(77)4330583;;
MarkMebel - MEBLOBICZ Producent Mebli Tapicerowanych i Krzeseł;697663011;;
Martex-Meble;609631026;;
Materace i Łóżka;(22)7268477;;
Materace i Łóżka;506850233;;
MATMEBLE;(61)6519900;;
Maxclean Sp. z o.o.;(58)3068004;;
Maxclean Sp. z o.o.;504221768;;
Meb-Rem Krzysztof Ratajczyk;725046349;;
MEBAX Salon Firmowy Śrem;690977123;;
MEBELPLAST S.A.;(89)5376100;;
MEBELPLAST S.A.;(89)5376101;;
MEBKOR S.c.;793771321;;
Meble - MG Zofia M.Góralczyk;(33)8766354;;
Meble - MG Zofia M.Góralczyk;(33)8766125;;
Meble - Wyposażenie Wnętrz Stanisław Opalski;(12)3891128;;
Meble ALMER;(44)6824803;;
Meble ALMER;608017554;;
Meble ANNA;(75)7324284;;
MEBLE ARKADIUS;609619883;;
Meble Beskidzka Hala Meblowa;(33)4987443;;
Meble Beskidzka Hala Meblowa;(33)4987444;;
MEBLE Black Red White;(22)4875450;;
Meble Brożek;(14)6631030;;
Meble Brożek;(14)6864100;;
Meble Bugajski;(18)4432336;;
Meble Bugajski;(18)4432622;;
Meble do Biur i Mieszkań-Piotr Biesiada;665312555;;
Meble do Biur i Mieszkań-Piotr Biesiada;(22)8554921;;
Meble Doktór Tadeusz Doktór;(062)7332637;;
Meble Doktór Tadeusz Doktór;(062)7333767;;
Meble Frączyk;606322152;;
Meble Import Export Sp. z o.o. Sp.komandytowa;660477171;;
MEBLE JABOŃSKI Michał Jabłoński;(33)8722311;;
MEBLE JABOŃSKI Michał Jabłoński;510089706;;
MEBLE JARCO;609825011;;
MEBLE JARCO;(33)8765761;;
MEBLE KACPER;667439499;;
Meble Kamiński;695837384;;
Meble KOCHLIK;(32)2451400;;
Meble KOCHLIK;609194722;;
Meble Koplast;(71)3195132;;
Meble Koplast;601443206;;
Meble KRISMAR Sp.j.;(55)2365300;;
Meble KRISMAR Sp.j.;(55)2352500;;
MEBLE KROBIA;(56)6785328;;
MEBLE KROBIA;(56)6782273;;
MEBLE KRYCH;(61)8170299w.23;;
MEBLE KRYCH;782555514;;
MEBLE LECH Lesław Zaranek;(12)3882883;;
MEBLE LECH Lesław Zaranek;606208875;;
MEBLE LIMBA;663047683;;
MEBLE MICHAŚ;(32)2762833;;
MEBLE MICHAŚ;516057775;;
MEBLE PHU Sp. z o.o.;(58)3460468;;
MEBLE PHU Sp. z o.o.;(58)3460469;;
Meble Polskie;(84)6168060;;
Meble Polskie;(84)6168069;;
Meble PROMARK;(62)7821790;;
Meble PROMARK;500276741;;
Meble SEBA;(062)7851619;;
Meble SEBA;(062)7869926;;
Meble Twój Styl;(17)8547073;;
Meble Twój Styl;515624460;;
MEBLE-TAPICERSTWO Kazimierz Sornek;(32)2260372;;
MEBLE-TAPICERSTWO Kazimierz Sornek;790225255;;
Mebleks S.c.;(14)6815736;;
mebleM4.pl Internetowy Salon Meblowy Meble M4;534080801;;
MEBLO-EXPO Beskidzkie Fabryki Mebli Sp. z o.o.;(33)8282060;;
MEBLO-EXPO Beskidzkie Fabryki Mebli Sp. z o.o.;(33)8456061;;
MEBLODOM Jolanta Frąckowiak;(91)8865326;;
MEBLODOM Jolanta Frąckowiak;503144093;;
Meblomat Meble Stylowe;(44)6853080;;
Meblomat Meble Stylowe;502029800;;
MebloMax Salon Meblowy;(48)3858893;;
MebloMax Salon Meblowy;(48)3858894;;
MEBLOMIR Mirosław Grycuk Zakład Tapicerski;501302902;;
MebloModa S.c.;(61)8946606;;
MebloModa S.c.;(61)8143082;;
Meblopol Sp. z o.o.;(32)2858260;;
Meblopol Sp. z o.o.;509800885;;
Meblotex-2 Salon Meblowy Kazimierz Szewczyk;(12)6485698;;
Meblotex-2 Salon Meblowy Kazimierz Szewczyk;(12)6485023;;
Meblowy Raj S.c. Joanna i Rafał Chorzępa;(17)7729800;;
Meblowy Raj S.c. Joanna i Rafał Chorzępa;662316657;;
Merbau Studio;509044822;;
Merbau Studio;509044823;;
MEZZO;(81)4699631;;
MEZZO;509166480;;
MHL-MEBLE;(94)7128456;;
MHL-MEBLE;505252494;;
MIKA;662290365;;
MIX Firma Usługowo-Handlowo-Produkcyjna Damian Balicki;666858198;;
MIX Meble;(12)2691118;;
MIX Meble;(12)2690611;;
MORRION MEBLE;509475292;;
MORRION MEBLE;509242901;;
MOSS;(16)6216404;;
MOSS;(16)6210304;;
Mościccy Sp. z o.o.;(22)7561847;;
Mościccy Sp. z o.o.;(22)7561783;;
MZBOSS Meble Stylowe;(33)8722213;;
MZBOSS Meble Stylowe;(33)8726305-06;;
NA STACJI Sklep Meblowy;(54)2803333;;
NA STACJI Sklep Meblowy;600507007;;
NAP;(22)4017699;;
NAP;(22)4017966;;
New Dreams;(85)6746108;;
New Dreams;504849427;;
NOTI Sp. z o.o.;(61)8966480;;
NOTI Sp. z o.o.;(61)8966481;;
Office Partners Bogna Bienias;(91)4853588;;
Office Partners Bogna Bienias;502257419;;
Ogólnopolska Izba Gospodarcza Producentów Mebli (OIGPM);(22)5177839;;
Ogólnopolska Izba Gospodarcza Producentów Mebli (OIGPM);(22)5177719;;
Omega Meble Sp. z o.o.;(12)2890202;;
Omega Meble Sp. z o.o.;(12)2786702;;
ORDOM Salon Meblowy;(42)6847344;;
ORDOM Salon Meblowy;692975229;;
ORFEUSZ Bobo Fabryka Mebli Tapicerowanych;(58)5528397;;
ORFEUSZ Bobo Fabryka Mebli Tapicerowanych;(58)5528832;;
OTM - Odbiory Techniczne Mebli;603756565;;
P.H.U. ALVAKO Meblowy Sklep Internetowy;794791881;;
P.H.U. DREW-MET;(17)5814235;;
P.H.U. Kryspina;(84)6644814;;
P.H.U. Matterhorn Roman Wiszniewski;515096101;;
P.H.U. Meblex;(77)4569111;;
P.H.U. Meblex;602733109;;
P.H.U. WERA;(17)8513368;;
P.H.U. WERA;512366599;;
P.H.U.P. UNIWERS Sp. z o.o.;(84)6399107;;
P.H.U.P. UNIWERS Sp. z o.o.;(84)6399110;;
P.P.H. FILEX Kazimierz Filek;(33)8722097w.107;;
P.P.H. FILEX Kazimierz Filek;(33)8722244w.103;;
P.P.H. SOLPOL S.c.;(62)7840742;;
P.P.H. SOLPOL S.c.;603475500;;
P.P.H.U Andrzej Chyliński;(54)2887364;;
P.P.H.U Andrzej Chyliński;(54)2874355;;
P.P.H.U Henryk Kułot;(62)7852599;;
P.P.H.U Henryk Kułot;(62)7854160;;
P.P.H.U Lech L.Bartosik, A.Bartosik - RONDO market;(68)3471427;;
P.P.H.U Lech L.Bartosik, A.Bartosik - RONDO market;513953027;;
P.P.H.U. Art-Hen Sp.j.;(32)4150778;;
P.P.H.U. Dolmar Sp.j.;(62)7912850-52;;
P.P.H.U. Dolmar Sp.j.;(62)7912853;;
P.P.H.U. FEIGA Import-eksport;(62)7317442;;
P.P.H.U. FEIGA Import-eksport;(62)7316828;;
P.P.H.U. MARCO;(34)3584933;;
P.P.H.U. MARCO;604250087;;
P.P.H.U. MARCO;(77)4127301;;
P.P.H.U. Meble Borkowski;(89)7152401;;
P.P.H.U. MEBMET;(58)6764292;;
P.P.H.U. MEBMET;501387900;;
P.P.H.U. NOWINTEX;(34)3112574;;
P.P.H.U. NOWINTEX;602101709;;
P.P.H.U. WOJTEX;603312319;;
P.P.H.U. WOJTEX;(62)7844669;;
P.P.U.H. IWOPOL Iwona Habrajska;(62)7810488;;
P.P.U.H. IWOPOL Iwona Habrajska;(62)7810346;;
P.P.U.H. LIMAZES;(018)3376309;;
P.P.U.H. LIMAZES;(018)3376643;;
P.U.H. DREW PŁYT Milena Pasińska;(52)3342297;;
P.W. AWERS Andrzej Wylęga;(62)7817070;;
P.W. AWERS Andrzej Wylęga;(62)7817361;;
P.W. MILAN Mieczysław Kifert;(68)3201518;;
P.W. MILAN Mieczysław Kifert;609659875;;
PASCALL;(61)6543760;;
PASCALL;(61)6543770;;
Pawilon Meblowy METRO S.c.;(32)2290209;;
Pawilon Meblowy METRO S.c.;695024223;;
Pawilon Meblowy ORYS-P;(58)3061738;;
Pawilon Meblowy ORYS-P;(58)5535353;;
Perfect Line Sp.j. Tomasz Orłowski;(22)6221715;;
Perfect Line Sp.j. Tomasz Orłowski;691380592;;
PET-BUD Piotr Rataj Meblowy Sklep Internetowy Meblix24.pl;(71)7253134;;
PET-BUD Piotr Rataj Meblowy Sklep Internetowy Meblix24.pl;605600295;;
PHU ARKADIA;694782208;;
PHU ARKADIA;(42)6830312;;
PHU i P OTAR Sp. z o.o.;(68)4519859;;
PHU Kowalczyk Joanna - Sklep Internetowy ABC MEBLE;509211282;;
PHU Kowalczyk Joanna - Sklep Internetowy ABC MEBLE;509211286;;
PHU MEBLE-LUX Jakub Spigiel;607137405;;
PHU TEMAR Rzeszut Marian;(015)8462553;;
PHU URARTU Group Sklep Internetowy Grand Luxury Plaza;(22)7505000;;
PHU URARTU Group Sklep Internetowy Grand Luxury Plaza;502650000;;
Piomeb Jacek Pioruński;509419986;;
Polipol Meble Polska Sp. z o.o. Sp.komandytowa;(52)3965310;;
Polipol Meble Polska Sp. z o.o. Sp.komandytowa;(52)3971440;;
PPH LARIX Sp.j. K.Dymowski, M.Dymowski, J.Matusiak, R.Gamrat;726144555;;
PPH LARIX Sp.j. K.Dymowski, M.Dymowski, J.Matusiak, R.Gamrat;(91)4613281;;
PPH Marian Stybaniewicz;(62)7223267;;
PPH Marian Stybaniewicz;512170400;;
PPH STUDIO ARTEX;(58)5501089;;
PPH STUDIO ARTEX;(58)5511701;;
PPHU GAMA;(95)7631273;;
PPHU KAMPOL Marek Błaszczyk;(61)4376291;;
PPHU KAMPOL Marek Błaszczyk;603309040;;
PPHU Meb-Lad Przemysław Górny;508378274;;
PPHU Meb-Lad Przemysław Górny;507193268;;
PPUH Ania;(87)6436455;;
PPUH Handel Obwoźny Artykuły Przemysłowe Wiesław Jeziorny;693621510;;
Pracownia Stolarsko-Tapicerska Włodzimierz Rejnowicz;(22)8353816;;
Pracownia Stolarsko-Tapicerska Włodzimierz Rejnowicz;601645045;;
Pracownia Tapicerska RYMARJO Ryszard Kukulski;(022)6789495;;
Pracownia Tapicerska RYMARJO Ryszard Kukulski;500258313;;
Producent Materacy MEBLOMATEX;(61)6515170;;
Producent Materacy MEBLOMATEX;(61)8174791;;
Producent Mebli MEBLE WOJAK Wojciech Sobczak;694822389;;
Producent Mebli MEBLE WOJAK Wojciech Sobczak;785934408;;
PROPOL;(68)4534335;;
Przedsiębiorstwo Handlowe AGA;(55)2369179;;
Przedsiębiorstwo Handlowe Emilia Dutka Import Export;(75)7611905;;
Przedsiębiorstwo Handlowe Emilia Dutka Import Export;(75)7525297;;
Przedsiębiorstwo Handlowo-Usługowe ANITAR;(91)3210119;;
Przedsiębiorstwo Handlowo-Usługowe ANITAR;510172584;;
Przedsiębiorstwo HEBO S.c.;(81)4417593;;
Przedsiębiorstwo Produkcyjno-Handlowo-Usługowe QRAŚ;(055)2366222;;
Przedsiębiorstwo Produkcyjno-Handlowo-Usługowe QRAŚ;(055)2361480;;
Przedsiębiorstwo Produkcyjno-Usługowo-Handlowe GABI-JERCZYŃSCY Sp.j.;(62)7829800;;
Przedsiębiorstwo Produkcyjno-Usługowo-Handlowe GABI-JERCZYŃSCY Sp.j.;(62)7829882;;
Przedsiębiorstwo Produkcyjno-Usługowo-Handlowe MEBLET;(087)5664030;;
Przedsiębiorstwo Produkcyjno-Usługowo-Handlowe MEBLET;(087)5665744;;
REFT;730006864;;
RENA Sp.j. Irena Pętelska, Andrzej Pętelski;(34)3659595;;
RENA Sp.j. Irena Pętelska, Andrzej Pętelski;608251417;;
Renowacja i Naprawa Mebli Rafał Kotowski;660799189;;
Renowacja i Naprawa Mebli Rafał Kotowski;(25)6332555;;
Renowacja Wyrobów Skórzanych Jerzy Wierzbicki;(81)8811012;;
Renowacja Wyrobów Skórzanych Jerzy Wierzbicki;605216615;;
RM REKORD MEBLE;(17)7712985;;
RM REKORD MEBLE;(17)7712973;;
ROBA;607227446;;
ROBA;(34)3272944;;
Rozprowadzanie Mebli Handel Wielobranżowy Włodzimierz Rejak;(61)8136981;;
Salon Materace Łempiccy;(22)2434373;;
Salon Materace Łempiccy;608383959;;
Salon Meble Interno;(48)3858484;;
Salon Meblowy;663042780;;
Salon Meblowy Anna;(75)6430111;;
Salon Meblowy ARKUS;606246299;;
Salon Meblowy Art Plus;(15)8234862;;
Salon Meblowy FORMAT;(12)4156232;;
Salon Meblowy FORMAT;(12)4154804;;
Salon Meblowy GENUA;(12)2667098;;
Salon Meblowy IRMA;(76)7273181;;
Salon Meblowy IRMA;(76)7273180;;
Salon Meblowy JONATAN;(55)2612605;;
Salon Meblowy Józef Lachowski;(85)7166189ul.Kolejowa2;;
Salon Meblowy Józef Lachowski;(85)7163146ul.Ełcka43;;
Salon Meblowy Jusee;793714787;;
Salon Meblowy K & M;(32)7545946;;
Salon Meblowy K & M;(32)6451799;;
Salon Meblowy KAJA;(061)2858664;;
Salon Meblowy KSK;(32)3811255;;
Salon Meblowy KSK;(32)3811265;;
Salon Meblowy MARIA S.c. Jan Szmigiel, Maria Szmigiel;(89)5191174;;
Salon Meblowy MARIA S.c. Jan Szmigiel, Maria Szmigiel;(89)5192361;;
Salon Meblowy MEBLE JĘDRZEJ;(32)2635463;;
Salon Meblowy MEBLE JĘDRZEJ;501596559;;
Salon Meblowy MEBLOHIT;(48)3442720;;
Salon Meblowy MEBLOSTYL;(68)4782288;;
Salon Meblowy OSKAR;(83)3422879;;
Salon Meblowy OSKAR;(83)3433610;;
Salon Meblowy PIOTR Meble Arena;(46)8742432;;
Salon Meblowy PRZYSTAŃ;(32)4562970;;
Salon Meblowy PRZYSTAŃ;(32)4563637;;
Salon Meblowy RELAX;(13)4453240;;
Salon Meblowy RELAX;(13)4453241;;
Salon Meblowy SOFA-LINEA;(12)6270060;;
Salon Meblowy SOFA-LINEA;(12)6270061;;
Salon Meblowy SZCZYGIEŁ;(32)2683693;;
Salon Meblowy TOP;(14)6201220-ul.Hodowlana4;;
Salon Meblowy TOP;(14)6268980-ul.Tuchowska23;;
Salon Meblowy VEXON;660454054;;
Salon Meblowy VEXON;(13)4241314;;
Salon Snu Morfeusz Tomasz Rozmiarek;(52)3220318;;
Salon Snu Morfeusz Tomasz Rozmiarek;784451947;;
Salony Meblowe M9;(89)7629437;;
SAM-NET Internetowy Salon Meblowy;(52)3205066;;
SAM-NET Internetowy Salon Meblowy;800007787;;
SANDOW Arkadiusz Dominik;518038443;;
SANDOW Arkadiusz Dominik;660349803;;
SEBATOR Sebastian Kruszyński;519130806;;
SELECT MEBLE S.c.;(62)7840623;;
SELECT MEBLE S.c.;519310550;;
Selene Sp. z o.o.;(58)5550641;;
Selene Sp. z o.o.;(58)5500614;;
Sempre Meble Marek Piotrowski;(42)2072123;;
Showroom DECODORE;(22)3955228;;
Showroom DECODORE;(22)3955225;;
SITZCAR;509988085;;
Sklep Meblowy GAMA;(68)4151250-51;;
Sklep Meblowy GAMA;660765974;;
Sklep Meblowy Heban S.c.;(34)3562635;;
Sklep Meblowy HELIOS;(95)7229999;;
Sklep Meblowy Józef Lachowski;(85)7165906;;
Sklep Meblowy Józef Lachowski;604110543;;
Sklep Meblowy MEBLOMIX S. Wysocki;(16)6282262;;
Sklep Meblowy Miłosz;(58)6853121;;
Sklep Meblowy Miłosz;665820100;;
Sklepmeble.babilec.pl - meble z tradycją;(89)7672395;;
Sklepmeble.babilec.pl - meble z tradycją;(89)5236370;;
SMOLEŃ Produkcja Mebli;(18)3332139;;
SMOLEŃ Produkcja Mebli;888304164;;
SOLANO Adam Wróbel;(62)7916541;;
SOLANO Adam Wróbel;500288860;;
Spółdzielnia Meblarska RAMETA Zakład Pracy Chronionej;(32)4539250;;
Spółdzielnia Meblarska RAMETA Zakład Pracy Chronionej;(32)4539289;;
SPRING SYSTEM;(17)7711551;;
SPRING SYSTEM;608280702;;
STARIMEX Meble;(41)2511397;;
STARIMEX Meble;505176530;;
Stolarstwo Handel-Import-Eksport Marek Prus;(63)2720840;;
Stolarstwo Handel-Import-Eksport Marek Prus;(63)2616121;;
STOLARSTWO Piotr Moskała;500821543;;
STOLARSTWO Piotr Winczura;(32)3282420;;
STOLARSTWO Piotr Winczura;609717794;;
Stolarstwo-Tapicerstwo, Jan Burliga;(33)8740127;;
Stolarstwo-Tapicerstwo, Jan Burliga;603638351;;
STOLMEL Wacław Grzesiuk;(81)7575135;;
STOLMEL Wacław Grzesiuk;602659315;;
STOLWIT MEBLE Sp. z o.o. Sp. komandytowa;(62)7842632;;
STOLWIT MEBLE Sp. z o.o. Sp. komandytowa;(62)7842498;;
Studio MONADA;(22)3225025;;
Studio MONADA;503569303;;
Studio Snu;(15)8151956;;
Stylowe Meble;(65)5370274;;
Suchedniowska Fabryka Mebli MEBLODEX;(41)2543010;;
Suchedniowska Fabryka Mebli MEBLODEX;500572500;;
SUŁTAN Marek Jaros;(14)6113002;;
SUŁTAN Marek Jaros;(14)6113091;;
SWALEN Swarzędz;(61)8184110;;
SWALEN Swarzędz;(61)8184404;;
Swarzędzkie Meble;(22)5127739;;
Swarzędzkie Meble;503036760;;
Synak Meble Chełmno;(56)6861052;;
SZAFEX Sp z o.o Wyposażenie Wnętrz;(71)3185860;;
SZAFEX Sp z o.o Wyposażenie Wnętrz;601776841;;
Szron Sp. z o.o.;(22)8374196;;
Szron Sp. z o.o.;(22)8620552;;
Szultka Furniture;(52)3983800;;
Szultka Furniture;512155819;;
Świat Sypialni;(22)7568799;;
Świat Sypialni;504009890;;
Świtek Meble Tapicerowane;(59)8429602;;
Świtek Meble Tapicerowane;601145578;;
T3 Inwest;(32)2039384;;
TAP-SAM;(48)3893608;;
TAP-SAM;606684672;;
Tap-Studio S.c.;(42)6615468;;
Tap-Studio S.c.;888174886;;
TAPICER Mirosław Chojnacki;(95)7257272;;
TAPICER Mirosław Chojnacki;601578061;;
Tapicerstwo Krawiectwo Jędrol Adam;608849064;;
TAPICERSTWO Kubiak Szymon;(71)3159050;;
TAPICERSTWO Kubiak Szymon;(71)3150567;;
TC Meble Tomasz Cembolista;666191004;;
TELMEX Sp. z o.o. Zakład MMI Sleeping w Biskupcu;(89)7152064;;
TELMEX Sp. z o.o. Zakład MMI Sleeping w Biskupcu;(89)7152770;;
TOP CEZAR Salon Meblowy;(18)3376097;;
TOP MEBLE Design;(68)3844746;;
TOP MEBLE Design;(68)3844754;;
TRENDY MEDIA GROUP S.c.;(62)3070029;;
TRENDY MEDIA GROUP S.c.;730037300;;
TS INFO Internetowy Sklep Meblowy JULIET;504212612;;
Urbaniak Meble;(52)3316244;;
Urbaniak Meble;(52)3340269;;
Usługi Tapicerskie Piotr Kawka;(58)5584797;;
Usługi Tapicerskie Piotr Kawka;503520554;;
Usługi Tapicerskie Stanisław Podsiadły;(22)8678783;;
Używane Zachodnie Meble Stylowe;606619722;;
Używane Zachodnie Meble Stylowe;608605572;;
VERSO Komfortowe Meble;(58)3418348;;
VERSO Komfortowe Meble Oddział Szczecin;(91)4344467;;
VIERI DIVANI;(12)6572022;;
ViM Studio Małgorzata Wilczyńska;604997768;;
WAJTI Usługi Montażowe Jacek Wajtkus;660698772;;
WEGA Salon Meblowy;(42)6843085;;
WEGA Salon Meblowy;516035531;;
Wi-Meb;605595820;;
WM Wygodne Mieszkanie;534644644;;
wMrowisku.pl;(22)5047050;;
wMrowisku.pl;511390100;;
WorldsDesign S.c.;(32)4130791;;
WorldsDesign S.c.;(32)4130792;;
WTC Meble;(85)7321841;;
WTC Meble;606752929;;
Wytwórnia Mebli Zbigniew Kucharski;(61)8173077;;
Wytwórnia Mebli Zbigniew Kucharski;602125935;;
Z.E.W. - Divani Kasprzak;(68)3591379;;
Z.E.W. - Divani Kasprzak;(68)3591331;;
Zakład Handlowo-Usługowy DUET;506043614;;
Zakład Stolarsko-Tapicerski Janusz Furman;(17)7726136;;
Zakład Stolarsko-Tapicerski Janusz Furman;(17)7726134;;
Zakład Tapicerski - Meble u Maryli;(32)2542919;;
Zakład Tapicerski Andrzej Zys;(61)8188758;;
Zakład Tapicerski Artur Bartkowiak;505133124;;
Zakład Tapicerski DOBRY TAPICER;501027844;;
Zakład Tapicerski DOBRY TAPICER;880041351;;
ZAKŁAD TAPICERSKI Grzegorz Kozłowski;(85)6755143;;
ZAKŁAD TAPICERSKI Grzegorz Kozłowski;660038823;;
Zakład Tapicerski Marek Kulig;(18)4461208;;
Zakład Tapicerski Marek Kulig;608396893;;
Zakład Tapicerski MEBLE KRÓL;(33)8184618;;
Zakład Tapicersko-Stolarski TEX Paweł Szpunar;(15)8238270;;
Zakład Tapicersko-Stolarski TEX Paweł Szpunar;500296808;;
Zakład Usług Leśnych Roman Trejchel;(89)7163240;;
Zakład Usług Leśnych Roman Trejchel;(89)7163479;;
Zakład Usługowy Teresa Ciamulska - Renowacja mebli i odzieży ze skóry;(81)8811186;;
Zakład Usługowy Teresa Ciamulska - Renowacja mebli i odzieży ze skóry;510212748;;
ZEG-WIL Zakład Elektromechaniczny - Produkcja Mebli i Galanterii Drzewnej;(41)2543972;;
ZEG-WIL Zakład Elektromechaniczny - Produkcja Mebli i Galanterii Drzewnej;604423693;;
ZENS;606553441;;
Zgoda Meble;(87)4283066;;
Zgoda Meble;608508778;;
ZPU Tapicer;(58)5545927;;
ZPU Tapicer;501574021;;
