ECO-LINE;(13)4200900;;
ECO-LINE;(13)4201234;;
Lakiernia Proszkowa MAREX;(32)3291381;;
Lakiernia Proszkowa MAREX;501069978;;
P.H.U. Covpol Sp.j.;(22)7569104;;
P.H.U. Covpol Sp.j.;(22)7371775-76;;
PU Domino Lakiernia Proszkowa;512381353;;
REJMAN S.c. Zakład Wielobranżowy J.A.M.H.Rejman;(12)6810414;;
REJMAN S.c. Zakład Wielobranżowy J.A.M.H.Rejman;(12)6450725;;
TRAF-MAL PPHU;(61)8320363;;
TRAF-MAL PPHU;604568177;;
Vi-kolor Sp. z o.o.;(22)7275151;;
Vi-kolor Sp. z o.o.;603804104;;
ZWOLMET Malowanie proszkowe, cięcie wodą WATER JET, spawanie;(95)7170812;;
ZWOLMET Malowanie proszkowe, cięcie wodą WATER JET, spawanie;609553036(malarniaproszkowa);;
EKO-BHL Sp. z o.o.;(22)6645402;;
EKO-BHL Sp. z o.o.;(22)6645424;;
Fart Malarnia Proszkowa;600980926;;
Fart Malarnia Proszkowa;602282436;;
GELP Czakon-Szczypka Sp.j.;(33)8154066;;
GELP Czakon-Szczypka Sp.j.;(33)8150532;;
Prowet Pokrycia Techniczne Sp. z o.o.;(71)7187402;;
SPINNEX R.Terlecka, A.Terlecki Sp.j.;(22)7737013;;
SPINNEX R.Terlecka, A.Terlecki Sp.j.;(22)7737282;;
WEGA-COLOR;604088895;;
ABACO;(32)2222120;;
ABACO;509413451;;
DEKOMAL A.Kutera, M.Stasiłowicz, M.Chrobot Sp.j.;(42)2526740;;
DEKOMAL A.Kutera, M.Stasiłowicz, M.Chrobot Sp.j.;(42)2526741;;
Estatus Sp. z o.o.;(77)4428815;;
Estatus Sp. z o.o.;510129701;;
FABAX;(55)2726816;;
FABAX;600920100;;
MAL-TIP;698994787;;
P.H.P. EKO-MAL S.c.;(61)2827836;;
P.H.P. EKO-MAL S.c.;609187626;;
P.P.U.H. Wajax S.c.;(34)3280086;;
P.U.H. De facto;602626202;;
P.U.H. De facto;(62)7331495;;
P.U.H. ZAJĄC-LAK;600193412;;
P.U.H. ZAJĄC-LAK;784791979;;
PHPU ERES-REGISTER;(85)6524066;;
PHPU ERES-REGISTER;605205363;;
Przedsiębiorstwo Usługowe BIK Krzysztof Pałyska;601298535;;
Stan-Met Stanisław Szymkowiak;(61)8103895;;
Stan-Met Stanisław Szymkowiak;508361102;;
PPHU KEPSOR;500078624;;
PPHU KEPSOR;508997012;;
Artykuły i Obróbka Metalu GELG Sp. z o.o.;(67)2547279;;
Artykuły i Obróbka Metalu GELG Sp. z o.o.;(67)2547398;;
BAPRO-MET Sp. z o.o.;(95)7639235;;
BAPRO-MET Sp. z o.o.;(95)7639234;;
Firma Wielobranżowa Adrian Klajnowski;(77)4820237;;
Firma Wielobranżowa Adrian Klajnowski;(77)4822380;;
RMIG Sp. z o.o.;(61)8863270;;
RMIG Sp. z o.o.;(61)8863279;;
Ameco S.c.;501647714;;
Ameco S.c.;507141860;;
BUDREM Sp. z o.o.;(56)6230319;;
BUDREM Sp. z o.o.;(56)6694386;;
Firma Inżynierska JACEK Sp. z o.o.;(22)7225624;;
Firma Inżynierska JACEK Sp. z o.o.;(22)7225625;;
KONS-SPAW Sp.j. T.Kaniewski, D.Kudlak;(22)8127656;;
KONS-SPAW Sp.j. T.Kaniewski, D.Kudlak;601271579;;
Lis Poland Sp. z o.o.;(16)6723990;;
Lis Poland Sp. z o.o.;(16)6723150;;
POMEL Sp. z o.o.;(29)7425011-13;;
POMEL Sp. z o.o.;(29)7424328;;
Precyzmet;(43)6772550;;
Precyzmet;(43)6713050;;
Przedsiębiorstwo Wielobranżowe PRODUS Sp. z o.o.;(68)4701922;;
Przedsiębiorstwo Wielobranżowe PRODUS Sp. z o.o.;(68)4701923;;
TECHNICOAT Sp. z o.o.;(32)2149015;;
TECHNICOAT Sp. z o.o.;(32)2149014;;
TERMIX Plus Technika Grzewcza-Ślusarstwo;(75)7320422;;
TERMIX Plus Technika Grzewcza-Ślusarstwo;601408275;;
VALOR;(33)8791944;;
VALOR;664036783;;
ArtBud Ogrodzenia;(58)6912743;;
ArtBud Ogrodzenia;(58)6837998;;
ASTO - Producent artykułów metalowych;(22)8135725;;
ASTO - Producent artykułów metalowych;501165286;;
Brennpol Sp. z o.o.;(22)7245806;;
Brennpol Sp. z o.o.;(22)7245807;;
Firma Produkcyjno Usługowo Handlowa METAL-STAR;(77)4008097;;
Firma Produkcyjno Usługowo Handlowa METAL-STAR;(77)4552297;;
H.B.M. Zakład Wielobranżowy Wiktor Lewandowicz;508213504;;
H.B.M. Zakład Wielobranżowy Wiktor Lewandowicz;(43)6721873;;
P.H.U. GOLDPLAST;(33)8742162;;
P.H.U. GOLDPLAST;501645374;;
P.P.U. DONTEN Sp. z o.o.;(52)3402792;;
P.P.U. DONTEN Sp. z o.o.;(52)3272005;;
Simstal Bernadeta Janik;(62)7850203;;
Simstal Bernadeta Janik;692497106;;
Spółdzielnia Pracy ZETEREM;(85)7418004;;
Spółdzielnia Pracy ZETEREM;(85)7418070;;
ALEXBUD-SYSTEM Sp. z o.o.;(42)7180690;;
ALEXBUD-SYSTEM Sp. z o.o.;500200916;;
ALIPLAST Sp. z o.o.;(81)7455030;;
ALIPLAST Sp. z o.o.;(81)7455031;;
ALUKOLOR Sp. z o.o.;(81)5030895;;
ALUKOLOR Sp. z o.o.;(81)5030896;;
BESMAREX Niezależny Serwis Grupy Volkswagen;(32)2761391-92;;
BESMAREX Niezależny Serwis Grupy Volkswagen;(32)2748355;;
EUROMET Sp. z o.o.;(95)7472416;;
EUROMET Sp. z o.o.;(95)7472397;;
Mistal Accessories Monika Głuszek, Michał Głuszek Sp.j.;513006168;;
Mistal Accessories Monika Głuszek, Michał Głuszek Sp.j.;(74)6626142;;
P.P.H. REWA Tomasz Reszka;(44)7143703;;
P.P.H. REWA Tomasz Reszka;(44)7104809;;
Piaskowanie Malowanie Zabezpieczenia Antykorozyjne Stanisław Żelasko;(18)4417922;;
Piaskowanie Malowanie Zabezpieczenia Antykorozyjne Stanisław Żelasko;502146617;;
PION Serwis Piotr Nypel Sp.j.;(42)7103188;;
PION Serwis Piotr Nypel Sp.j.;603100934;;
PPHU STELMET;(85)6511354;;
PPHU STELMET;603607294;;
Przedsiębiorstwo Wielobranżowe H.Z. Zawitowscy;607404926;;
PUT WAGNER-SERVICE P.S.W.Wilczek Sp.j.;(32)3463700;;
PUT WAGNER-SERVICE P.S.W.Wilczek Sp.j.;(32)3463720;;
REFLEX K.Nowak Sp.j.;(32)2038731;;
REFLEX K.Nowak Sp.j.;(32)3141610;;
RENOL Sp. z o.o.;(67)3532104-07;;
RENOL Sp. z o.o.;(67)3532108;;
Rodlew QMD Sp. z o.o.;505804802;;
Rodlew QMD Sp. z o.o.;(32)4220010;;
STALMARK S.c.;(13)4464247;;
ZPU WOMACH Bogdan Machnik, Jerzy Wojaczek, Eugeniusz Wojaczek;(32)4513666;;
ZPU WOMACH Bogdan Machnik, Jerzy Wojaczek, Eugeniusz Wojaczek;(32)4513681;;
Alpha Technology;(12)6232706;;
PPHU Lech-Mal;693291662;;
PPHU Lech-Mal;506318950;;
RUT-MAL Lakiernia Proszkowa;787992218;;
A-Lakiernia Sp. z o.o.;(59)8637300;;
A-Lakiernia Sp. z o.o.;(59)8637308;;
ABC Colorex Sp. z o.o.;(12)6886600;;
ABC Colorex Sp. z o.o.;(12)6886688;;
ABK II Zabezpieczenia Antykorozyjne;503427186;;
ABM Ryszard Mazankiewicz Anna Mazankiewicz Sp. j.;(12)2900313;;
ABM Ryszard Mazankiewicz Anna Mazankiewicz Sp. j.;(12)2900446;;
ABRA Malowanie Proszkowe, Ogrodzenia, Piaskowanie;791674917;;
ABRA Malowanie Proszkowe, Ogrodzenia, Piaskowanie;531010107;;
ABUD-LAK;(22)7860159;;
ABUD-LAK;(22)7863873;;
ADC Technologies S.c.;(33)8792240;;
ADC Technologies S.c.;602312971;;
Aero Join Design-Usługi Lakiernicze;609705255;;
AKMAL Andrzej Kmiecik;(61)8115293;;
ALIMET ZPU;(34)3280082;;
ALIMET ZPU;(34)3217879;;
ALPHA;608588768;;
ALPHA;604944605;;
ALUCOLOR Sp.j. A.Marczyk, A.Miłoś;(12)6532771;;
ALUCOLOR Sp.j. A.Marczyk, A.Miłoś;(12)6567788;;
Amral Michał Kruszczyński;606935780;;
Amral Michał Kruszczyński;696031261;;
ANDA S.c.;501773799;;
ANODOWANIE ALUMINIUM ELOX-AL P.P.H.U. S.c. Urszula Pietrzak Dominik Pietrzak;(42)7164475;;
ANODOWANIE ALUMINIUM ELOX-AL P.P.H.U. S.c. Urszula Pietrzak Dominik Pietrzak;504069102;;
ANTOMAL Lakierowanie Proszkowe;602332513;;
ANTOMAL Lakierowanie Proszkowe;668816397;;
Art-chrome;506946020;;
ASSER S.c. Lakiernia Proszkowa;509469955;;
BALEKS Lakiernia Proszkowa M.Aleksandrowicz i J.Bartkowski;(58)3331513;;
BALEKS Lakiernia Proszkowa M.Aleksandrowicz i J.Bartkowski;669242110;;
BB CARS;501431200;;
BEFA S.c.;(48)3855550;;
BEFA S.c.;(48)3855552;;
BMB Sp. z o.o.;(81)3077766;;
BMB Sp. z o.o.;(81)4608221;;
Bromax;604777911;;
Bromax;600597589;;
CEMAK-Lakierowanie Proszkowe;(34)3280177;;
CEMAK-Lakierowanie Proszkowe;601146120;;
Centrum Lakierowania Proszkowego ECOLAK Sp. z o.o.;(32)6664422;;
Centrum Lakierowania Proszkowego ECOLAK Sp. z o.o.;(32)6664421;;
CLP-P Centrum Lakierowania Proszkowego-Piaskowanie;600615150;;
CLP-P Centrum Lakierowania Proszkowego-Piaskowanie;533286150;;
COLORMAX;(22)2478046;;
COLORMAX;505539288;;
Cool-Met Jarosław Brańka;791036667;;
CREATEC;508508488;;
CYNKLAK S.c.;(29)6404040;;
CYNKLAK S.c.;505077425;;
DAMAL BETA-RING;(76)8718065;;
DAMAL BETA-RING;661545061;;
DAMART Malowanie Proszkowe Damian Smelczyński;691733884;;
DAMART Malowanie Proszkowe Damian Smelczyński;607289663;;
DAWID Sp. z o.o.;(34)3650136;;
DAWID Sp. z o.o.;(34)3650174;;
DAWIDEX;602487673;;
DECOR Sp. z o.o.;(91)4693702;;
DECOR Sp. z o.o.;500226321;;
DEKO-LAK Lakiernia Proszkowa;(33)8538132;;
DEKO-LAK Lakiernia Proszkowa;604092093;;
DekoTech S.c.;602585843;;
DekoTech S.c.;535585846;;
DELFA Profesjonalna Lakiernia Proszkowa;601702074;;
DELFA Profesjonalna Lakiernia Proszkowa;(54)2513750;;
Derc-Tech;(58)7742802;;
Derc-Tech;(58)6732792;;
EKO-GEMINI Sp. z o.o.;(32)6702047;;
EKO-GEMINI Sp. z o.o.;515236888;;
EKOMAL Ryszard Przeklas;(81)4467530;;
EKOMAL Ryszard Przeklas;(81)7444087;;
EKOPOLMAL;(71)3373983;;
EKOPOLMAL;(71)3373069;;
ELGAZREM S.c.;(32)7591475;;
ELGAZREM S.c.;507179021;;
ELP Lakiernictwo Proszkowe;(22)8638865;;
ELP Lakiernictwo Proszkowe;(22)8635018;;
EM Ewa Mendel;(61)6534840-42;;
EM Ewa Mendel;(61)6525269;;
ERKO Lakiernia Proszkowa;(12)2625315;;
ERKO Lakiernia Proszkowa;(12)2623316;;
F.H.U. ELTOM Tomasz Machlarz;(32)2443413;;
F.H.U. ELTOM Tomasz Machlarz;506171155;;
F.H.U. EMMA;609492250;;
F.H.U. EMMA;662050286;;
F.H.U. KRIZ;(32)7194368;;
F.H.U. KRIZ;728966558;;
F.H.U. MINI-MAX;781222054;;
F.H.U. MINI-MAX;507562194;;
F.P.H.U. FarM;501793017;;
F.P.H.U. PIXEL S.c.;730930250;;
F.P.H.U. PIXEL S.c.;(32)6716533;;
F.P.H.U. RDD Dębica;(14)3070110;;
F.P.H.U. RDD Dębica;600100547;;
Fabryka Kolorów;504047784;;
Fabryka Kolorów;660146160;;
FASADA;(61)4473671;;
FASADA;509890771;;
FERE-Zakład Wielobranżowy;506039036;;
FHU STASIAK;(77)5545952;;
FHU STASIAK;500277744;;
FHU. CHAMPION;513158547;;
FHU. CHAMPION;730722577;;
Firma ERA-BOX Sp. z o.o.;(22)7388692;;
Firma ERA-BOX Sp. z o.o.;(22)7388691;;
Firma LIBERSKA;(67)2827755;;
Firma LIBERSKA;509592189;;
Firma Wielobranżowa SERAFIN;(61)2961513;;
Firma Wielobranżowa SERAFIN;(61)6463420;;
FU ROBERT Lakiernia Proszkowa;609663234;;
GIL Adam Gilewski Malarnia Proszkowa;728505505;;
Gnoma Łukasz Podgórski;502095433;;
GRANT;660007814;;
GRAWIN;(59)8430530;;
GRAWIN;602361062;;
Grupa COLOREX;(12)6886600;;
Grupa COLOREX;(12)6886688;;
INTERCOLOR Sp. z o.o.;(71)3811111;;
INTERCOLOR Sp. z o.o.;(71)3811110;;
INTERSPACE Marcin Pakieła;606500090;;
INTERSPACE Marcin Pakieła;(22)2050419;;
JOGMETAL;667658008;;
JOGMETAL;509810915;;
JURMAR S.c. Jerzy Rucki, Marek Nogawczyk;(33)8584947;;
JURMAR S.c. Jerzy Rucki, Marek Nogawczyk;698630828;;
JUSTYNA SZEWCE;690939490;;
KATEX;512149805;;
KG instalacje Sp. z o.o.;(34)3665053;;
KG instalacje Sp. z o.o.;603215615;;
Kolor-Tech S.c.;504952808;;
Kolor-Tech S.c.;608503990;;
Kolorbud PROFIL-B malarnia proszkowa;(41)2227198;;
Kolorbud PROFIL-B malarnia proszkowa;880430733;;
KORAL;(33)8720505;;
KORAL;(33)4720997;;
ktl.pl Sp. z o.o.;(44)6818107w.20;;
ktl.pl Sp. z o.o.;(44)6818107w.21;;
KUBEX Narzędziownia;607164720;;
Lak Dakar;508299843;;
LAK PRO Lakiernia Proszkowa;695621423;;
LAK PRO Lakiernia Proszkowa;695621460;;
LAK-MET S.c. Mariusz Buczkowski, Szymon Pawlak;512432452;;
LAKIERNIA AN;(68)3242466;;
LAKIERNIA AN;608152054;;
Lakiernia ProKolor;797592033;;
Lakiernia ProKolor;(77)4168103;;
Lakiernia Proszkowa;(58)6780702;;
Lakiernia Proszkowa;(58)6780707;;
Lakiernia Proszkowa ART-MAR;604603519;;
Lakiernia Proszkowa ART-MAR;505765614;;
Lakiernia Proszkowa FILAND;609441272;;
Lakiernia Proszkowa GRONÓW;571274341;;
Lakiernia Proszkowa GRONÓW;571274342;;
Lakiernia Proszkowa Hosten Polska;(48)3669923;;
Lakiernia Proszkowa i Łóżka Metalowe Lak System;692232414;;
Lakiernia Proszkowa i Łóżka Metalowe Lak System;730777125;;
Lakiernia Proszkowa IGMAR;666455331;;
Lakiernia Proszkowa Indeka;(32)2142046;;
Lakiernia Proszkowa Indeka;(32)2142045;;
Lakiernia Proszkowa LAK-MAL;693133311;;
Lakiernia Proszkowa LIVREE;784907709;;
Lakiernia Proszkowa MAL-PIK;693539203;;
Lakiernia Proszkowa MAXCOLOR;(81)7493491;;
Lakiernia Proszkowa MAXCOLOR;(81)7493490;;
Lakiernia Proszkowa MISTAL;(33)8524471;;
Lakiernia Proszkowa MISTAL;506058865;;
Lakiernia Proszkowa PERFECT;693723340;;
Lakiernia Proszkowa PICASSO;(91)4642288;;
Lakiernia Proszkowa PICASSO;513098245;;
Lakiernia Proszkowa SANDEX;(75)6425050;;
Lakiernia Proszkowa TĘCZA;787058388;;
Lakiernia Proszkowa TĘCZA;601939152;;
Lakiernia Proszkowa TRAB;(22)7610862;;
Lakiernia Proszkowa TRAB;601216496;;
Lakiernia Proszkowa Zakład Usługowo-Produkcyjny WEGA Sp. z o.o.;(62)7243560;;
Lakiernia Proszkowa Zakład Usługowo-Produkcyjny WEGA Sp. z o.o.;606308153;;
Lakiernia Przemysłowa BIT;(61)6706873;;
Lakiernia Przemysłowa BIT;(61)2916884;;
LAKIERNIA Sp. z o.o.;(76)8622047;;
LAKIERNIA Sp. z o.o.;(76)8522469;;
Lakiernia WRD;602646007;;
Lakiernictwo Andrzej Dec;(42)6491398;;
Lakiernictwo Andrzej Dec;(42)6491395;;
Lakiernictwo SROKA;609812439;;
Lakierowanie Proszkowe i Piaskowanie;600615150;;
LAKMAL;(55)2361869;;
LAKMAL;509562906;;
Lakmar Sp. z o.o.;(22)7529397;;
Lakmar Sp. z o.o.;502648481;;
LAKMAX - Usługi Lakiernicze;602130311;;
LAMEX Lakiernia Proszkowa;602502391;;
Lenart & Synowie Sp.j.;604075537;;
Lenart & Synowie Sp.j.;(12)2711749;;
Lubuskie Centrum Spawalnictwa;501077054;;
Lubuskie Centrum Spawalnictwa;(68)4535888;;
LUWIX Zajkowski Sp.j.;(23)6718385;;
Magic Garden;(52)3518353;;
Magic Garden;721464646;;
MAL-BUD J.Ratajczak;(61)8943477;;
MAL-BUD J.Ratajczak;602719511;;
MAL-MET;(61)8269419;;
MAL-MET;506159331;;
Malarnia Proszkowa JAMAL Krzysztof Zaremba;(65)5724787;;
Malarnia Proszkowa JAMAL Krzysztof Zaremba;601196886;;
Malarnia Proszkowa KA KOLORTEC Sp. z o.o.;(67)2166569;;
Malarnia Proszkowa KA KOLORTEC Sp. z o.o.;(67)2164602;;
Malowanie Proszkowe Karol Marchewka;697899997;;
Malowanie Proszkowe Sawa Przemysław;(84)6876242;;
Mapalu;792613494;;
Mapalu;693745985;;
MARPOL Lakiernia Proszkowa;665050545;;
Max-Lack;780070700;;
MECH-BUD;660410346;;
MECH-BUD;600895116;;
Met-Kolor;(81)4441085;;
Met-Kolor;602309188;;
METAL HUNTERS;608191886;;
Metal Styl Bogusław Baranek;(12)2512012;;
Metal Styl Bogusław Baranek;600648810;;
Metal-Profil;(61)2871305;;
Metal-Profil;601179602-03;;
METALIZER Robert Stawiarski;(34)3628841;;
METALIZER Robert Stawiarski;(34)3666808;;
MIGO;(32)2419840;;
MIGO;(32)2474905;;
MIREKO Mirosława Szcześniak;693444399;;
MIREKO Mirosława Szcześniak;695738937;;
MOTO-SPAW Sp. z o.o.;(48)3811858;;
MOTO-SPAW Sp. z o.o.;(48)3312383;;
