BALLOON EXPEDITION;888177200;;
AERONAUTA;604218522;;
ASVECTOR.PL;509077549;;
AVIPOL;(85)6544237;;
AVIPOL;(85)6649069;;
BALLOON CHARTER;(58)6230364;;
BALLOON CHARTER;501555444;;
FIRST CLASS BALLOONING;601394794;;
FIRST CLASS BALLOONING;601434343;;
Hardworkers Team S.c.;693230787;;
Hardworkers Team S.c.;509185045;;
HiFlyer Polska Sp. z o.o. Platformy Widokowe Sp.komandytowa;511802202;;
Lotnicza Agencja Reklamowa PARAPLAN Agnieszka Sulewska;(94)7191000;;
Lotnicza Agencja Reklamowa PARAPLAN Agnieszka Sulewska;696999300;;
Sky Adventure Sp. z o.o.;603102030;;
Sky Adventure Sp. z o.o.;601368112;;
SKY PROMOTION S.c.;883102008;;
SKY PROMOTION S.c.;695587243;;
Skymiro-Balloning;884171697;;
Skywalkers Balloon Club;697303011;;
TNG Balloon Travel;501079874;;
AEROFUN Sp. z o.o.;(12)6554433;;
AEROFUN Sp. z o.o.;(12)6554434;;
