Artur Jałocha Proeltronic;(22)7502399;;
Artur Jałocha Proeltronic;662513820;;
FHU GLOBE Sp. z o.o.;(22)7568807;;
FHU GLOBE Sp. z o.o.;(22)7373479;;
Grupa Itego Błażej Gancarz Sklep Internetowy Iteego.pl;(62)5054888;;
Grupa Itego Błażej Gancarz Sklep Internetowy Iteego.pl;501170914;;
Sheriff Security Solutions Sp. z o.o.;512239949;;
Hartmann Tresore Polska Sp. z o.o.;(22)5954090-94;;
Hartmann Tresore Polska Sp. z o.o.;(22)5954080;;
Remontowa Prestige Furniture Sp. z o.o.;(58)6800719;;
Remontowa Prestige Furniture Sp. z o.o.;(58)6800720;;
ABES Przedsiębiorstwo Wielobranżowe Ryszard Cieślicki;(22)8262148;;
ABES Przedsiębiorstwo Wielobranżowe Ryszard Cieślicki;(22)8283450;;
CONTINO Meble Biurowe;(61)8126133;;
CONTINO Meble Biurowe;605436796;;
PAKIET - PRODUCENT MEBLI;513109118;;
PAKIET - PRODUCENT MEBLI;513109121;;
POTULICE Państwowe Przedsiębiorstwo Przemysłu Meblarskiego i Budownictwa;(52)3866910;;
POTULICE Państwowe Przedsiębiorstwo Przemysłu Meblarskiego i Budownictwa;(52)3866926;;
AVARUS Serwis i Sprzedaż Urządzeń Techniki Biurowej;(22)3569060;;
AVARUS Serwis i Sprzedaż Urządzeń Techniki Biurowej;(22)3569063Serwis;;
BIURO TEST S.c. K.Kądzielska i E.Orłowska;(71)3544216;;
BIURO TEST S.c. K.Kądzielska i E.Orłowska;605252915;;
Ksero Expert - Sprzedaż i Serwis Kserokopiarek;501170914;;
Ksero Expert - Sprzedaż i Serwis Kserokopiarek;601919101;;
MASTERS;503720723;;
MASTERS;510878785;;
PW ANNA;511351368;;
PW ANNA;(14)6541084;;
Studio DomLux Waldemar Paradowski;(58)6784855;;
Studio DomLux Waldemar Paradowski;509154909;;
ZPHU WB Duet Zakład Meblowy;(58)6864294;;
ZPHU WB Duet Zakład Meblowy;(58)6865813;;
3SC Sp. z o.o.;504987544;;
abc Service;502141710;;
abc Service;(17)7850472;;
Office Plus - wyposażenie wnętrz biurowych;(22)8433300;;
Sejfy.PL Sp. z o.o.;(22)6200207;;
Sejfy.PL Sp. z o.o.;533888866;;
Serwis drzwi Gerda - Dorabianie kluczy - Grupa SvS;602424242;;
Serwis drzwi Gerda - Dorabianie kluczy - Grupa SvS;602359038;;
Zakład Techniki Próżniowej TEPRO S.A.;(94)3432481;;
Zakład Techniki Próżniowej TEPRO S.A.;(94)3432466;;
Adlers Sp.j.;(22)6660052;;
Adlers Sp.j.;(22)6659137;;
AIR-MIX;(61)8268764;;
AIR-MIX;(61)8269070;;
Albacon Systems Sp. z o.o.;(22)3337370;;
Albacon Systems Sp. z o.o.;(22)3337371;;
BAKATA DESIGN Sp.j.;(71)3418356;;
BAKATA DESIGN Sp.j.;(71)3419852;;
Bank Service;(91)4831914;;
Bank Service;601222543;;
BANKOMAT Sp. z o.o. Sp. komandytowa;(22)8438670;;
BANKOMAT Sp. z o.o. Sp. komandytowa;(22)8438932;;
BillNet S.A.;(22)5079200;;
BillNet S.A.;(22)5079201;;
CardService Sp. z o.o.;(22)8257100;;
CardService Sp. z o.o.;(22)8257176;;
Damar;(22)8678331;;
Damar;606300986;;
DCB Sp. z o.o.;(89)5119353;;
DCB Sp. z o.o.;(89)5221573;;
DEMPS Sp. z o.o. Sp.komandytowa;(58)5110655;;
F.H.U. SILWER;(42)6322829;;
F.H.U. SILWER;(42)6335116;;
Globe Solutions;(22)7506920;;
KŁOS Nowoczesne Technologie Bankowe Sp. z o.o.;(22)7228690;;
KŁOS Nowoczesne Technologie Bankowe Sp. z o.o.;(22)8642379;;
Office Trade Partner;(42)6540202;;
Office Trade Partner;(42)2794130;;
Oktagon Sp. z o.o.;(22)8699282;;
Oktagon Sp. z o.o.;(22)3506773;;
OPTIMA;(71)7872589;;
OPTIMA;(71)7872587;;
Q-MATIC POLAND Sp. z o.o.;(22)8624588;;
Q-MATIC POLAND Sp. z o.o.;(22)8774695;;
Serwis Bank Sp. z o.o.;(12)6594520;;
Serwis Bank Sp. z o.o.;(12)6594522;;
Serwis Fox;(12)2882980;;
Serwis Urządzeń Bankowych;(42)6331973;;
TradeCom S.c.;(22)8621900;;
TradeCom S.c.;(22)8621901;;
Transposafe Systems Polska Sp. z o.o.;(71)3526133;;
Transposafe Systems Polska Sp. z o.o.;(71)3526136;;
ABIZ S.c.;(63)2459933;;
ABIZ S.c.;(63)2459935;;
ALL4SAFE;(61)8425435;;
ALL4SAFE;(61)3077444;;
APTEKAdesign Specjalistyczne Meble do Aptek;(61)8687945;;
APTEKAdesign Specjalistyczne Meble do Aptek;(61)8161311;;
ART FORM;(22)8771408;;
ART FORM;(22)6660351;;
BIURO-TECH-SERVICE;(22)6784303;;
BIURONET;(12)4273158;;
BIURONET;(12)4279060;;
COMPLEX Biuro;602106653;;
COMPLEX Biuro;(58)6787236;;
Diebold Poland Sp. z o.o.;(22)5445700Warszawa;;
DREMER Sp. z o.o. Sp.komandytowa;(71)3337119;;
DREMER Sp. z o.o. Sp.komandytowa;(71)3591214;;
eCard S.A.;(22)4934490;;
eCard S.A.;(22)4944400;;
Fabryka Mebli Biurowych MASSONI;(33)8160506;;
Fabryka Mebli Biurowych MASSONI;(33)8213031;;
FHU E&M;(12)6315030;;
FHU E&M;(12)6321804;;
Firma Handlowa Frankiewicz;(42)2130118;;
Firma Handlowa Frankiewicz;(42)2130218;;
InterKol;(52)3225702;;
InterKol;(52)3287168;;
INVENTIVE GROUP Sp. z.o.o.;(22)8387174;;
INVENTIVE GROUP Sp. z.o.o.;(22)8386993;;
KAMILA Meble;(89)5437453;;
KAMILA Meble;(89)5437454;;
Marro Sp. z o.o.;(22)8323535;;
Marro Sp. z o.o.;(22)8323636;;
MAX-METAL;(17)8577585;;
MAX-METAL;601858364;;
Meblat Sp.j.;(25)6331248;;
Meblat Sp.j.;(25)6310861;;
Metalsprzęt;(017)8544971;;
Metalsprzęt;(017)8543380;;
MITUM Tomasz Musioł;661241966;;
MTD Tadeusz Dolski;(56)6620050;;
MTD Tadeusz Dolski;607682712;;
P.H.U. Euro-Coin;(32)3305630;;
P.H.U. Euro-Coin;(32)3305632;;
P.P.H. Techno-Fax Sp. z o.o.;(71)3417479;;
P.P.H. Techno-Fax Sp. z o.o.;(71)7966603;;
PHU BASTION;(42)6506673;;
PHU BASTION;(42)6506676;;
PU KONTI;502657547;;
PU KONTI;(22)8702628;;
PW SAFEXIM;605367154;;
PW SAFEXIM;(22)3532367;;
SANTA Producent Mebli;(58)7821540;;
SANTA Producent Mebli;606112797;;
SEJFPOL;(91)4831227;;
SEJFPOL;(91)4831197;;
Skander;795063133;;
Skander;509063133;;
SORYKS Piotr Sowiński Wyposażenie Wnętrz;(32)3228533;;
SORYKS Piotr Sowiński Wyposażenie Wnętrz;(32)2261168;;
STARME;(22)6982424;;
SWA-MEB S.c. Krzysztof i Przemysław Jurgowiak;(61)8172455;;
TechBank Solution S.c.;(32)2019552;;
TechBank Solution S.c.;609060370;;
TELECOPY Sp. z o.o.;(71)7957717-18;;
TELECOPY Sp. z o.o.;(71)7957719;;
Trapes Sp. z o.o.;790719687;;
Trapes Sp. z o.o.;533339733;;
W.Z.U.H. Meblo Kompleks;(61)2852680;;
W.Z.U.H. Meblo Kompleks;(61)2864863;;
WILLSON & BROWN-WB Sp. z o.o. Sp.komandytowa;(22)1016100;;
WILLSON & BROWN-WB Sp. z o.o. Sp.komandytowa;(22)1016101;;
