Firma Handlowa MEXIM;(33)8141904;;
Firma Handlowa MEXIM;(33)8185697;;
FETTER S.c.;(22)8251018;;
FETTER S.c.;662255755;;
MIWIEX S.c.;(12)2740360-61;;
MIWIEX S.c.;(12)2743932;;
BIG FLAG;600446488;;
BIG FLAG;725550295;;
GAZBY R.D.Garbolińscy Sp.komandytowa;(42)7150113;;
GAZBY R.D.Garbolińscy Sp.komandytowa;(42)7177379;;
P.W. Selco S.c.;(61)8221826;;
Centrum Nadruków i Reklamy Magdalena Sadomska;(22)6156587;;
Centrum Nadruków i Reklamy Magdalena Sadomska;(22)6158893;;
Hotel** Restauracja JAŚ WĘDROWNICZEK, VICTORIA COBURG Obuwie i Parasolki Ślubne;(13)4356733;;
Hotel** Restauracja JAŚ WĘDROWNICZEK, VICTORIA COBURG Obuwie i Parasolki Ślubne;(13)4924131;;
Jett Studio Sp. z o.o.;(22)8129060;;
Jett Studio Sp. z o.o.;(22)8129069;;
Ania Z.P.H.U.;(34)3621989;;
Ania Z.P.H.U.;(34)3604195;;
Agencja IWA;(22)6655104;;
Agencja IWA;(22)8773436;;
Atut PPH S.c.;(58)7651571;;
Atut PPH S.c.;501235001;;
Hurtownia Gopal;512936784;;
Hurtownia Gopal;(61)8303699;;
LISPOL PLUS S.c. druk i reklama;(42)6510269;;
LISPOL PLUS S.c. druk i reklama;(42)6500802;;
SzukamPrezentu.pl - Prezenty Personalizowane;(61)8685305;;
SzukamPrezentu.pl - Prezenty Personalizowane;(61)8685652;;
ARGOS Aleksander Janusz;(22)6580457;;
ARGOS Aleksander Janusz;602758000;;
Bahama Polska Sp. z o.o.;(34)3615192;;
CONIN S.A.;(22)8461558;;
CONIN S.A.;(22)8681040-41;;
F.P. Parasol;(34)3666999;;
F.P. Parasol;(34)3666696;;
Firma KULIK Sp.j. ParasoleDlaCiebie.pl;(71)7334511;;
Firma KULIK Sp.j. ParasoleDlaCiebie.pl;(71)7334525;;
Genero Danuta Hajduga;608620719;;
Genero Danuta Hajduga;790449442;;
GREMO Jacek Sikorski;668555510;;
GREMO Jacek Sikorski;602656555;;
KINDERMAN;(032)2029885;;
MAJA Importer Parasoli DOPPLER Maria Manicka;(58)5201365;;
MAJA Importer Parasoli DOPPLER Maria Manicka;601629581;;
MAREV Artykuły Przemysłowe oraz Parasolnictwo;(42)6846951;;
P.H. DOREX Krzysztof Bator;(41)3445869;;
P.H. DOREX Krzysztof Bator;500085631;;
Parasole MiaDora.pl;695332601;;
PERFECTA;(71)3484242;;
PERFECTA;(71)3484262;;
PiękneParasolki.pl;503022933;;
POL-REX Parasole Ogrodowe i Przeciwdeszczowe;(22)7101133;;
POL-REX Parasole Ogrodowe i Przeciwdeszczowe;604965797;;
PPHU KOMA Tadeusz Matuszczyk;(34)3620743;;
PPHU Lepar;(34)3643415;;
PPHU Lepar;605593023;;
Przedsiębiorstwo Handlowe ADONIS Mazurkiewicz Lech;(48)3646516;;
Przedsiębiorstwo Handlowe ADONIS Mazurkiewicz Lech;509908877;;
Przedsiębiorstwo Handlowo-Usługowe Małgorzata Piątek - Sklep Internetowy GOOHA;793456876;;
Spółdzielnia Inwalidów Techniczna;(22)7894373;;
Spółdzielnia Inwalidów Techniczna;(22)7894310;;
UMBRELLA;(34)3651108;;
UMBRELLA;601401188;;
ZEBRA GROUP Bartłomiej Kamiński;721220042;;
ZEBRA GROUP Bartłomiej Kamiński;(12)2670724;;
ZEST Sp. z o.o.;(22)8403321;;
ZEST Sp. z o.o.;(22)8412194;;
ZiMAD;604906887;;
ZiMAD;889169983;;
ABERO;(61)2785449;;
ABERO;511241214;;
ACTIVE FORM;(22)6519769;;
ACTIVE FORM;604789451;;
AdinoBusiness.pl;721155784;;
Agencja Reklamowa Grafservice Izabela Staniszewska;(42)2910944;;
Agencja Reklamowa Grafservice Izabela Staniszewska;(42)2910945;;
Agencja Reklamowa NORWOKS;(32)2058563;;
Agencja Reklamowa NORWOKS;(32)2058542;;
AROLL Rolety, Żaluzje, Markizy, Bramy;(75)7525906;;
AWANGARDA BTL;(22)7220252;;
AWANGARDA BTL;(22)7720135;;
Celebrity BRIDAL;501427423;;
Delhan Artur Szyszka;(65)5202653;;
Delhan Artur Szyszka;781012012;;
F.H.U. MIKAM;(22)4855887;;
F.H.U. MIKAM;605102533;;
F.P.H.U. KLUSEX Grzegorz Klósak;604291333;;
F.P.H.U. KLUSEX Grzegorz Klósak;(33)8771055;;
Firma NAP Producent Namiotów;(46)8743499;;
Firma NAP Producent Namiotów;692347901;;
Galantex;(61)8131800;;
Galantex;(61)8102827;;
GGV Gurgen Vardanyan;505942010;;
GGV Gurgen Vardanyan;694576931;;
GINO ROSSI S.A.;(59)8422608;;
GINO ROSSI S.A.;(59)8422612;;
Hurtownia AGD SŁAWEX;511108400;;
Hurtownia AGD SŁAWEX;604523131;;
Igimar Igielski Marcin;660545143;;
KONICZYNKA Produkcja Reklam & Drukarnia;501403467;;
KONICZYNKA Produkcja Reklam & Drukarnia;(71)3424830;;
LITEX Promo Sp. z o.o.;(62)7375700;;
LITEX Promo Sp. z o.o.;(62)7375708;;
LUX TRADE POLAND Natasza Wojtyńska;606775533;;
LUX TRADE POLAND Natasza Wojtyńska;(22)6481686;;
Mario Miramare Sp. z o.o.;(44)7240410;;
Mario Miramare Sp. z o.o.;512272720;;
PASMAN Hurtownia Pasmanteryjna;(61)4258181;;
PASMAN Hurtownia Pasmanteryjna;(61)4258215;;
PIKNIK SERWIS;(22)3966099;;
PIKNIK SERWIS;666353754;;
PPH MAXCOM Janusz Kaczmarczyk;(77)4090600;;
PPH MAXCOM Janusz Kaczmarczyk;(77)4090602;;
Rozmaitości;601203671;;
Zakład Szewski BUT-MAX;603189747;;
