Zakłady Mięsne Mokobody Sp. z o.o.;(25)6411549;;
Zakłady Mięsne Mokobody Sp. z o.o.;(25)6411782;;
ABM Drób Artur i Beata Makoś S.c.;(29)7603626;;
ABM Drób Artur i Beata Makoś S.c.;694889938;;
Drobgen - POLSKIE GĘSI;(58)6819377;;
Drobgen - POLSKIE GĘSI;600901709;;
JBB Zakład Przetwórstwa Mięsnego Import-Eksport Józef Bałdyga;(29)7641500;;
JBB Zakład Przetwórstwa Mięsnego Import-Eksport Józef Bałdyga;(29)7641510;;
KABANOS Mirosław Kojs, Joanna Kojs-Kowalczyk Sp.j.;(18)2611910;;
KABANOS Mirosław Kojs, Joanna Kojs-Kowalczyk Sp.j.;(18)2611944;;
Könecke Polska Sp. z o.o. (Konecke Polska Sp. z o.o.);(95)7592960;;
Könecke Polska Sp. z o.o. (Konecke Polska Sp. z o.o.);(95)7592961;;
MASARNIA Stanisław Serafin;(95)7611067;;
MASARNIA Stanisław Serafin;607599807;;
Masarnia TOMEX;(68)3886864;;
PAMAS Piotr Matyszok;(77)4048770;;
PAMAS Piotr Matyszok;(77)4048772;;
PEKLIMAR Sp. z o.o.;(24)2679500;;
PEKLIMAR Sp. z o.o.;(24)2679501;;
Przedsiębiorstwo Przemysłu Mięsnego MARS Lucjan Przybyła;(62)7847123-24;;
Przedsiębiorstwo Przemysłu Mięsnego MARS Lucjan Przybyła;694416974;;
TARCZYŃSKI S.A.;(71)3121283;;
Tradycja Smaku S.c.;(32)2162158;;
Ubojnia Drobiu EUROQR Sp z o.o.;(41)3730046;;
Ubojnia Drobiu Szumera Sp. z o.o. Sp.k.;(32)6427109;;
Ubojnia Drobiu Szumera Sp. z o.o. Sp.k.;(32)6471070;;
Ubój i Przetwórstwo Mięsne MARTIKA Alina Jaje;(14)6819784;;
Zakład Przetwórstwa Mięsnego LIGOTA Sp. z o.o.;(32)2143607;;
Zakład Przetwórstwa Mięsnego LIGOTA Sp. z o.o.;(32)2157097;;
Zakłady Mięsne BERGER Irena i Bonifacy Berger Sp.j.;(32)4577073;;
Zakłady Mięsne BERGER Irena i Bonifacy Berger Sp.j.;(32)4577881;;
Zakłady Mięsne SZUBRYT Zbigniew Szubryt;(18)4404767;;
Zakłady Mięsne SZUBRYT Zbigniew Szubryt;(18)4400467;;
Zakłady Mięsne Wadowice Sp. z o.o.;(33)8232604;;
Zakłady Mięsne Wadowice Sp. z o.o.;(33)8232867;;
Zakłady Mięsne ZBYSZKO Zbigniew Kruk;(42)2132547;;
Zakłady Mięsne ZBYSZKO Zbigniew Kruk;(42)2134772;;
AVES Sp. z o.o.;(43)8233774;;
AVES Sp. z o.o.;(43)8248910;;
BANASIEWICZ Ubój i Sprzedaż Drobiu Sprzedaż Mięsa i Wędlin;(62)7625148;;
BANASIEWICZ Ubój i Sprzedaż Drobiu Sprzedaż Mięsa i Wędlin;(62)7625069;;
Camiltex Sp.j.;(42)7199663;;
Camiltex Sp.j.;505160695;;
DAR-POL Sp.j. Renata Woźniak, Dariusz Woźniak;(44)7258027;;
DAR-POL Sp.j. Renata Woźniak, Dariusz Woźniak;(44)7238236;;
DROSED S.A.;(25)6400000;;
DROSED S.A.;(25)6400016;;
DUDEK Przetwórstwo Mięsne, Wyrób Kiełbas i Podrobów;(14)6819511;;
DUDEK Przetwórstwo Mięsne, Wyrób Kiełbas i Podrobów;693391145;;
FHP GALLI Sp.j. Rozbiór i Pakowanie Mięsa, Handel Mięsem Drobiowym;(14)6422209;;
Konspol Holding Sp. z o.o.;(18)4495500;;
Konspol Holding Sp. z o.o.;(18)4495526;;
LECH Garmażeria Staropolska;(85)7474211;;
LECH Garmażeria Staropolska;(85)7132112;;
Lisieckie Wyroby Tradycyjne WOLAREK Wyrób Wędlin Tradycyjnych;(12)2702571;;
Lisieckie Wyroby Tradycyjne WOLAREK Wyrób Wędlin Tradycyjnych;601505839;;
P.P.H. Jo-L Jan Ludwiczak;602119409BeataKokocinska;;
P.P.H. Jo-L Jan Ludwiczak;(65)5174160DyrektorNaczelny;;
P.P.H.U. KONSPOL-BIS Sp. z o.o.;(63)2742102-03;;
P.P.H.U. KONSPOL-BIS Sp. z o.o.;(63)2742104;;
P.W. LASKOPOL Sp.j.;(18)3376036;;
P.W. LASKOPOL Sp.j.;(18)3376935;;
PHU WĘDLINKA Sp.komandytowa;(62)7840601-02;;
PHU WĘDLINKA Sp.komandytowa;609950090;;
Prosiaczek Sp. z o.o.;(52)3729112w.12;;
Prosiaczek Sp. z o.o.;(52)3459804w.12;;
ROLDROB S.A.;(44)7261100;;
Rolnicza Spółdzielnia Produkcyjna PRZYSZŁOŚĆ;(68)3888362;;
Rolnicza Spółdzielnia Produkcyjna PRZYSZŁOŚĆ;(68)3888361;;
Ubój i Przetwórstwo Mięsa Władysław Fugowski;(74)8661336;;
Ubój i Przetwórstwo Mięsa Władysław Fugowski;601835881;;
Wielkopolskie Zakłady Mięsne AGRiCO Sp. z o.o.;(62)7602595;;
Wielkopolskie Zakłady Mięsne AGRiCO Sp. z o.o.;(62)7601756;;
Zakład Masarski Dionizy Poręba;(18)4419394;;
Zakład Przetwórstwa Mięsnego E.Smolarek i M.Smolarek Sp.j.;(65)5121855;;
Zakład Przetwórstwa Mięsnego E.Smolarek i M.Smolarek Sp.j.;(65)5127287;;
Zakład Przetwórstwa Mięsnego HAŃDEREK Sp.j.;(33)8273040;;
Zakład Przetwórstwa Mięsnego HAŃDEREK Sp.j.;(33)8177194;;
Zakład Przetwórstwa Mięsnego KABANOS Sp. z o.o.;(17)5813307;;
Zakład Przetwórstwa Mięsnego KABANOS Sp. z o.o.;(17)7747324;;
Zakład Przetwórstwa Mięsnego UBOJNIA;(33)8424619;;
Zakład Przetwórstwa Mięsnego UBOJNIA;502653083;;
Zakłady Mięsne Kraspol Jarosław Krasowski;(86)2752117;;
Zakłady Mięsne Kraspol Jarosław Krasowski;606377916;;
ADMięs Zakład Przetwórstwa Mięsnego Marek Domiński;(52)3843316;;
Agrofood Poland;(18)4477590;;
Agrofood Poland;(18)4477588;;
Aleksandria Sp. z o.o. Sp.komandytowa;(34)3283045w.31;;
Aleksandria Sp. z o.o. Sp.komandytowa;(34)3283084w.22-27;;
BOMADEK Sp. z o.o.;(68)3514129;;
BOMADEK Sp. z o.o.;(68)3514085;;
CEZAR Sp.j.;(29)5961075;;
DROB-TAR Sp. z o.o.;(14)6786282;;
DROB-TAR Sp. z o.o.;(14)6786380;;
Grabiec Bogdan i Tadeusz Sp.j.;(18)3323655;;
KABANOSPOL Przedsiębiorstwo Produkcji Handlu i Usług;(17)2214800;;
KABANOSPOL Przedsiębiorstwo Produkcji Handlu i Usług;(17)2214876;;
KISZECZKA Sp. z o.o. Sp.komandytowa;(22)7190419;;
M Zakład Masarski D. i I.Pachwicewicz Sp.j.;(85)7309799;;
M Zakład Masarski D. i I.Pachwicewicz Sp.j.;509018392;;
Masarnia Ubojnia ZEMAT Zdzisław Trościańczyk i S-ka Spółka Jawna;(83)3530192;;
Masarnia Ubojnia ZEMAT Zdzisław Trościańczyk i S-ka Spółka Jawna;(83)3530726;;
PHUP ROLMIĘS Sp.j. Maciej Zdziarski, Wincenty Zdziarski;(52)3844581;;
PHUP ROLMIĘS Sp.j. Maciej Zdziarski, Wincenty Zdziarski;(52)3846246;;
PPH Rysiek Sp.j. S.Pokwap & B.Pokwap;(34)3157879;;
PPH Rysiek Sp.j. S.Pokwap & B.Pokwap;(34)3130527;;
Przetwórstwo Mięsa KONKOL Sp. z o.o.;(58)7783707;;
Przetwórstwo Mięsa KONKOL Sp. z o.o.;(58)6722769;;
Rzeźnia Trzody Chlewnej Rozbiór i Sprzedaż Mięsa Marianna Bielecka;609129461;;
Rzeźnia Trzody Chlewnej Rozbiór i Sprzedaż Mięsa Marianna Bielecka;(23)6931422;;
SZWAGROS Masarstwo-Wędliniarstwo Sp. z o.o.;(62)7312700;;
SZWAGROS Masarstwo-Wędliniarstwo Sp. z o.o.;(62)7312554;;
UBOJNIA DROBIU Górni i Synowie Sp.j.;(87)4282422;;
UBOJNIA DROBIU Górni i Synowie Sp.j.;(87)4283946;;
Ubojnia K. i R. Sieletyccy Sp.j.;(65)5330424;;
Ubojnia Zwierząt Rzeźnych MIR-KAR;(34)3111742;;
Ubojnia Zwierząt Rzeźnych MIR-KAR;(34)3435595;;
Ubój Zwierząt Rzeźnych, Sprzedaż Mięsa Bożena Kebej;(25)7974138;;
WOJ-MAR W. i R.Marciniak, A.Ziemek Sp.j.;500180210;;
WOJ-MAR W. i R.Marciniak, A.Ziemek Sp.j.;(61)2810085;;
Zakład Masarski Jakub Pałygiewicz;(46)8756155;;
Zakład Masarski Jakub Pałygiewicz;(46)8756250;;
Zakład Masarski Stanisław i Roman WIKTOR;(18)3321109;;
Zakład Mięsny SMAK GÓRNO Sp. z o.o.;(17)7728810;;
Zakład Mięsny SMAK GÓRNO Sp. z o.o.;(17)7728715;;
Zakład Mięsny Smoliński Sp.j.;632799600;;
Zakład Mięsny Smoliński Sp.j.;(63)2892185;;
Zakład Produkcyjny TED Tadeusz Sitarski;(48)6100943;;
Zakład Produkcyjny TED Tadeusz Sitarski;(48)6180490;;
Zakład Przetwórstwa Mięsa MATTHIAS Sp. z o.o.;(15)8715015;;
Zakład Przetwórstwa Mięsa MATTHIAS Sp. z o.o.;(15)8715421;;
Zakład Przetwórstwa Mięsnego LEGIERSKI;(33)8556483;;
Zakład Przetwórstwa Mięsnego LEGIERSKI;(33)8556569;;
Zakład Przetwórstwa Mięsnego MIECZYSŁAW WITKOWSKI Sp. z o.o.;(84)6642084;;
Zakład Przetwórstwa Mięsnego MIECZYSŁAW WITKOWSKI Sp. z o.o.;(84)6643148;;
Zakład Przetwórstwa Mięsnego ROL-PEK;(14)6330708;;
Zakład Przetwórstwa Mięsnego ROL-PEK;(14)6332333;;
Zakład Przetwórstwa Mięsnego SOBSMAK Sp. z o.o.;(22)7761845;;
Zakład Przetwórstwa Mięsnego SOBSMAK Sp. z o.o.;(22)7762765;;
ZAKŁADY MIĘSNE Danuta Kolasa;(62)7692386;;
ZAKŁADY MIĘSNE Danuta Kolasa;601249788;;
Zakłady Mięsne ŁMEAT-ŁUKÓW S.A.;(25)7982401;;
Zakłady Mięsne ŁMEAT-ŁUKÓW S.A.;(25)7984232;;
Zakłady Mięsne VIANDO Sp. z o.o. Sp.komandytowa;(52)5675969;;
Zakłady Mięsne Wiesław Leśniak;(18)4430302;;
Zakłady Mięsne Wiesław Leśniak;(18)4431011;;
ZPM VICTUS KEBAB;609186293;;
Zakład Mięsny POLIWCZAK Sp.j.;(32)2252026;;
Zakład Mięsny POLIWCZAK Sp.j.;(32)2238216;;
BALCERZAK i Spółka Sp. z o.o. Sławski Zakład Przetwórstwa Mięsa i Drobiu;(68)3566682;;
BALCERZAK i Spółka Sp. z o.o. Sławski Zakład Przetwórstwa Mięsa i Drobiu;(68)3567229;;
DROBIMAX;(52)3223525;;
PPHU MAMBA sp.j.;(48)6103142;;
PPHU MAMBA sp.j.;(48)6102805;;
Rolnicza Spółdzielnia Produkcyjna w Zagrodzie;(82)5757293;;
Rolnicza Spółdzielnia Produkcyjna w Zagrodzie;(82)5757274;;
Zakład Handlowo Produkcyjno Usługowy WARTEX Tomasz Lipka;889167459;;
Zakład Handlowo Produkcyjno Usługowy WARTEX Tomasz Lipka;606824340;;
A.S. Stańdo Przedsiębiorstwo Wielobranżowe;(14)6136174;;
Adam Bąk-Wieprz Sp. z o.o.;(33)8755198;;
Adam Bąk-Wieprz Sp. z o.o.;(33)8706730;;
ADOZ Wytwórnia Wędlin Artur Kwiecień;(12)4192164;;
ADOZ Wytwórnia Wędlin Artur Kwiecień;(12)4192097;;
ADROS Sp. z o.o. Sp.komandytowa;(62)7429700;;
ADROS Sp. z o.o. Sp.komandytowa;(62)7429701;;
Agro-Rydzyna Sp. z o.o.;(65)5389950;;
Agro-Rydzyna Sp. z o.o.;(65)5389956;;
AGROSTAR Sp.j. A.Starownik i J.Starownik;(81)8523223;;
AGROSTAR Sp.j. A.Starownik i J.Starownik;(81)8523612;;
ALMA Sp.j.;(32)4491212;;
ALMA Sp.j.;(32)4491213;;
Animex Foods Sp. z o.o. Sp.komandytowa Oddział w Dębicy;(14)6707292;;
Animex Foods Sp. z o.o. Sp.komandytowa Oddział w Dębicy;(14)6707200;;
Animex Foods Sp. z o.o. Sp.komandytowa Oddział w Iławie;(89)6490500-01;;
Animex Foods Sp. z o.o. Sp.komandytowa Oddział w Iławie;(22)4794675;;
Animex Foods Sp. z o.o. Sp.komandytowa Oddział w Opolu;(77)4008700;;
Animex Foods Sp. z o.o. Sp.komandytowa Oddział w Opolu;(77)4008600;;
Animex Foods Sp. z o.o. Sp.komandytowa Oddział w Starachowicach;(41)2766100;;
Animex Foods Sp. z o.o. Sp.komandytowa Oddział w Suwałkach;(87)5166101;;
Animex Foods Sp. z o.o. Sp.komandytowa Oddział w Suwałkach;(87)4794620;;
ANIMEX-ANIMPOL SF Sp. z o.o. Sp.komandytowa;(22)3345900;;
ANIMEX-ANIMPOL SF Sp. z o.o. Sp.komandytowa;(22)3345902;;
ANTOCEL;(18)4429367;;
AWEX Król, Sidło, Grudzień Sp.j.;(41)3072828;;
BABICE UBOJNIA Teresa Struszczyk, Jerzy Struszczyk Sp.j.;(43)6775959;;
BAK-POL Zakład Przetwórstwa Mięsnego i Wyrobu Wędlin;(44)6842483;;
BAN Zakład Przetwórstwa Mięsnego i Dodatków Masarskich Bernard Halina Niedźwiedzcy Sp.j.;(91)3876005;;
BAN Zakład Przetwórstwa Mięsnego i Dodatków Masarskich Bernard Halina Niedźwiedzcy Sp.j.;(91)3952076;;
BELL POLSKA Sp. z o.o.;(12)2810030;;
BERMONT Sp. z o.o.;(65)5450747;;
BERMONT Sp. z o.o.;602786739;;
BESTKEBAB Sp. z o.o.;(76)8585850;;
BESTKEBAB Sp. z o.o.;(76)8575009;;
BIENIEK Masarnia;(44)6461817;;
BIENIEK Masarnia;(44)6461182;;
BIERNAT Zakład Rozbioru i Dystrybucji Mięsa i Wędlin;605221388;;
BIERNAT Zakład Rozbioru i Dystrybucji Mięsa i Wędlin;600800780;;
Blutex Sp. z o.o.;(65)5499160;;
Bychowskie Wędliny Przemysław Brzozowski;(58)6706060;;
Capital Lubelskie Biuro Handlowe;(81)4444525;;
Capital Lubelskie Biuro Handlowe;509520540;;
CEDROB S.A.;(23)6750300;;
CEDROB S.A.;(23)6750400;;
Contact PLUS Sp. z o.o.;(61)8202177;;
Contact PLUS Sp. z o.o.;(61)6613451;;
DANIRES Sp. z o.o.;(89)5388280;;
DANIRES Sp. z o.o.;(89)5388281;;
DANPOL S.K.A.;(65)5442614;;
DANPOL S.K.A.;(65)5442615;;
DARIWELT;(41)3061031;;
DARIWELT;(41)3062152;;
DOMINO Zakład Rozbioru Mięsa;(23)6790018;;
DOMINO Zakład Rozbioru Mięsa;502575037;;
DÖNER KING;(58)5316221;;
DÖNER KING;602323497;;
DROBIMEX Sp. z o.o.;(91)4647200;;
DROBIMEX Sp. z o.o.;(91)4600169;;
DROP S.A.;(62)5925600;;
DROP S.A.;(62)5925610;;
DUBIMEX Zakład Przetwórstwa Mięsa Sp.j. Zygmunt Dubielak;(24)2357715;;
DUBIMEX Zakład Przetwórstwa Mięsa Sp.j. Zygmunt Dubielak;(24)2359070;;
ECO-BEEF Ubojnia Sp. z o.o.;(29)7140242;;
ECO-BEEF Ubojnia Sp. z o.o.;(29)7140258;;
EDMARK Edyta Stypułkowska i Marek Stypułkowski Sp.j.;(85)7154848;;
EDMARK Edyta Stypułkowska i Marek Stypułkowski Sp.j.;509877050;;
Efes-Pol Fedai Simsek Sp. z o.o.;(61)8956500;;
Efes-Pol Fedai Simsek Sp. z o.o.;(61)8125307;;
Eko-Gril Ubojnia Drobiu;(85)7112744;;
Eko-Gril Ubojnia Drobiu;(85)7112334;;
EKPOLS Sp. z o.o.;(95)7283925;;
EKPOLS Sp. z o.o.;(95)7316925;;
Elbląskie Centrum Mięsno-Nabiałowe EL-HURT Sp.j.;(55)2394716;;
Elbląskie Centrum Mięsno-Nabiałowe EL-HURT Sp.j.;(55)6439449;;
Elkopol Sp. z o.o.;(23)6626920;;
Elkopol Sp. z o.o.;(23)6626925;;
ELKOPOL Sp. z o.o.;(29)6446094;;
ELKOPOL Sp. z o.o.;(29)6446095;;
EURA DONER POLSKA Sp. z o.o.;(68)3752350;;
EURA DONER POLSKA Sp. z o.o.;(68)3752348;;
EUROBEEF Sp. z o.o.;(63)2628480;;
EUROBEEF Sp. z o.o.;(63)2628490;;
EUROPOL;(65)5201645;;
F.H.U. Andrzej Mejsner;(63)2719134;;
F.H.U. Andrzej Mejsner;516149246;;
F.P.H. Zakład Masarski LENART Sp.j.;(12)2714786;;
FELIX Sp. z o.o.;(83)3784466;;
FELIX Sp. z o.o.;(83)3784487;;
FHP PODOLSKI;(61)2952708;;
FHP PODOLSKI;(61)6460225;;
FHU RAFALEX Rafał Wons;(58)6876406;;
Firma BOROWCZYK S.c.;(65)5710214;;
Firma BOROWCZYK S.c.;605274916;;
Firma Branży Tłuszczowo-Mięsnej SADELKO Sp.j. Krystyna Chojecka & Piotr Chojecki;(61)2873421;;
Firma Branży Tłuszczowo-Mięsnej SADELKO Sp.j. Krystyna Chojecka & Piotr Chojecki;510068680;;
Firma Drobiarska Sp. z o.o.;(74)8516828;;
Firma Drobiarska Sp. z o.o.;(74)8516829;;
Firma Handlowa Kazimierz Jurkowski;(77)4366299;;
Firma Handlowa Kazimierz Jurkowski;502539922;;
FOOD SERVICE Sp. z o.o.;(46)8131400;;
FOOD SERVICE Sp. z o.o.;(46)8131412;;
FPH JUHAS;(18)2077810;;
FPH JUHAS;663774991;;
FPUH KONESER;(29)7424263;;
GARB Zakład Masarski, Wyrób i Sprzedaż;(18)2669466;;
GETMOR Sp. z o.o. Sp. komandytowa;(29)7613469;;
GETMOR Sp. z o.o. Sp. komandytowa;(29)7680520;;
GETROM S.c.;(32)2252447;;
Gminna Spółdzielnia SAMOPOMOC CHŁOPSKA;(58)6818461-63;;
Gminna Spółdzielnia SAMOPOMOC CHŁOPSKA;(58)6818592;;
Gminna Spółdzielnia Samopomoc Chłopska w Szadku;(43)8215144;;
Gminna Spółdzielnia Samopomoc Chłopska w Szadku;(43)8215781Masarnia;;
GOSDROB FAMILY Sp. z o.o. Sp.komandytowa;(18)5472903;;
GOSDROB FAMILY Sp. z o.o. Sp.komandytowa;(18)5472904;;
GRILL-POL Zakład Rozbioru Mięsa;(81)7595333;;
GRILL-POL Zakład Rozbioru Mięsa;(81)7595001;;
GS SKARSZEWY Sp. o.o.;(58)5882584;;
GS SKARSZEWY Sp. o.o.;(58)5882646;;
GZELLA POLAND Sp. z o.o. Sp. k.;(52)3339222;;
GZELLA POLAND Sp. z o.o. Sp. k.;(52)3329874;;
HAND-MIĘS POLOWCZYK Sp. z o.o.;(61)2863608;;
HEROLD Masarnia;(58)5883205;;
HILTON FOODS Ltd. Sp. z o.o.;(32)3234701;;
HUNTER WILD Sp. z o.o.;609469731;;
HUNTER WILD Sp. z o.o.;609440325;;
INDROL Sp. z o.o. Sp.komandytowa;(61)4444540;;
INDROL Sp. z o.o. Sp.komandytowa;(61)4444541;;
Indyk-Śląsk Sp. z o.o.;(32)3750932;;
Indyk-Śląsk Sp. z o.o.;(32)3750705;;
INDYKPOL S.A.;(89)5262222;;
INEX Zakład Przetwórstwa Drobiu S.c.;(68)3278260;;
INTERBEEF Sp. z o.o.;(62)7300077;;
INTERBEEF Sp. z o.o.;(62)7311028;;
InterNatural;(33)8600275;;
InterNatural;(33)8616128;;
J.M.Spychalscy;793597027;;
JANO A.Serwatka Sp.j.;(32)3733100;;
KĄSEK Sp.j.;(55)2756530;;
Konsorcjum Mięsne OKRASA Grupa Południe Sp. z o.o.;(32)6735136;;
Konsorcjum Mięsne OKRASA Grupa Południe Sp. z o.o.;(32)6736074;;
KORFEZ-KEBAB Tomasz Jędrzejak;692466594;;
KRAK-TOL Sp.j.;(12)2841025;;
KRAK-TOL Sp.j.;500034905;;
Kumpiak Podlaski Ancypo;535333905;;
Kutnowskie Zakłady Drobiarskie EXDROB S.A.;(24)3553101;;
Kutnowskie Zakłady Drobiarskie EXDROB S.A.;(24)3553103;;
LAS-KALISZ Sp. z o.o.;(62)7254270;;
LAS-KALISZ Sp. z o.o.;(62)7212438;;
LIS Przetwórstwo Mięsne Sp. z o.o.;(58)6816757;;
LIS Przetwórstwo Mięsne Sp. z o.o.;(58)6816294;;
LUKULLUS Sp. z o.o. Sp.komandytowa;(22)7856590;;
MAJERCZYK Sp.j.;(18)2755779;;
MANDAT Mięso i Wędliny;721534895;;
MANDAT Mięso i Wędliny;(34)3177750;;
MASARNIA BOROWE Sp.j.;(34)3170709;;
MASARNIA BOROWE Sp.j.;(34)3608628;;
MASARNIA Bronisław Urbanowski;(71)3148094;;
MASARNIA Bronisław Urbanowski;(71)3157423;;
Masarnia Brusy GIERSZEWSCY;(52)3982286;;
Masarnia Elmas;(48)3655440;;
Masarnia Elmas;(48)3655450;;
Masarnia Jasam;(13)4480880;;
Masarnia Jasam;797334667;;
Masarnia KRZYŚ Sp. z o.o. Sp.komandytowa;(42)6499664;;
Masarnia KRZYŚ Sp. z o.o. Sp.komandytowa;(42)6499282;;
Masarnia Podmiejska Sp.j. Zakład Pracy Chronionej Danuta Jucha, Robert Komoszyński;(95)7322277;;
MASARNIA RADAWNICA Joanna Łoboda i Zbigniew Wiśniewski Sp.j.;(67)2659292;;
MASARNIA RADAWNICA Joanna Łoboda i Zbigniew Wiśniewski Sp.j.;(67)2639378;;
MASARNIA Sikora Zygmunt;(84)6391775;;
MASARNIA Sikora Zygmunt;(84)6392382;;
MASARNIA Staropolska Strzecha S.c.;(24)2753097;;
MASARNIA Staropolska Strzecha S.c.;693664175;;
Masarnia Tradycyjna WIEJSKA CHATA;(67)2812094;;
Masarnia Tradycyjna WIEJSKA CHATA;668507001;;
Masarnia Władysławowo Sp.j.;(52)3845845;;
Masarnia Władysławowo Sp.j.;(52)3840411;;
Masarnia z Ubojnią Alina Kowalska;(44)6159559;;
Masarnia z Ubojnią Alina Kowalska;(44)6158744;;
Masarnia ZAGŁOBA;(86)2722883;;
Masarnia ZAGŁOBA;(86)2723166;;
Masarnia Zenon S.c. Mariusz Borzęda & Jarosław Borzęda;(63)2738112;;
Masarnia Zenon S.c. Mariusz Borzęda & Jarosław Borzęda;(63)2738512;;
MASIS Produkcja Kebabu;791705556;;
MATYJA Skup, Przetwórstwo i Sprzedaż Wyrobów Mięsnych Andrzej Matyja;(43)8422589;;
MATYJA Skup, Przetwórstwo i Sprzedaż Wyrobów Mięsnych Andrzej Matyja;(43)8422791;;
MAX-MEAT Sp. z o.o.;(22)6797002;;
MAX-MEAT Sp. z o.o.;(22)6797131;;
MBM MEAT FOOD Sp. z o.o.;(22)7836783;;
MERDA Zakład Przetwórstwa i Uboju Zwierząt Sp. z o.o.;(68)3477207;;
MEWA Sp. z o.o.;(89)6250101;;
MICHNA Sp.z o.o. Sp.komandytowa;(58)5361256;;
MICHNA Sp.z o.o. Sp.komandytowa;(58)5361257;;
MIĘS-POL;(25)7974136;;
MIĘS-POL;(25)7974054;;
MOGRAL Zakład Rozbioru i Pakowania Mięsa;(63)2619375;;
MOGRAL Zakład Rozbioru i Pakowania Mięsa;(63)2619388;;
MRÓZ S.A.;(65)5716440;;
MRÓZ S.A.;(65)5716441;;
OLIMPEK Sp. z o.o.;(17)8636368;;
P.H.P.U. IMEX Marek-Sala Sp. z o.o.;(14)6845860;;
P.H.P.U. IMEX Marek-Sala Sp. z o.o.;(14)6864832;;
P.H.U. CZE-LEW-ICZ;(61)8184515;;
P.H.U. CZE-LEW-ICZ;660434323;;
P.P.H.U WYROBEK S.c.;(32)2121317;;
P.P.H.U WYROBEK S.c.;(32)6229458;;
P.P.H.U. BiZ Bożena Bojakowska;(71)3183588;;
P.P.H.U. BiZ Bożena Bojakowska;(71)3183383;;
P.P.H.U. DOR-PRZEM Jan Wojdal;(46)8756253;;
P.P.H.U. DOR-PRZEM Jan Wojdal;512232772;;
P.P.H.U. EQUUS Halina Makowska;(44)7340283;;
P.P.H.U. EQUUS Halina Makowska;(44)7237907;;
P.P.H.U. GRETA PLUS;(46)8743897;;
P.P.H.U. GRETA PLUS;601080604;;
P.P.H.U. Karol Chwastek;(33)8562623;;
P.P.H.U. MARCUS Marek Andrzej Krawczyk;(68)3473421;;
P.P.H.U. MARCUS Marek Andrzej Krawczyk;502082183;;
P.P.H.U. MARKAM;(18)3313069;;
P.P.H.U. MARKAM;(18)3313414;;
P.P.H.U. Mas-Pol Sp.j.;(44)6153210;;
P.P.U.H Henryk Kowalczyk;(34)3276565;;
P.P.U.H Henryk Kowalczyk;(34)3274513;;
P.P.U.H. Salon Mięsny;(12)3885278;;
P.P.U.H. Salon Mięsny;602361309;;
P.P.U.H. Zakład Przetwórstwa Mięsnego Kazimierz Medes;(18)2672004;;
P.U. ALBERT Albert Napieraj;(61)8301845;;
P.U. ALBERT Albert Napieraj;602114475;;
P.U.H. ŁUKASZ Gold Drób;(71)3037410;;
P.U.H. ŁUKASZ Gold Drób;600217800;;
P.U.H. Ubojnia Drobiu HUBART;(59)8461531;;
P.U.H. Ubojnia Drobiu HUBART;609846111;;
PARKUR Sp. z o.o.;(18)4761818;;
PARKUR Sp. z o.o.;(18)4761819;;
PIÓRKOWSCY Ubojnia Drobiu;(46)8747170;;
PIÓRKOWSCY Ubojnia Drobiu;(46)8746001;;
Podhalańskie Centrum Dystrybucji SALAMI Sp.j.;(18)2614400;;
Podhalańskie Centrum Dystrybucji SALAMI Sp.j.;(18)2614410;;
POLFEX Sp. z o.o.;(62)7387032-33;;
POLFEX Sp. z o.o.;(62)7365059;;
POLISH FARM MEAT Zakłady Mięsne Stanisławów Sp. z o.o.;(25)7575245;;
POLISH FARM MEAT Zakłady Mięsne Stanisławów Sp. z o.o.;(25)7575241;;
POLRABBIT Sp. z o.o. Grupa Producentów Rolnych;605695856;;
POLRABBIT Sp. z o.o. Grupa Producentów Rolnych;603136909;;
Polski Koncern Mięsny DUDA S.A.;(22)3199400;;
Polskie Mięso i Wędliny Łukosz Sp. z o.o.;(33)8548800;;
Polskie Mięso i Wędliny Łukosz Sp. z o.o.;(33)8548809;;
POŁONINA Lesko Sp. z o.o. Sp.komandytowa;(13)4696507;;
POŁONINA Lesko Sp. z o.o. Sp.komandytowa;(13)4699035;;
PPH Eksport-Import AWRA Sp. z o.o.;(62)7332670;;
PPH INDYK-MAZURY Sp. z o.o. Sp.komandytowa;(89)6463662;;
PPH KUZNOCIN;(46)8635947;;
PPH KUZNOCIN;602379832;;
PPH POLSKIE MIĘSO Krążyński Sp.j.;(62)7611099;;
PPH POLSKIE MIĘSO Krążyński Sp.j.;(62)7611922;;
PPH Ubój i Przetwórstwo Indyka;(65)5451423;;
PPH Ubój i Przetwórstwo Indyka;(65)5469154-57;;
PPHU ALGAS Sp.j.;(32)2645865;;
PPHU ALGAS Sp.j.;(32)2646912;;
PPHU BARTEK Ubojnia Zwierząt Sp.j.;(29)7418837;;
PPHU MARK`S Sp. z o.o. Marko Walichnowy;(62)7832801-04;;
PPHU MARK`S Sp. z o.o. Marko Walichnowy;(62)7832805;;
PPHU PAPAJ;(63)2746160;;
PPHU PAPAJ;(63)2746166;;
PPHU WARS-POL Sp. z o.o.;(55)2780954;;
PPHU WARS-POL Sp. z o.o.;(55)2780969;;
PPHU Zakład Przetwórstwa Mięsnego Grzegorz Paszak;606625347;;
PPUH DEŚRA Sp.j. Biruta Virakas;(87)5161077;;
PPUH JANTAR Sp. z o.o.;(32)4558872;;
PPUH JANTAR Sp. z o.o.;(32)4557724;;
PPUH PROSPER Sp. z o.o.;(89)6475035;;
PPUH PROSPER Sp. z o.o.;(89)6475313;;
PPUH STAN;(87)5664994;;
PPUH STAN;(87)5663748;;
PPUH WYSOTA;(43)8211758;;
PRIME FOOD Sp. z o.o.;(59)8334505;;
PRIME FOOD Sp. z o.o.;(59)8334050;;
Producent Mięs Mielonych ANGELA Sp.j.;(18)3518285;;
Produkcja Wędlin Regionalnych U MĄDREGO;(12)2702542;;
Przedsiębiorstwo Drobiarskie DROBEX Sp. z o.o.;(52)3876100;;
Przedsiębiorstwo Drobiarskie DROBEX Sp. z o.o.;(52)3876155;;
Przedsiębiorstwo Drobiarskie Grzegorz Wyrębski;(43)8213210;;
Przedsiębiorstwo Drobiarskie MARK-DROB Irena i Piotr Markiewicz Sp.j.;(61)8116430;;
Przedsiębiorstwo Drobiarskie MARK-DROB Irena i Piotr Markiewicz Sp.j.;(61)8116426;;
Przedsiębiorstwo POLESIE Sp.j.;(83)3521965;;
Przedsiębiorstwo POLESIE Sp.j.;(83)3529577;;
Przedsiębiorstwo Produkcyjno Usługowo Handlowe KANAREK;(41)3062531;;
Przedsiębiorstwo Produkcyjno Usługowo Handlowe KANAREK;(41)3061048;;
Przedsiębiorstwo Przemysłu Mięsnego TAURUS Sp. z o.o.;(14)6721552;;
Przedsiębiorstwo Przetwórstwa Mięsnego KBS Sp. z o.o.;(85)7162244;;
Przedsiębiorstwo Przetwórstwa Mięsnego KBS Sp. z o.o.;(85)7165855;;
Przetwórnia Drobiu SZTUDER;(68)3214623;;
Przetwórnia Drobiu SZTUDER;(68)3214624;;
Przetwórstwo i Dystrybucja Wędlin SWOJSKI SMAK;515629739;;
Przetwórstwo i Dystrybucja Wędlin SWOJSKI SMAK;519530048;;
Przetwórstwo Mięsne MOTYKA;(68)3771303;;
Przetwórstwo Mięsne MOTYKA;500012868;;
Przetwórstwo Mięsne Płatek Sp.j.;(12)2702583;;
Przetwórstwo Mięsne Płatek Sp.j.;533702583;;
Przetwórstwo Mięsne Z.Z.Paluch;(12)6408630;;
Przetwórstwo Mięsne Z.Z.Paluch;(12)6450806;;
Przetwórstwo Mięsne ZAŁOGA Sp.j.;(44)6461158;;
Przetwórstwo Mięsne ZAŁOGA Sp.j.;(44)6462788-89;;
Przetwórstwo Mięsno-Wędliniarskie BACYNIOK;(12)2804408;;
Przetwórstwo Mięsno-Wędliniarskie BACYNIOK;(12)2800400;;
Przetwórstwo Mięsno-Wędliniarskie Jacek Podgórniak;(43)8423421;;
Przetwórstwo Mięsno-Wędliniarskie Jacek Podgórniak;(43)8423417;;
Rolnicza Spółdzielnia Produkcyjna w Osiu;(52)3329523;;
ROLNOMIĘS;(56)6782047;;
ROLNOMIĘS;(56)6782731;;
Rzeszowskie Zakłady Drobiarskie RES-DROB Sp. z o.o.;(17)8532455;;
Rzeszowskie Zakłady Drobiarskie RES-DROB Sp. z o.o.;(17)8533432;;
RZEŹNIA MASARNIA Sprzedaż Mięsa i Wędlin Norbert Kawski Sp.j.;(55)2774244;;
RZEŹNIA MASARNIA Sprzedaż Mięsa i Wędlin Norbert Kawski Sp.j.;501376497;;
Rzeźnia Prywatna Sp.j.;600049420;;
Rzeźnia Prywatna Sp.j.;604519075;;
Rzeźnictwo i Handel KAPECKI Sp.j.;(33)8194068;;
Rzeźnictwo i Handel KAPECKI Sp.j.;(33)8159068;;
Rzeźnictwo i Wędliniarstwo Janusz Rogalski;(33)8465402;;
RZEŹNICTWO TŁOKI Sp. z o.o. Artur Maik;(68)3842871;;
RZEŹNICTWO TŁOKI Sp. z o.o. Artur Maik;602723556;;
Rzeźnictwo Zyguła Zbąszynek Sp. z o.o. Sp.komandytowa;(68)3849767;;
Rzeźnictwo Zyguła Zbąszynek Sp. z o.o. Sp.komandytowa;(68)3849528;;
Rzeźnictwo-Wędliniarstwo Józef Tomczyk;(33)8755428;;
Rzeźnictwo-Wędliniarstwo Józef Tomczyk;(33)8755114;;
Rzeźnictwo-Wędliniarstwo Józef, Sylwester i Jolanta Maryniak Sp.j.;(77)4100454;;
Rzeźnictwo-Wędliniarstwo Józef, Sylwester i Jolanta Maryniak Sp.j.;(77)4105208;;
SADROL Jan Sadowski;(85)7119702;;
SADROL Jan Sadowski;608692150;;
SEDAR S.A.;(83)3718100;;
SEDAR S.A.;(83)3718109;;
SKŁODOWSCY Sp. z o.o.;(85)7181614;;
Skup i Ubój Żywca oraz Handel Mięsem Beata Zygmunt;601805809;;
Skup i Ubój Żywca oraz Handel Mięsem Beata Zygmunt;605276826;;
SKUP-SPRZEDAŻ-UBÓJ ŻYWCA S.c. Stanisław Frączkiewicz i Synowie;(46)8569140;;
SKUP-SPRZEDAŻ-UBÓJ ŻYWCA S.c. Stanisław Frączkiewicz i Synowie;604161251;;
Skup, Ubój i Handel Drobiem JĄDREX;(61)8135465;;
Skup, Ubój i Handel Drobiem JĄDREX;512151035;;
Sokołów S.A.;(25)6408200;;
Sokołów S.A.;(25)7876132;;
Sokołów S.A. Oddział w Dębicy;(14)6809500;;
Sokołów S.A. Oddział w Dębicy;(14)6809503;;
SUBUN Zakład Rozbioru i Przetwórstwa Mięsa Sp.j.;(22)7268342;;
Toennies Fleisch Polska Sp. z o.o.;(94)3617517;;
Toennies Fleisch Polska Sp. z o.o.;(94)3617519;;
Tradycyjne Jadło;(61)8977004;;
Tradycyjne Jadło;(61)6242732;;
Tradycyjne Wyroby Wędliniarskie Jan Fołta;(17)2265557;;
Tradycyjne Wyroby Wędliniarskie Jan Fołta;(17)2250319;;
Ubojnia Drobiu A&B DROB Sp. z o.o.;(58)6817685;;
Ubojnia Drobiu A&B DROB Sp. z o.o.;(58)6817205;;
Ubojnia Drobiu Chrustowo;501644860;;
Ubojnia Drobiu Chrustowo;(67)2840113;;
Ubojnia Drobiu FRANEK Sp.j.;(76)8728656;;
Ubojnia Drobiu GALLUS Sp.j.;(76)8584310;;
Ubojnia Drobiu GALLUS Sp.j.;792979797;;
Ubojnia Drobiu GOSZ Sp. z o.o.;(58)6816772;;
Ubojnia Drobiu GOSZ Sp. z o.o.;(58)6846860;;
Ubojnia Drobiu HYBRO Sp. z o.o.;(32)2028675;;
Ubojnia Drobiu HYBRO Sp. z o.o.;(32)2529040;;
Ubojnia Drobiu INDOR Sp. z o.o.;(89)6243211;;
Ubojnia Drobiu JAN-MAR;(34)3193096;;
Ubojnia Drobiu JAN-MAR;(34)3292200;;
Ubojnia Drobiu KOKO;(32)6138217;;
Ubojnia Drobiu KOKO;(12)2837974;;
Ubojnia Drobiu KULJASZ Sp.j.;(41)2511959;;
Ubojnia Drobiu Leszek Chuchrak;(67)2651028;;
Ubojnia Drobiu Marcin Frątczak;(63)2720156;;
Ubojnia Drobiu Marcin Frątczak;(63)2616841;;
Ubojnia Drobiu MIELEWCZYK;(58)6942815;;
UBOJNIA DROBIU Mirosław Kondratowicz;(89)5333983;;
Ubojnia Drobiu REDA;603809209;;
Ubojnia Drobiu RELANDA Sp. z o.o.;(61)6241930;;
Ubojnia Drobiu Tomasz Prus;(77)4616096;;
Ubojnia Drobiu Tomasz Prus;604229882;;
Ubojnia Drobiu WIELKOPOLSKI INDYK;(61)8930304;;
Ubojnia Drobiu WIELKOPOLSKI INDYK;(61)8930305;;
Ubojnia Drobiu WOJSZKI Biedrzycki, Prończuk Sp.j.;(85)7165330;;
Ubojnia Drobiu WOJSZKI Biedrzycki, Prończuk Sp.j.;(85)7279012;;
Ubojnia Gostwica;(18)5478187;;
Ubojnia Grzegorz i Jan Matusiak Sp.j.;(42)6499043;;
Ubojnia Grzegorz i Jan Matusiak Sp.j.;605581703;;
Ubojnia Indyków Michał Zawiślok;(32)2857435;;
Ubojnia Indyków Michał Zawiślok;693635183;;
Ubojnia PELON ZE S.c.;602600019;;
Ubojnia PELON ZE S.c.;(32)6735458;;
Ubojnia Własna KRZAN;(18)3317128;;
Ubojnia Własna KRZAN;692104139;;
Ubojnia Zwierząt Lucyna Hajka;(52)3327759;;
Ubojnia Zwierząt Lucyna Hajka;(52)3304252;;
Ubojnia Zwierząt Robert Rytel;(86)2166650;;
Ubojnia Zwierząt Robert Rytel;(86)2162340;;
Ubojnia Zwierząt Rzeźnych DRAGON Sp.j.;(56)4688458;;
Ubojnia Zwierząt Rzeźnych WALCZAK;(62)7838168;;
Ubojnia Zwierząt Sławomir i Jadwiga Wojniłowicz Sp.j.;(29)7178063;;
Ubojnia Zwierząt Sławomir i Jadwiga Wojniłowicz Sp.j.;(29)7178067;;
Ubój Zwierząt, Rzeźnia Cezary Słonczewski;(23)6912018;;
WAYECO;732966732;;
WAYECO;(91)4693311;;
Wędliniarstwo Słociński;(61)4411552;;
Wędliny z Dębiny Elżbieta Tomaszewska;608532046;;
Wędliny Żorskie KANIA Sp. z o.o.;(32)4344770;;
Wędliny Żorskie KANIA Sp. z o.o.;(32)4346090;;
WĘDZARNIA Zbigniew Rostocki;696227852;;
Wiejski Stół DR MARYNIAK Józef Maryniak;(61)8143687;;
Wiejski Stół DR MARYNIAK Józef Maryniak;515778156;;
WiR Zakłady Mięsne Sp. z o.o.;(41)3914026;;
WiR Zakłady Mięsne Sp. z o.o.;(41)3914274;;
WITMAS;(42)7178023;;
WITMAS;(42)7178250;;
WURSTEL Sp. z o.o.;(91)3122257;;
WURSTEL Sp. z o.o.;(91)3177800;;
WYROBY SWOJSKIE S.c.;(32)2188269;;
Wytwórnia Wędlin Szuster;(41)3667684;;
Wytwórnia Wędlin Szuster;(41)3465208;;
Wytwórnia Wędlin Władysław Kummer;(58)6711949;;
Wytwórnia Wędlin Władysław Kummer;(58)6715110;;
Z.P.H. ADMAR Andrzej Wiński;(34)3278546;;
Z.P.H. ADMAR Andrzej Wiński;(34)3278668;;
Z.P.H.U. POLMAR Mariusz Noga;(34)3186740;;
Z.P.H.U. U JANA;(85)7308003;;
Zakład Drobiarski LECH DRÓB Sp. z o.o.;(89)6425000;;
Zakład Drobiarski LECH DRÓB Sp. z o.o.;(89)6425001;;
Zakład Drobiarski LINODRÓB Kwiatkowscy Sp.j.;(56)4661601;;
Zakład Drobiarski LINODRÓB Kwiatkowscy Sp.j.;(56)4669886;;
Zakład Drobiarski STASIN Sp. z o.o.;600072071;;
Zakład Drobiarski STASIN Sp. z o.o.;(25)7407780;;
Zakład Masarski Beata Opiła;(32)4765565;;
Zakład Masarski Beata Opiła;(32)4765243;;
ZAKŁAD MASARSKI Dariusz Kmak;(18)4456135;;
ZAKŁAD MASARSKI Dariusz Kmak;666083669;;
Zakład Masarski Henryka Zychowicz;(41)3072777;;
Zakład Masarski Henryka Zychowicz;(41)3072804;;
Zakład Masarski Herbert Suchanek;(32)2339711;;
Zakład Masarski Herbert Suchanek;(32)2338356;;
Zakład Masarski KRAWCZYK;(48)3857420-22;;
Zakład Masarski KRAWCZYK;(48)6105682-83;;
Zakład Masarski Małgorzaty i Eugeniusza Jędrychów S.c.;(34)3179845;;
Zakład Masarski Małgorzaty i Eugeniusza Jędrychów S.c.;(34)3179905;;
Zakład Masarski NIEM-POL Niemczak Sp.j.;(17)2265615;;
Zakład Masarski NIEM-POL Niemczak Sp.j.;510070001;;
Zakład Masarski Ubój-Wyrób-Sprzedaż Małgorzata Hap, Mateusz Hap, Monika Polak S.c.;(13)4424202;;
Zakład Masarski WIĘCEK Sp.j.;(34)3579007;;
Zakład Masarski WIĘCEK Sp.j.;(34)3579037;;
Zakład Masarski ZDRÓJ Sp.j.;(18)4418985;;
Zakład Masarski ZDRÓJ Sp.j.;501010095;;
Zakład Mięsno-Wędliniarski KAMINIARZ Sp. z o.o. Sp.komandytowa;(65)5330803;;
Zakład Mięsno-Wędliniarski KAMINIARZ Sp. z o.o. Sp.komandytowa;(65)5330693;;
Zakład Mięsno-Wędliniarski MIR-MAX Penkala, Agroturystyka MIR-MAX;(32)4723090;;
Zakład Mięsno-Wędliniarski MIR-MAX Penkala, Agroturystyka MIR-MAX;(32)4729490;;
Zakład Mięsny BEKON;(52)3845030;;
Zakład Mięsny BEKON;(52)3845130;;
Zakład Mięsny BUKAT Kołodzińscy;(62)7472798;;
Zakład Mięsny BUKAT Kołodzińscy;(62)7475861;;
Zakład Mięsny CARNIS-KOŁO;(63)2723077;;
Zakład Mięsny CARNIS-KOŁO;(63)2722003;;
Zakład Mięsny CHABURA Sp. z o.o. Sp. Komandytowa;(14)6714157;;
Zakład Mięsny CHABURA Sp. z o.o. Sp. Komandytowa;(14)6715667;;
Zakład Mięsny DAMAK KEBAB Sp. z o.o.;(25)7586801;;
Zakład Mięsny DOBRE;(25)7992283;;
Zakład Mięsny DOBRE;(25)7994934;;
Zakład Mięsny DOBROWOLSCY Sp. z o.o.;(14)6662000;;
Zakład Mięsny HEMAX Sp.j.;(32)2876110;;
Zakład Mięsny HEMAX Sp.j.;(32)3932787;;
Zakład Mięsny Henryk Kania S.A.;(32)2103247;;
Zakład Mięsny Henryk Kania S.A.;(32)2104834;;
Zakład Mięsny JASIOŁKA;(13)4330802;;
Zakład Mięsny JASIOŁKA;(13)4927771;;
Zakład Mięsny JĘDRZEJEWSKI;(41)3154087;;
Zakład Mięsny JĘDRZEJEWSKI;601191628;;
Zakład Mięsny Konarczak Sp.j.;(65)5727464;;
Zakład Mięsny Konarczak Sp.j.;(65)5734037;;
Zakład Mięsny LENARCIK;(23)6915240;;
Zakład Mięsny LENARCIK;(23)6915242;;
Zakład Mięsny Masarnia B.J.Nieścior;(84)6877500;;
Zakład Mięsny Masarnia B.J.Nieścior;(84)6877906;;
Zakład Mięsny MIREX;513153100;;
Zakład Mięsny Mościbrody Sp. z o.o.;(25)6417186;;
Zakład Mięsny Mościbrody Sp. z o.o.;(25)6417052;;
Zakład Mięsny NALPOL;(76)8782430;;
Zakład Mięsny NIEDŹWIEDŹ;(94)3616345;;
Zakład Mięsny NIEDŹWIEDŹ;533304438;;
Zakład Mięsny OZDAN Sp.j.;(46)8159275;;
Zakład Mięsny OZDAN Sp.j.;(46)8159149;;
Zakład Mięsny Pelikan Sp. z o.o.;(85)7412072;;
Zakład Mięsny Pelikan Sp. z o.o.;(85)7418137;;
Zakład Mięsny PIEMONTES;(42)6409474;;
Zakład Mięsny PIEMONTES;(42)6409475;;
Zakład Mięsny PODLASIE S.c.;(85)7164300;;
Zakład Mięsny RAKÓW Sp.j.;(44)6464399;;
Zakład Mięsny RAKÓW Sp.j.;(44)6486649;;
Zakład Mięsny RITTER;(56)6768732;;
Zakład Mięsny RITTER;(56)6767730;;
Zakład Mięsny ROKITA;(52)3829709;;
Zakład Mięsny ROKITA;(52)3829586;;
Zakład Mięsny RZEŹNIK Sp.j.;(25)6416394;;
Zakład Mięsny RZEŹNIK Sp.j.;(25)6416090;;
Zakład Mięsny SmakiGarwolina.pl;797312258;;
Zakład Mięsny ŚCIBIORÓW Sp. z o.o.;(46)8743727;;
Zakład Mięsny WAGA;(12)6330310;;
Zakład Mięsny WAGA;508789073;;
Zakład Mięsny WIERZEJKI Sp.j.;(25)6437500;;
Zakład Mięsny WIERZEJKI Sp.j.;(25)6437501;;
Zakład Produkcyjny Strawa Sp. z o.o.;(22)7850809;;
Zakład Produkcyjny Strawa Sp. z o.o.;(22)7850065;;
Zakład Przemysłu Mięsnego BIERNACKI Sp. z o.o.;(62)7470900;;
Zakład Przemysłu Mięsnego BIERNACKI Sp. z o.o.;(62)7470918;;
Zakład Przetwórczy Rolno-Spożywczy Ubojnia Drobiu Sp.j.;(23)6544023;;
Zakład Przetwórczy Rolno-Spożywczy Ubojnia Drobiu Sp.j.;(23)6549118;;
Zakład Przetwórstwa Drobiu JUR-KUR;(85)6763292;;
Zakład Przetwórstwa Drobiu JUR-KUR;505175093;;
Zakład Przetwórstwa Drobiu MARICA Sp.j.;(33)8573514;;
Zakład Przetwórstwa Drobiu MARICA Sp.j.;(33)8585300;;
Zakład Przetwórstwa Dziczyzny LASPOL;(61)8174040;;
Zakład Przetwórstwa Dziczyzny LASPOL;601748226;;
Zakład Przetwórstwa Mięsnego B.Jabłoński Sp.j.;(13)4368458;;
Zakład Przetwórstwa Mięsnego B.Jabłoński Sp.j.;(13)4321366;;
Zakład Przetwórstwa Mięsnego BOREX-BECON;(12)2762690;;
Zakład Przetwórstwa Mięsnego BOREX-BECON;(12)2767534;;
Zakład Przetwórstwa Mięsnego DEMETER Sp.j.;(44)6816180;;
Zakład Przetwórstwa Mięsnego DEMETER Sp.j.;(44)6816181;;
Zakład Przetwórstwa Mięsnego DWORECKI Sp.j.;(65)5478372;;
Zakład Przetwórstwa Mięsnego DWORECKI Sp.j.;(65)5478590;;
Zakład Przetwórstwa Mięsnego EL-TED T.Wieczorkowski;(22)7795500;;
Zakład Przetwórstwa Mięsnego EL-TED T.Wieczorkowski;(22)7880329;;
Zakład Przetwórstwa Mięsnego GAIK;(44)7871014;;
Zakład Przetwórstwa Mięsnego GAIK;(44)6850660;;
Zakład Przetwórstwa Mięsnego GROT Sp.j.;(42)2302201;;
Zakład Przetwórstwa Mięsnego GROT Sp.j.;(42)2302202;;
Zakład Przetwórstwa Mięsnego GUMNI-SUSZ;(61)2967285;;
Zakład Przetwórstwa Mięsnego GUMNI-SUSZ;(61)2967287;;
Zakład Przetwórstwa Mięsnego JAN BIELESZ Sp. z o.o.;(33)4794040;;
Zakład Przetwórstwa Mięsnego JAN BIELESZ Sp. z o.o.;(33)4794041;;
Zakład Przetwórstwa Mięsnego Józef Bożek;(33)8177283;;
Zakład Przetwórstwa Mięsnego Józef Bożek;(33)8177146;;
Zakład Przetwórstwa Mięsnego KAROL;(83)3731017;;
Zakład Przetwórstwa Mięsnego KAROL;(83)3711038;;
Zakład Przetwórstwa Mięsnego Karol & Agata Czaderna;(33)8183931;;
Zakład Przetwórstwa Mięsnego KOŁDRAS;(14)6110192;;
Zakład Przetwórstwa Mięsnego Koniarek;(24)3566595;;
Zakład Przetwórstwa Mięsnego KRAK-MIĘS Jarosław Naruszewicz;(12)6802311;;
Zakład Przetwórstwa Mięsnego Krzysztof Zieliński;(61)4443217;;
Zakład Przetwórstwa Mięsnego Krzysztof Zieliński;(61)4438695;;
Zakład Przetwórstwa Mięsnego Kuś;(32)2482614;;
Zakład Przetwórstwa Mięsnego Kuś;(32)3403034;;
Zakład Przetwórstwa Mięsnego Łoboda Marek;(33)8653525;;
Zakład Przetwórstwa Mięsnego Łoboda Marek;(33)8622192;;
Zakład Przetwórstwa Mięsnego MAJER S.c. Maria i Jerzy Pizoń;691801491;;
Zakład Przetwórstwa Mięsnego MAJER S.c. Maria i Jerzy Pizoń;695707800;;
Zakład Przetwórstwa Mięsnego MAREK LEŚNIAK;(17)2761783;;
Zakład Przetwórstwa Mięsnego MAXPOL Sp. z o.o.;(32)4191493;;
Zakład Przetwórstwa Mięsnego MAXPOL Sp. z o.o.;(32)4192226;;
Zakład Przetwórstwa Mięsnego Mroczek;(77)4644173;;
Zakład Przetwórstwa Mięsnego Mroczek;(77)4645136;;
Zakład Przetwórstwa Mięsnego NIK-POL Sp. z o.o.;(32)2874107;;
Zakład Przetwórstwa Mięsnego RASKO;(44)7122626;;
Zakład Przetwórstwa Mięsnego RYJEK Sp.j.;(81)5012360;;
Zakład Przetwórstwa Mięsnego RYJEK Sp.j.;(81)7566958;;
Zakład Przetwórstwa Mięsnego SIWEK;(33)8623540;;
Zakład Przetwórstwa Mięsnego SIWEK;(33)8622144;;
Zakład Przetwórstwa Mięsnego SZAREK;(16)6219143;;
Zakład Przetwórstwa Mięsnego SZAREK;(16)6241772;;
Zakład Przetwórstwa Mięsnego UNIROL;(15)8713223;;
Zakład Przetwórstwa Mięsnego UNIROL;695343838;;
Zakład Przetwórstwa Mięsnego WALDI Sp.j.;(61)4421171;;
Zakład Przetwórstwa Mięsnego WALDI Sp.j.;(61)4421172;;
Zakład Przetwórstwa Mięsnego Wojciech Zieliński i S-ka Sp.j.;(55)2792078;;
Zakład Przetwórstwa Mięsnego Wojciech Zieliński i S-ka Sp.j.;(55)2792027;;
Zakład Przetwórstwa Mięsnego ŻACZYK;(18)4751470;;
Zakład Przetwórstwa Mięsnego ŻACZYK;(18)4751400;;
Zakład Rolniczo-Przemysłowy FARMUTIL HS S.A.;(67)2814140;;
Zakład Rolniczo-Przemysłowy FARMUTIL HS S.A.;(67)2814385;;
Zakład Rolno-Produkcyjny ZAKŁAD MASARSKI Augustyn Długoń;(14)6451362;;
Zakład Rolno-Produkcyjny ZAKŁAD MASARSKI Augustyn Długoń;(14)6451490;;
Zakład Rozbioru Drobiu CEZAR Urszula Kowalska;(22)4246560;;
Zakład Rozbioru Drobiu CEZAR Urszula Kowalska;(22)4356461;;
Zakład Rozbioru Drobiu EMI;(33)8571680;;
Zakład Rozbioru Drobiu EMI;(33)8570566;;
Zakład Rozbioru i Składowania Drobiu DROGOSZ Sp. z o.o.;(41)3030240;;
Zakład Rozbioru i Składowania Drobiu DROGOSZ Sp. z o.o.;(41)3030486;;
Zakład Rzeźniczo-Wędliniarski Bara Jacek;(32)2887915;;
Zakład Rzeźniczo-Wędliniarski Bara Jacek;(32)3910028;;
Zakład Rzeźniczo-Wędliniarski Ernestyn Janeta;(32)4516116;;
Zakład Rzeźniczo-Wędliniarski Ernestyn Janeta;(32)4516150;;
Zakład Rzeźniczo-Wędliniarski JANETA Sp.j.;(32)4516210;;
Zakład Rzeźniczo-Wędliniarski JANETA Sp.j.;(32)4530402;;
Zakład Rzeźniczo-Wędliniarski SAJDAK Sp.j.;(14)6526605;;
Zakład Skupu Przetwórstwa Trzody Bydła i Dziczyzny MYŚLIWIEC;(52)3340200;;
Zakład Uboju Bydła Rzeźnego CEZAN;(23)6791009;;
Zakład Uboju Bydła Rzeźnego CEZAN;503124470;;
Zakład Uboju-Przetwórstwo Mięsne Karkut;(17)2271901;;
Zakład Wędliniarski Andrzej Stania;731366894;;
Zakład Wędliniarski Bogdan Tarczewski;693409898;;
Zakład Wędliniarski Bogdan Tarczewski;693409908;;
Zakład Wyrobów Wędliniarskich Paweł Nowak;(41)2715073;;
Zakłady Drobiarskie DROB-BOGS;(44)6164794;;
Zakłady Drobiarskie DROB-BOGS;(44)6154327;;
Zakłady Drobiarskie KOZIEGŁOWY Sp. z o.o.;(61)8111600;;
Zakłady Drobiarskie KOZIEGŁOWY Sp. z o.o.;(61)8127391;;
Zakłady Drobiarsko-Mięsne SuperDrob S.A.;(22)7790600;;
Zakłady Drobiarsko-Mięsne SuperDrob S.A.;(22)7790615;;
Zakłady Mięsne AGRO-HANDEL Sp. z o.o.;(65)5174150;;
Zakłady Mięsne AGRO-HANDEL Sp. z o.o.;(65)5174153;;
Zakłady Mięsne BYSTRY Sp. z o.o. Sp.komandytowa;(61)6514070-73;;
Zakłady Mięsne BYSTRY Sp. z o.o. Sp.komandytowa;(61)6514305;;
Zakłady Mięsne CHOBOT MEAT Jan Ludwiniak;(22)7838022;;
Zakłady Mięsne CHOBOT MEAT Jan Ludwiniak;693336338;;
Zakłady Mięsne Czyżew;(86)2756800;;
Zakłady Mięsne Czyżew;(86)2755757;;
Zakłady Mięsne Dobrosławów Henryk Amanowicz;(81)8819431;;
Zakłady Mięsne Dobrosławów Henryk Amanowicz;(81)8819233;;
Zakłady Mięsne DWORAK;(17)8553590;;
Zakłady Mięsne DWORAK;(17)8553755;;
Zakłady Mięsne HAGA PLUS Sp. z o.o.;(32)4759900;;
Zakłady Mięsne HAGA PLUS Sp. z o.o.;(32)4759909;;
Zakłady Mięsne HAM Sp.j.;(32)7699532;;
Zakłady Mięsne HAM Sp.j.;(32)7699560;;
Zakłady Mięsne JADÓW Sp. z o.o.;(25)6754380;;
Zakłady Mięsne JADÓW Sp. z o.o.;(25)6754367;;
Zakłady Mięsne JÓZAN;(34)3150245;;
Zakłady Mięsne KAWIKS;(43)6721193;;
Zakłady Mięsne KAWIKS;(43)6721963;;
Zakłady Mięsne KIER;(52)3317006;;
Zakłady Mięsne KIER;(52)3317167;;
Zakłady Mięsne KOŚCIERZYNA Sp. z o.o.;(58)6862211-12;;
Zakłady Mięsne KOŚCIERZYNA Sp. z o.o.;(58)6863015;;
Zakłady Mięsne ŁAGROM Sp. z o.o.;(65)5729300;;
Zakłady Mięsne ŁAGROM Sp. z o.o.;(65)5729301;;
Zakłady Mięsne ŁUNIEWSCY;(86)2774620;;
Zakłady Mięsne ŁUNIEWSCY;(86)2774615;;
Zakłady Mięsne MADEJ & WRÓBEL Sp. z o.o.;(32)7712299;;
Zakłady Mięsne MADEJ & WRÓBEL Sp. z o.o.;(32)7712208-10;;
Zakłady Mięsne Mielczarek Sp. z o.o. Sp.komandytowa;(61)8936100;;
Zakłady Mięsne Mielczarek Sp. z o.o. Sp.komandytowa;(61)8936112;;
Zakłady Mięsne NETTER;(85)7319122;;
Zakłady Mięsne NETTER;(85)7319124;;
Zakłady Mięsne Niebieszczańscy Sp.j.;(75)7813733;;
Zakłady Mięsne Niebieszczańscy Sp.j.;(75)7349248;;
Zakłady Mięsne NOVE Sp. z o.o.;(52)3328381;;
Zakłady Mięsne NOVE Sp. z o.o.;(52)3328380;;
Zakłady Mięsne NOWAK;(58)6922820;;
Zakłady Mięsne NOWAK;(58)6922850;;
Zakłady Mięsne OLEWNIK-BIS Sp. z o.o.;(24)2674600;;
Zakłady Mięsne OLEWNIK-BIS Sp. z o.o.;(24)2601220;;
Zakłady Mięsne PAMSO S.A.;(42)2255555;;
Zakłady Mięsne PAMSO S.A.;0800296066;;
Zakłady Mięsne Pekpol Ostrołęka S.A.;(29)7641101;;
Zakłady Mięsne Pekpol Ostrołęka S.A.;(29)7641406;;
Zakłady Mięsne SILESIA S.A.;(32)7311000;;
Zakłady Mięsne SILESIA S.A.;(32)7311080;;
Zakłady Mięsne SKIBA Andrzej Skiba;(52)3965600;;
Zakłady Mięsne SKIBA Andrzej Skiba;(52)3965601;;
Zakłady Mięsne SOBKOWIAK;(68)3848342;;
Zakłady Mięsne SOBKOWIAK;(68)3848478;;
Zakłady Mięsne SZAJEK Sp. z o.o. Sp.komandytowa;(61)4472206;;
Zakłady Mięsne SZAJEK Sp. z o.o. Sp.komandytowa;(61)4472071;;
Zakłady Mięsne TADEX;(29)7437989;;
Zakłady Mięsne TUR Sp.j.;(14)6105570;;
Zakłady Mięsne Ubojnia Drobiu BRADO-2 S.A.;(33)8234548;;
Zakłady Mięsne Ubojnia Drobiu BRADO-2 S.A.;(33)8232936;;
ZAKŁADY MIĘSNE w Żywcu Wojciech Dobija;(33)8604000;;
ZAKŁADY MIĘSNE w Żywcu Wojciech Dobija;(33)8604029;;
Zakłady Mięsne WERBLIŃSKI Sp. z o.o.;(62)7603224;;
Zakłady Mięsne WERBLIŃSKI Sp. z o.o.;(62)5033350;;
Zakłady Mięsne WOLAS Sp. z o.o.;(33)8636689;;
Zakłady Mięsne WOLAS Sp. z o.o.;(33)8600246;;
Zakłady Mięsne ZAKRZEWSCY Dariusz Zakrzewski, Janusz Zakrzewski Sp.j.;(25)7871969;;
Zakłady Mięsne ZAKRZEWSCY Dariusz Zakrzewski, Janusz Zakrzewski Sp.j.;(25)7871967;;
Zakłady Mięsne Zbigniew i Jan Cioczek Sp.j.;(81)7461036;;
Zakłady Mięsne Zbigniew i Jan Cioczek Sp.j.;(81)7461035;;
ZMIR Kebab, Masarnia Marek Stępnik;(95)7602417;;
ZPM BIEGUN Sp. z o.o. Sp.komandytowa;(62)7471605;;
ZPM BIEGUN Sp. z o.o. Sp.komandytowa;(62)7408095;;
ZPM HOCHEL Sp. z o.o.;(41)3061076;;
ZPUH GOLOMB;(77)4655103;;
ZPUH GOLOMB;507033594;;
ZUH WOJCIECHOWSKI;(44)7544612;;
ZUH WOJCIECHOWSKI;(44)7544610;;
BACÓWKA Towary Tradycyjne Sp. z o.o. Sp.komandytowa;(12)6395886;;
BACÓWKA Towary Tradycyjne Sp. z o.o. Sp.komandytowa;(12)6395887;;
Company Solo Maciej Kizior;(14)6705034;;
Company Solo Maciej Kizior;606897023;;
Gminna Spółdzielnia SAMOPOMOC CHŁOPSKA;(58)6873211;;
Gminna Spółdzielnia SAMOPOMOC CHŁOPSKA;603687105;;
ISTANBUL PL1 Sp. z o.o. Sp.komandytowa;(52)3620143;;
ISTANBUL PL1 Sp. z o.o. Sp.komandytowa;(52)3494398;;
LES-DRÓB & Gospoda Szlachecka;(14)6457534;;
LES-DRÓB & Gospoda Szlachecka;(14)6457496;;
P.P.H.U. JOHN;(65)5370640;;
PPH FERMA-POL Sp. z o.o.;(77)4194361-64;;
PPH FERMA-POL Sp. z o.o.;(77)4194368;;
Rolnicza Spółdzielnia Produkcyjna w Wilamowej;(77)4315719;;
Rolnicza Spółdzielnia Produkcyjna w Wilamowej;(77)4315738;;
Rzeźnia Drobiu Jerzy Konkol;(58)6818843;;
Rzeźnia Drobiu Jerzy Konkol;(58)6818844;;
Zakład Przetwórstwa Mięsnego Sp.j. Jan i Irena Wnuk Lipińscy;(59)8331015;;
Zakład Przetwórstwa Mięsnego Sp.j. Jan i Irena Wnuk Lipińscy;(59)8331076;;
