Teletorium - Telefony i akcesoria GSM, skup, serwis telefonów;(71)3268100;;
Teletorium - Telefony i akcesoria GSM, skup, serwis telefonów;(71)3268101;;
Blue LINE;(61)8161789;;
Blue LINE;501353333;;
GSM Serwis Mobi Sklep;666470999;;
N Tel;(48)6640174;;
N Tel;883059905;;
Telcon Sp. z o.o.;(42)6130909;;
Telcon Sp. z o.o.;(42)6130917;;
ALGSM;(17)7844023;;
ALGSM;794006766;;
Baltimpex Telecom Group S.A.;(32)2508585;;
Baltimpex Telecom Group S.A.;(32)2069614;;
Doradca Biznesowy PLAY;790802801;;
Doradca Biznesowy PLAY;(12)3077775;;
Eurotel S.A.;(58)5203819-20;;
Eurotel S.A.;(58)5203821w.30;;
FUTURO SYSTEM Tomasz Winkler;692000323;;
MAX GSM Telefony Komórkowe;504484848;;
MAX GSM Telefony Komórkowe;504787878;;
Multi-COM Sp. z o.o.;(17)2270025;;
Multi-COM Sp. z o.o.;(17)2275045;;
Nextrade Poland Sp. z o.o.;502600038;;
PARTNER GSM;518272011;;
PARTNER GSM;502552772;;
Punkt Sprzedaży Plusa i Cyfrowego Polsatu;(14)6859280;;
Punkt Sprzedaży Plusa i Cyfrowego Polsatu;693232887;;
UNIVERTEL S.c. Jarosław Pawlik, Ewa Makarewicz;504520430;;
UNIVERTEL S.c. Jarosław Pawlik, Ewa Makarewicz;730045111;;
Direct PC - SetUp System;(22)6288282;;
Direct PC - SetUp System;(22)6283026;;
Firma Elektroniczna Pixel;699403399;;
TELE-RADIO-VIDEO Autoryzowane Centrum Serwisowe;(58)6243467;;
TELE-RADIO-VIDEO Autoryzowane Centrum Serwisowe;(58)6245009;;
123i Michał Rosa;600476745;;
123i Michał Rosa;(22)4659938;;
COMSONIC Sp.j.;(22)6161616;;
Hama Polska Sp. z o.o.;(61)8731010;;
Hama Polska Sp. z o.o.;(61)8731011;;
Kuda Phonebase-Polska Sp. z o.o.;(91)3126524;;
Kuda Phonebase-Polska Sp. z o.o.;(91)3126523;;
MacPasja;(56)6330006;;
METEOR Przedsiębiorstwo Wielobranżowe;(71)3601644;;
METEOR Przedsiębiorstwo Wielobranżowe;(71)3601527;;
RACIBORSKIE MEDIA;(32)4149030;;
RACIBORSKIE MEDIA;504181827;;
STI Systemy Teleinformatyczne;605401881;;
BLUDIODE;(71)7000235;;
CaseTrend;792998834;;
FOTOGSM;505303888;;
NaprawTelefon;666991500;;
NaprawTelefon;666991990;;
Serwis Telefonów PrestigeGSM;501168207;;
SklepElectroGsm;505676435;;
TELE-GSM;886038805;;
TELE-GSM;(32)7640952;;
Telefony Rawicz;575899570;;
UMILACZ skup, sprzedaż, serwis telefonów komórkowych;505798385;;
UMILACZ skup, sprzedaż, serwis telefonów komórkowych;505798385;;
4cv Autoryzowany Punkt Sprzedaży i Serwisu Nokia;(22)5602180;;
4cv Autoryzowany Punkt Sprzedaży i Serwisu Nokia;(22)2668178wew.3;;
A-TOM webski sklep;530319993;;
A-TOM webski sklep;530320574;;
ABAKUS;791222587;;
Abc Elektronik Telefony Komórkowe;(17)8529094;;
Adad Telecom Sp.j.;(42)6771660;;
ADDO Sławomir Majewski;790264016;;
ADHEN Sp. z o.o. Salon Firmowy Siemens Mobile;(81)5328694;;
ADHEN Sp. z o.o. Salon Firmowy Siemens Mobile;(81)5320011;;
AGNUS Sp. z o.o.;(032)4239505;;
AGNUS Sp. z o.o.;(032)4239503;;
AhojGSM;(22)8761537;;
Air Bell S.c. Autoryzowany Przedstawiciel Plus GSM;(91)4892233;;
Air Bell S.c. Autoryzowany Przedstawiciel Plus GSM;601410798;;
AKCESLAND;516788012;;
Akceso.pl-Markowe Akcesoria do Telefonów Komórkowych;533095000;;
Akcesoria i Serwis GSM;501060159;;
ALE! SERWIS;793484288;;
ALF-SERWIS;(41)3728442;;
Alkom;(12)4238410;;
Alkom;604350008;;
Alkom Sp.j.;(12)4200530;;
Alkom Sp.j.;(12)4200540;;
AML-Telefony i Internet Dla Firm;503038415;;
AML-Telefony i Internet Dla Firm;(22)8100006;;
ANDROLA;(32)4407739;;
ANDROLA;794009062;;
ANTENNA CONNECTION;508100740;;
ANTENNA CONNECTION;(22)2072162;;
ANWI TELECOM S.c.;(55)2728696;;
Apple Serwis ASTEL;(32)2473910;;
AppleFix serwis Apple;507605473;;
APS Cyfrowy Polsat Salon Plusa;(71)3032966;;
APS Cyfrowy Polsat Salon Plusa;699344609;;
AREAGSM.pl;(58)6257020;;
ARISCOM;535915915;;
ARTIKOM Komis GSM;(12)6334620;;
ASTELEFONY.PL;(22)6522020;;
ASTELEFONY.PL;792999666;;
ASTOM GSM;880455345;;
ATELKOM-MDM;506000163;;
Atom GSM;(22)7833339;;
Atom GSM;505754455;;
Autoryzowany Punkt Sprzedaży i Serwisu BIMIT-BIS;(58)7100794;;
Autoryzowany Punkt Sprzedaży i Serwisu BIMIT-BIS;(58)3203588;;
Autoryzowany Punkt Sprzedaży i Serwisu Nokia Care ENTER-KOM S.c.;(85)7441121;;
B&P Piotr Manastyrski;662490414;;
B&P Piotr Manastyrski;880102115;;
Baltic GSM;792441234;;
Baltic GSM;791441234;;
BARTI-GSM;500010222;;
BARTI-GSM;605212630;;
BASEG;530531530;;
BEELAUD;(52)5822288;;
BEELAUD;(52)5693074;;
BEGAMEX Hurtownia GSM;(42)6399585;;
BEGAMEX Hurtownia GSM;797439300;;
BESTTEL;(25)7588653;;
BESTTEL;660161161;;
BGS Poland Sp. z o.o.;601877705;;
Biuro Doradców Biznesowych Play;669344899;;
Biuro Doradców Biznesowych Play;727590510;;
Biuro Konsultantów Klienta Biznesowego Orange;509700001;;
Biuro Konsultantów Klienta Biznesowego Orange;(32)4225359;;
Biuro Konsultingowo Handlowe Sklep internetowy HB Office.pl;728314167;;
Biuro Obsługi Biznesowej sieci PLAY w Katowicach;(32)3514200;;
Biuro Obsługi Biznesowej sieci PLAY w Katowicach;(32)2584100;;
BLING BLING;796737808;;
BMOBI.PL - AMJ Adam Łodziński;(42)2782256;;
BOSS;796353744;;
BOSS;692353744;;
Bros GSM;888460123;;
BULI Adam Zabuski;(22)3315185;;
BULI Adam Zabuski;501404404;;
BuyGSM.pl Łukasz Mikuta;502626600;;
CAMPA PHU;(71)3525747;;
Caro-Net;518190241;;
CBC - Cerber Business Consulting Wojciech Pobocha;791111175;;
CBC - Cerber Business Consulting Wojciech Pobocha;608303565;;
CELL PHONE Punkt Sprzedaży Telefonów Komórkowych;(58)3447874;;
CELL PHONE Punkt Sprzedaży Telefonów Komórkowych;508822822;;
Cellular;(25)7813717;;
Cellular;608202288;;
Centrum GSM;600892535;;
Centrum GSM;606266529;;
Centrum GSM Sp. z o.o.;(22)6547929;;
Centrum Komórek;(58)7770360;;
Centrum Reklamy Prasowej, Salon Heyah MIX, Salon GSM;501943577;;
Centrum Reklamy Prasowej, Salon Heyah MIX, Salon GSM;508686761;;
Centrum Sprzedaży i Serwisu 2GSM;(33)8123205;;
Centrum Urządzeń Mobilnych;791622944;;
Centrum Usług Informatycznych EduCom;509871631;;
CentrumGSM Serwis Telefonów Komórkowych;666555406;;
Collintel Sp. z o.o.;(65)5550001;;
Collintel Sp. z o.o.;882707070;;
Coltex Dakar;(59)8222114;;
Coltex Dakar;603193100;;
Coltex Rogala Sp.j.;(58)5218800;;
Coltex Rogala Sp.j.;(58)5218822;;
COMTEL;(071)3158145;;
Connect Serwis GSM;605075727;;
CONTACT SERVICE;(58)3454562;;
CONTACT SERVICE;793222336;;
CrazyBags;504651437;;
CSG Team SKLEPNOKIA.pl;(14)6211117;;
CSG Team SKLEPNOKIA.pl;(14)6260403;;
CTK-GSM;(43)8434655;;
Cyfrowe Centrum Serwisowe S.A.;(22)7263800;;
Cyfrowe Centrum Serwisowe S.A.;(22)7263801;;
Cza-Cza;601210790;;
CZWARTY WYMIAR - Telefony4w;513777444;;
CZWARTY WYMIAR - Telefony4w;660999997;;
DAMTIN Sp. z o.o.;(32)2901978;;
DAMTIN Sp. z o.o.;506324651;;
DATA-TEL;(71)3549900;;
DATA-TEL;(71)3549901;;
DAWMAR S.c.;666200474;;
DIAL Autoryzowany Serwis Nokia;(52)3221288;;
DIR;(56)6440000;;
DIR;(56)6440111;;
DK GSM S.c.;602825960;;
Dobrenumery.pl;600767600;;
Doktor GSM;500439540;;
DOMMASZ Sp. z o.o. DRIVIX;(33)4446424;;
DOMMASZ Sp. z o.o. DRIVIX;799323170;;
Doradca Biznesowy PLAY;790044281;;
Doradcy Biznesowi Play;(22)1190909;;
Doradcy Biznesowi Play;534534268;;
DR TEL Serwis Gsm;(58)7213105;;
DR TEL Serwis Gsm;888108801;;
Duo Vox Paczos i Mołdrzyk Sp.j.;(032)4531780;;
Duo Vox Paczos i Mołdrzyk Sp.j.;(032)4531779;;
DWGSM;720872872;;
E-centrumgsm.pl Emlik Łukasz Zieliński;517344001;;
E-T-ROOTS;(71)3175960;;
E-T-ROOTS;606509652;;
e5 Polska Sp. z o.o.;(22)2282091;;
Edi Sp. z o.o.;603167974;;
ELEKOM;788800804;;
Elektronics;(87)5678911;;
EMITEL;602699299;;
EMITEL;793410700;;
Emporia Telecom;(32)7777170;;
Emporia Telecom;(32)7777178;;
EMPRESA Robert Guderski;(061)6707200;;
EMPRESA Robert Guderski;601132257;;
emTOUCH Marcin Młynarczyk - Sklep Internetowy HTC-SKLEP;(34)3871442;;
emTOUCH Marcin Młynarczyk - Sklep Internetowy HTC-SKLEP;504501407;;
ENTER-TEL 2 S.c.;(81)5348570;;
ENTER-TEL 2 S.c.;(81)5348571;;
ENTERTEL S.c. Radosław Gencza, Krzysztof Żółtowski;(56)6643206;;
ENTI;(22)8154492;;
Ento;(61)6636366;;
ERD Polska;(22)7883091;;
ERD Polska;(22)7889407;;
Ericsson Sp. z o.o.;(22)6916000;;
Ericsson Sp. z o.o.;(22)6916060;;
eRsa Gsm Solutions;(77)4230450;;
eRsa Gsm Solutions;(77)4567016;;
Euro Market Marcin Gawłowski;790523565;;
EURO-COM;(58)3418098;;
EURO-COM;793555535;;
EURO-KOM Juliusz Ogonowski;(58)5624341;;
Euro-Phone Sp. z o.o.;(61)8736780;;
Eurokom S.c.;504907908;;
EUROTELL;792429992;;
Evo Sp. z o.o.;668614413;;
Evo Sp. z o.o.;(17)7852113;;
Ewzaw2-Partnerbis;(59)8109880;;
Ewzaw2-Partnerbis;512434899;;
expertmobile.eu Sp. z o.o.;660346466;;
expertmobile.eu Sp. z o.o.;(85)7320920;;
F.H. AKCES Grzegorz Cygan Sklep Internetowy GSMHurt24.pl;508709710;;
F.H. HALO Anna Czerwińska;662868141;;
F.H.U MIX-KOM;(16)6782787;;
F.H.U. Allserwis;660012210;;
F.H.U. JOCKER - Sklep AG-TEL;668466569;;
F.H.U. JOCKER - Sklep AG-TEL;500718206;;
F.H.U. RIZEER Paweł Staniszewski;508802698;;
F.H.U. TEL-KOM;604362950;;
F.H.U. TEL-KOM;796726661;;
FANTEL;(22)4232019;;
FANTEL;693342666;;
FHPD Sp. z o.o.;(71)3490990;;
FHPD Sp. z o.o.;(71)3490999;;
FHU Black Mobile;787280787;;
FHU ELEKTRON;507836959;;
FHU Lach&Mrozek S.c.;(32)4701146;;
FHU NETCOM;502815535;;
FHU SPAŁEK - Telefony Komórkowe;(34)3598331;;
FHU SPAŁEK - Telefony Komórkowe;603772353;;
Firma Big-Tel;506333301;;
Firma Handlowo Usługowa TELE-SIM S.c.;602228234;;
Firma Handlowo-Usługowa EUROMAR;(32)2826139;;
Firma Handlowo-Usługowa EUROMAR;601911197;;
Firma Handlowo-Usługowa KONTAKT;(59)8625008;;
Firma Handlowo-Usługowa KONTAKT;602617181;;
Firma KRYST;(32)4225913;;
Firma P.H.U. MAXIMA Waldemar Mielczarek;504186543;;
Firma TELE-MIX;606129918;;
Firma TELE-MOBILE;501193444;;
Firma W&K;(12)4324440;;
FixMe;787787622;;
FLAVOUR;534701680;;
FONEXPERT.PL;509958892;;
FONEXPERT.PL;66839345;;
FONY Serwis GSM;(71)3222815;;
FORCETOP Sp. z o.o.;(62)5940000;;
Foto-Tel Grzegorz Grodzki;664924592;;
FPHU ROSTA Robert Wilk;(14)6812789;;
FPHU ROSTA Robert Wilk;504152034;;
Galaxy GSM-Telefony na raty;(91)4332958;;
Galaxy GSM-Telefony na raty;501138545;;
GB-T GSM;(15)8441980;;
GB-T GSM;(15)8441981;;
GIGABIT;(44)6321902;;
Global GSM;(58)5550808;;
Global GSM;661777711;;
GLOBAL Serwis GSM & NAVI;(58)7817771;;
GLOBAL Serwis GSM & NAVI;510585838;;
Globalcentrum Serwis i Akcesoria GSM;(58)7817771;;
Globalcentrum Serwis i Akcesoria GSM;510585838;;
Globikom SERWIS GSM, TELEFONY KOMÓRKOWE Cezary Starowicz;698550000;;
Gokom Autoryzowany Punkt Serwisowy GSM Nokia Samsung i inne;(95)7202121;;
Gokom Autoryzowany Punkt Serwisowy GSM Nokia Samsung i inne;(95)7207800;;
Gokom Autoryzowany Punkt Serwisowy GSM Nokia Samsung i inne;(68)3232233;;
Greenfone Sp. z o.o.;(22)6464484;;
Grupa 2MP S.c. Sklep Internetowy FOLIAOCHRONNA.COM;883943500;;
Grupa 2MP S.c. Sklep Internetowy FOLIAOCHRONNA.COM;883943501;;
Grupa 4cv;(22)7522541;;
Grupa 4cv;(22)7522937;;
Grupa ArtMedia Sp z o.o.;(42)6370000;;
Grupa ArtMedia Sp z o.o.;799160411;;
GSM Bydgoszcz S.c.;(52)3224197;;
GSM Bydgoszcz S.c.;501770077;;
GSM CENTER;661257816;;
GSM EXPERT;662322666;;
GSM FUTURE;511917977;;
GSM MASTERS;(42)6370273;;
GSM PAWEX;512999200;;
GSM SHOP;725555361;;
GSM SPOT;506808406;;
GSM SPOT;506808507;;
GSM TRADER;(87)6150610;;
GSM TRADER;796387488;;
GSM ZONE Progres;(32)2599862;;
GSM ZONE Progres;509103833;;
GSM-SPEC Telefony Komórkowe;(12)4217535;;
GSM-SPEC Telefony Komórkowe;510620100;;
GSM-Support;608107455;;
GSM-Support;(12)3984173;;
Gsm-Tech;(81)5322223;;
Gsm-Tech;504523555;;
GSM4U;514212282;;
GSM4YOU Sp. z o.o.;516394834;;
GSMER-SYSTEM Serwis Telefonów Komórkowych;880006055;;
GSMER-SYSTEM Serwis Telefonów Komórkowych;(71)3437754;;
GSMFORYOU;502754994;;
GSMFORYOU;668155793;;
GSMLANDIA;(22)6204696;;
GSMLANDIA;502302002;;
GSMSERWIS.info;(22)2128141;;
GSMSERWIS.info;609783003;;
GSMWroc.pl Telefony Komórkowe - Skup, Sprzedaż, Zamiana;787770770;;
GT Sp. z o.o. Sklep Internetowy GSMDOCTOR.PL;607858300;;
Guten Service Sp. z o.o.;(22)2993355;;
Guten Service Sp. z o.o.;733988888;;
GY Telecom Poland Sp. z o.o.;(33)6578381;;
H-PAX GSM;669055520;;
HAALO.pl;(091)4843437;;
HAALO.pl;(091)4843438;;
HALO S.c.;(33)8221841;;
HALO S.c.;608311111;;
HALOGSM Telefony Serwis Lombard;793717190;;
HALOO GSM S.c.;793934144;;
HAPPY-GSM;888333883;;
Hit GSM;666217217;;
Hit GSM;666216216;;
HORIZO.NET;694431924;;
HQGSM;(32)7970165;;
HQGSM;wybierz666342432;;
HUGO Telefony Komórkowe;(32)3161224;;
HUGO Telefony Komórkowe;696232232;;
Huma-Tel;508573570;;
HURTEL Sp. z o.o.;(68)3202121;;
HURTEL Sp. z o.o.;791498001;;
HurtGSM24.PL;(85)7444997;;
HurtGSM24.PL;505123361;;
Hurtownia GSM Atrax;(22)6640422;;
Hurtownia MIX GSM;531336633;;
Hurtownia MIX GSM;503336633;;
HYPERTEL Sp. z o.o.;734127357;;
HYPERTEL Sp. z o.o.;668650720;;
ICRO S.c. Sklep 4Phones;(22)8259100;;
ICRO S.c. Sklep 4Phones;(22)6596417;;
iCure.pl serwis iPhone, iPad, iPod;788598596;;
Idea AD;500428879;;
IDEA BIZNESU Marcin Bielatowicz;502090009;;
IGLU-GIGLU Beniamin Przysiecki - Sklep Internetowy MUSIC-SKINS;604936490;;
IGREK;(32)2979052;;
IGREK;882800202;;
IGUANA - TORRE GSM;510660330;;
IGUANA - TORRE GSM;530111000;;
IM PLUS Sp.j. Ilona i Andrzej Soleccy;609699212;;
IM PLUS Sp.j. Ilona i Andrzej Soleccy;601368673;;
INDEXGSM.eu;507065751;;
Infotel Service Sp. z o.o;(22)2030000;;
Infotel Service Sp. z o.o;(22)4896004;;
INSTAL-TEL SERWIS;(83)3442080BiałaPodlaska;;
INSTAL-TEL SERWIS;(83)3717730MiędzyrzecPodlaski;;
INTER CONSULT S.A.;(61)8679313;;
INTER CONSULT S.A.;(61)8679291;;
INTERBELL Sp. z o.o.;(65)5205585;;
INTERBELL Sp. z o.o.;(65)5205590;;
INTERTEL;(25)7924220;;
iSERWIS;501432464;;
iSERWIS;790022395;;
J.K.TEL skup telefonów;504277700;;
Jamatel Skrzypczyk, Guzik Sp.j.;(12)4270756;;
JAMATEL-2;606883311;;
JAMATEL-2;505021433;;
Jarkom-Serwis Jarosław Makowski;603333444;;
JednaCzwarta.pl - Sklep Internetowy Mobile-Shop.pl;(61)6232220;;
JednaCzwarta.pl - Sklep Internetowy Mobile-Shop.pl;505962998;;
JS Prestige;601870736;;
K&K GSM;793939699;;
K&K MIX;(25)7549679;;
KAEM serwiskomorek.pl - Serwis i Naprawa Samsung, Sony, iPhone, iPad;(12)6560290;;
KAM-SERWIS;530313390;;
KANAT Adrian Rogawski - Sklep Internetowy MEDIAPLANETA.pl;515513876;;
KG-GSM Gołębiowski Krzysztof;508183633;;
KL Trade Sp. z o.o.;(22)4995848;;
KL Trade Sp. z o.o.;(22)4995777;;
KlinikaGsm.pl;(22)3534818;;
KlinikaGsm.pl;601217327;;
KOM-U-NAS Mirosław Urban;500226256;;
KomaTel KO;666991500;;
Komis GSM Borek;506190228;;
Komis GSM Borek;516082433;;
Komis Nikea;(86)2184106;;
Komis TeleArt;510190886;;
Komset;(61)8417110;;
Komset;509835666;;
Kontakt Serwis;608797474;;
KORJAR;(74)6666800w.3;;
KORJAR;(74)6666800w.6;;
KWANT Sp. z o.o.;(77)4422244;;
KWANT Sp. z o.o.;(77)4417892;;
LABARDI;518383837;;
LAPTOP;(91)8122770;;
LED System;(71)3434348;;
LED System;888111533;;
Leo Technology Sp. z o.o.;696676999;;
Leo Technology Sp. z o.o.;(59)8400200;;
lepszyserwis.pl;796036799;;
Liberty Poland S.A.;(32)3970100;;
Liberty Poland S.A.;(32)3970191;;
LimaTel;889754754;;
LimaTel;500233840;;
LOCK-TEL;507479944;;
LOMBARD LUMIK;513343438;;
Lucas GSM;(61)8336558;;
Lucas GSM;500809810;;
Luxstore Jakub Sawicki Sklep Internetowy Deluxury.pl;511511433;;
Luxstore Jakub Sawicki Sklep Internetowy Deluxury.pl;(42)2794315;;
M-MOBILE;(55)2617282;;
M-MOBILE;888413414;;
M-Mobile-Phone;(33)8731651;;
M-Mobile-Phone;502402479;;
M&M GSM;793777202;;
M&W Skup-Sprzedaż;512330392;;
MacLife - Serwis Urządzeń Firmy Apple;(22)4659715;;
MacSerwis;(22)1147828;;
MacSerwis;501580088;;
Mag-Mi Serwis Telefonów Komórkowych;(58)6613093;;
MAGICPHONE.pl;535995535;;
Makcentrum S.c.;(22)1221111;;
Makcentrum S.c.;791211211;;
MAKS telefony;731856083;;
Manitou Design;692493106;;
MAR-CELL;501443058;;
MAR-CELL;(71)3544404;;
MAR-CELL Marek Niklasz;501443058;;
MAR-CELL Marek Niklasz;(71)3544404;;
MAR-DAR;791633916;;
MARKETGSM;503508904;;
MARSOFT - Sklep Internetowy IMTEL.com.pl;602278480;;
MARTEL;(12)2743575;;
MARTEL;(12)3720006;;
MARTEL;513260000;;
MARTEL;500474747;;
MARTEL Bogdan Kotaszewski;883997374;;
MARTELS Marek Wiaderny;698099091;;
MartinGSM;668636911;;
MARTININEO.pl KTM POL Macin Krzak;792793602;;
MARTININEO.pl KTM POL Macin Krzak;793037718;;
Maxtel;(94)3465310;;
Maxtel;502995099;;
mConnect Joanna Tetłak;(12)3474444;;
mConnect Joanna Tetłak;0801080833;;
MEDIAPUNKT Tomasz Arkitek;600666898;;
MEGARA;795634272;;
MEPA LUX;510700669;;
METRO TELEFONY;(22)6200160;;
Michał Orłowski Art-Direction;790044028;;
MICROGSM;785998682;;
MICROGSM;(91)4336810;;
MILENIUM GSM, Salon Play - Telewizja nc+;(91)3973851;;
Milenium Mobile;(22)6187726;;
Milenium Mobile;511319319;;
MJM MOBILE;(71)3620714;;
MJM MOBILE;(71)3587381;;
MOBIDICK;(61)8261147;;
MOBIDICK;(61)8261392;;
MOBII;796272527;;
MOBILCOM;888662994;;
Mobile Net Sport Sp. z o.o.;(22)6317263;;
Mobile Net Sport Sp. z o.o.;(22)6315521;;
Mobile Net Sport Sp. z o.o.;(22)6317263;;
Mobile Net Sport Sp. z o.o.;(22)6315521;;
Mobile System;669161666;;
MOBILE WORLD;(12)4222233;;
MOBILE-SERWIS;(48)3662749;;
MOBILE-SERWIS;536555850;;
MOBILEN;(12)6816336;;
MOBILEN;504677372;;
Mobilex;(58)3207302-04;;
Mobilex;(58)3063755;;
Mobilna Kraina;695654033;;
MOBO-TEL Sp. z o.o.;787458198;;
MOBTEL Serwis gsm;516382384;;
MOBY.pl Sp. z o.o.;882896725;;
MOBY.pl Sp. z o.o.;(71)3936387;;
Monumen9;793330359;;
Monumen9;884011818;;
Motorola Solutions Systems Polska Sp. z o.o.;(12)2979000;;
MPhone Mariusz Nycz;(33)8224454;;
mSerwis;504202282;;
MULTIKART Sp. z o.o.;(022)5928004;;
MULTIKART Sp. z o.o.;(022)5928009;;
Multimedia-center;(22)3117424;;
Multiserwis;888727275;;
MV Serwis;692888188;;
myPhone Sp. z o.o.;(71)7177400;;
NaviExpert Sp. z o.o.;693331723;;
NEOMOBI;(81)4608030;;
NEOMOBI;722307100;;
NETKOM;(85)7441375;;
NETKOM;(85)6745112;;
New Generation GSM S.c. K.Zawada, K.Tomal;604948048;;
New Generation GSM S.c. K.Zawada, K.Tomal;604948100;;
NewAgeGSM;790555520;;
NipolMedia;(71)7855884;;
NipolMedia;608292441;;
NoCode;694046996;;
NOKTEL Włodzimierz Tarnowski;(71)7959511w.22;;
NOKTEL Włodzimierz Tarnowski;(71)7959512;;
Nortell Com;796795991;;
NOVAGSM.PL;(58)7212239;;
NOVAGSM.PL;502555554;;
NOWA GSM;(22)6295983;;
NOWA GSM;883444494;;
NUMMUS Serwis GSM;796505807;;
NUMMUS Serwis GSM;535505807;;
OIOM-SERWIS;883421190;;
OIOM-SERWIS;517879717;;
orange.dla.biznesu.com;502090009;;
OSKAR GSM;(71)3874845;;
OSKAR GSM;511511011;;
Oski-Kom;(34)3653958;;
Oski-Kom;888104555;;
P.H.U. DAWOR;(42)6748569;;
P.H.U. DAWOR;500184606;;
P.H.U. EVER Konrad Kasprzyk;665530830;;
P.H.U. EVER Konrad Kasprzyk;781511646;;
P.H.U. MARTEL;511676700;;
P.H.U. P-Mobile Paweł Strękowski Sklep KRAKOM;510138300;;
P.H.U. PAMAR;(22)8700306;;
P.H.U. PAMAR;(22)8799380;;
P.P.H.U. LOREX;517517618;;
P.U.H. "EVIKOM" GSM;502890693;;
P.U.H. "EVIKOM" GSM;500864824;;
PAMA GSM;(52)3718416;;
PANORAMA GSM;(14)6889028;;
PARTNER TELEKOM Sp.j. J.Kwiatkowski, L.Kuszka;(12)6501515;;
PDAserwis S.c.;(23)6613514;;
PDAserwis S.c.;509067224;;
PEPE-MOBILE;535945945;;
PhoneBox;790353580;;
PHONEDECOR Sp. z o.o.;(58)6926435;;
PHONEDECOR Sp. z o.o.;666205201;;
PHONEX;(32)2920616;;
PHU CRAZY PHONE S.c.;(58)5503734;;
PHU ESPO Sp. z o.o. Autoryzowany Serwis Apple;(22)8680525;;
PHU INTERTOM;889911111;;
PHU Krzysztof Wiśniewski;(89)7415481;;
PHU Krzysztof Wiśniewski;604359056;;
PHU Kwant S.c.;(34)3681749;;
PHU X-Mobile S.c.;(18)2667219;;
PHU X-Mobile S.c.;604293929;;
PHUP Fax S.c.;(32)2244671;;
PHUP Fax S.c.;510141090;;
PIOMAR Sp.j.;(71)7888080;;
PITERKOM Telefony Komórkowe;(58)5500398;;
PITERKOM Telefony Komórkowe;660330999;;
PlanetaGSM;515704004;;
PLAY JANKI - Autoryzowany Punkt Sprzedaży;790030210;;
PLAY-PROFIT Tomasz Kozera;535005868;;
Playserwis Sklep Internetowy appleiphoneserwis.pl;(76)8456137;;
Playserwis Sklep Internetowy appleiphoneserwis.pl;693527108;;
POLCOMSAT Firma Handlowo-Usługowa;(094)3672394;;
Polska Telefonia Cyfrowa S.A.;(22)4136996;;
Polska Telefonia Cyfrowa S.A.;(22)4136000;;
Polska Telefonia Komórkowa CENTERTEL Sp. z o.o.;510100100;;
Polska Telefonia Komórkowa CENTERTEL Sp. z o.o.;(22)5887883;;
POLSONIC Sp.j.;(63)2457842;;
POWER-ROL;500230004;;
PPH OPTYMI;667793713;;
Prem GSM Piotr Grądzki;519102099;;
PRO-KOM GSM Elektronix;(18)2676511;;
PRO-KOM GSM Elektronix;790246555;;
Pro-link;(32)3294017;;
Pro-link;796499385;;
Profit-Team;(61)8535227;;
proGSM Świat Elektroniki;(74)8530000;;
proGSM Świat Elektroniki;508241341;;
Protector Poland Jolanta Goraj;(12)4161799;;
Protector Poland Jolanta Goraj;607109706;;
Proton GSM;508580599;;
Proton GSM;(022)6295983;;
Przedsiębiorstwo Handlowo-Usługowe DRAGON GSM;889899200;;
Przedsiębiorstwo Handlowo-Usługowe DRAGON GSM;(68)3636578;;
PUNKT GSM;515843800;;
Punkt Serwisu i Sprzedaży Telefonów Wszystkich Marek;(77)4530015;;
Punkt Serwisu i Sprzedaży Telefonów Wszystkich Marek;692697882;;
Q-Serwis;(41)3436835;;
Q-Serwis;666266001;;
Quest-GSM;665049181;;
R2 Invest Sp. z o.o.;(71)3142604;;
R2 Invest Sp. z o.o.;(71)3142605;;
RAF-ART;(74)6660707;;
RAF-MAX Rafał Malinowski;604853458;;
RAF-MAX Rafał Malinowski;(85)7331301;;
RAFTEL Serwisy GSM;609625624;;
Raks-Tel;503770366;;
RAMSAT S.A.;(12)4197200;;
RAMSAT S.A.;(12)4197226;;
Randall Group Sp. z o.o.;537689594;;
Randall Group Sp. z o.o.;(65)5724314;;
RAPID GSM;(61)8525874;;
READYK Radosław Świątek;505358306;;
Red Dog Sp. z o.o.;(61)8533450;;
Red Dog Sp. z o.o.;(61)8533452;;
REGENERSIS Sp. z o.o.;(22)7201020;;
REGENERSIS Sp. z o.o.;(22)7034199;;
REKO Serwis GSM Pryga Renata;506199274;;
Rekord-Gsm TELEFONY Komórkowe SERWIS;511315511;;
RemeCom.pl;(52)3150331;;
RemeCom.pl;883798655;;
Reperatorium Serwis GSM;502740222;;
Reperatorium Serwis GSM;(12)4220810;;
RetKat;792654477;;
Robitel Robert Siegieda;663200005;;
ROBSON Serwis, Skup, Sprzedaż Telefonów Komórkowych;792502901;;
RoFAG;(42)6348050;;
RoFAG;0801002211;;
RS Mobile;(61)6650814;;
RS Mobile;796716712;;
S-KOM;721798833;;
S-SERWIS.PL;(61)6393004;;
S-SERWIS.PL;530481171;;
S-TEL;500725585;;
Sagrus Sp. z o.o. Oddział Łódź;508171608;;
Sagrus Sp. z o.o. Oddział Łódź;505039918;;
Salon GSM Mobile Markt;(12)3983090;;
Salon GSM Piotr Klimowicz;(91)4887744;;
Salon GSM Piotr Klimowicz;(91)4894888;;
Salon Partnerski TELETORIUM w Lublinie;(81)5318583;;
Salon PLAY Monika Kowalczyk;(84)6963495;;
Salon PLAY Monika Kowalczyk;790030591;;
Salon Play Otwock;531460055;;
SATLAND Grażyna Satora;(012)4112652;;
SATLAND Grażyna Satora;(012)4112652;;
SEKO Electronics;(22)6209862;;
SEKO Electronics;600160010;;
SERFIS;792219219;;
Service Logistics;(22)4035380;;
SERVIS GSM;796913280;;
Serwis Apple;(22)2406070;;
Serwis Apple;531185971;;
Serwis GSM;888929007;;
Serwis GSM - Beef GSM;794735375;;
Serwis GSM INTER-COM;888846499;;
Serwis GSM naprawa telefonów komórkowych;(54)4117071;;
Serwis GSM naprawa telefonów komórkowych;604524669;;
Serwis Koszalin;606990440;;
Serwis Telefonów Komórkowych i Komputerów SZYMEK;693865656;;
Serwis Telefonów Komórkowych KOMITEL;888997997;;
SIGMA;603265987;;
Silesia GSM;(32)2028050;;
Sim Tel;507664446;;
SIMLOCK;605476269;;
SIMLOCK GSM;793194438;;
SIMSERWIS Damian Złoch;(58)7713344;;
SimTeleCom;(22)2501011;;
SimTeleCom;605283822;;
Sklep AREKS;519146990;;
Sklep BIA-GSM.pl;512526272;;
Sklep i Serwis Telefonów MARTOM;(85)8505015;;
Sklep i Serwis Telefonów MARTOM;885103104;;
Sklep Internetowy iThings.pl;662484464;;
Sklep Komis GSM Robert Stępnicki;(44)6462192;;
Sklep Komis GSM Robert Stępnicki;609070724;;
Sklep z Jabłkami;889566455;;
SkupTelefonow.pl;0801555554;;
SkupTelefonow.pl;502555554;;
SmartSerwis;792689478;;
SmartSerwis;507506336;;
Soft-serwis;(32)4170139;;
SOX Marcin Gawroński;(22)7712295;;
SOX Marcin Gawroński;(22)7811940;;
sprzedaj-telefon.pl;507277177;;
Stanma.pl;665955955;;
STARTER;660812813;;
Startówki.pl;(85)7451961;;
Startówki.pl;(85)7444033;;
STILGUT POLSKA - Sklep Internetowy StrefaEtui.pl;575190409;;
Strefa GSM;(81)5321717;;
Strefa GSM;606419703;;
Strefa GSM Artur Szukiel;519483911;;
Studio SIM;(32)2538566;;
SUSKOM;790396611;;
SUSKOM;(77)4696979;;
Sylwester Kociuba NEXX GSM;665390738;;
SYMPATIA;(86)2162570;;
SYMPATIA;500600500;;
Świat Komórek;692692692;;
Świat Komórek;889324324;;
T-GSM Tomasz Adamczyk-Hadała;662555155;;
T-net A.Kuś, A.Sykuła Sp.j.;(22)6678195;;
T-net A.Kuś, A.Sykuła Sp.j.;(22)6678205;;
T&T Trading;(61)2785030;;
T&T Trading;(61)2785006;;
Tanioo GSM;790543655;;
Tel Mario;888999111;;
Tel-Bit;509440103;;
TEL-CAR;(22)5338265;;
TEL-CAR;(22)6659277;;
TEL-GSM;(12)4220550;;
TEL-GSM;503035152;;
TEL-GSM;500081537;;
TEL-TECH;791145100;;
Tel-Zbyt;(65)5464045;;
Tel-Zbyt;602187231;;
TelCenter Service;737708408;;
Tele Magic;(22)8950860;;
TELE-MOBILE Jacek Prokop - Sklep Internetowy SklepOtwarty.pl;609727827;;
Teleart Rabka;(18)2679849;;
Teleekspert Sp. z o.o.;(22)8690413;;
TELEFON SERVICE;(71)7237420;;
TELEFON SERVICE;(71)7237454;;
Telefonarium-Serwis Telefonów;518754794;;
Telefonik Mateusz Łokietko;790312525;;
TELEFONIKA;(85)7444997;;
TELEFONIKA;505123361;;
TELEFONY GSM;887433035;;
Telefony i Akcesoria GSM GRAFFITI;(22)8534797;;
Telefony i Akcesoria GSM GRAFFITI;(22)4999977;;
Telefony W&P;532505232;;
Telefony W&P;600817185;;
Telefony-Serwis U Małgosi;693916114;;
TelefonyNawigacje.pl;(32)4140299;;
TelefonyNawigacje.pl;607635054;;
TeleKom;510983015;;
TELEMARKET skup i sprzedaż telefonów komórkowych nowych i używanych oraz akcesoriów;508108728;;
TELEMARKET skup i sprzedaż telefonów komórkowych nowych i używanych oraz akcesoriów;503791031;;
TELEMOBIL;(22)6363630;;
TELEMOBIL;(22)6363631;;
Telepartners;661757575;;
TELFAX;(85)7446563;;
TELFAX;694469818;;
Telfone;579510850;;
TelForceOne S.A.;(71)3272000;;
TelForceOne S.A.;(71)7177000;;
TELGSM.COM.PL;(42)6327692;;
TelHelp.pl;663212020;;
TELKAT Yakov Katalan;(56)6634388;;
TELKAT Yakov Katalan;(56)6210077;;
TELKOM;536949494;;
TelkomGSM;666200969;;
TelkomGSM;502659799;;
TelkomSerwis Rober Zaczyk;515000111;;
TELL Sp. z o.o.;(61)8862500;;
TELL Sp. z o.o.;(61)8629820;;
TELMI;502091320;;
TELMI;510640650;;
telmobil;601345719;;
Telshop;796911538;;
Telstore;537460460;;
Telstore telefony komórkowe;535202020;;
TELTOM;(33)8585151;;
Telvip Adam Zimny;790044160;;
TELWIT S.c.;501543000;;
The Impressive Media Tomasz Kawecki;(71)7211126;;
Tions Technology;(22)2501690;;
Tions Technology;(22)2501699;;
TKN-CONNECT Dymitr Bondarenko;(22)6156473;;
TKN-CONNECT Dymitr Bondarenko;(22)6156498;;
TKOM FHU Adam Burhart Sklep Internetowy Tkom.pl;725801901;;
TKOM FHU Adam Burhart Sklep Internetowy Tkom.pl;725801701;;
TOMS Handel Import Eksport Marek Tomaszewski;(24)2623077;;
Toptel Anna i Wiktor Wołkowicz Sp.j.;(12)4200027;;
Toptel Anna i Wiktor Wołkowicz Sp.j.;(12)4162478;;
TRADE COMPANY Sławomir Skrodziuk - Sklep Internetowy SCREEN-PROTECTOR;660726352;;
TRADE COMPANY Sławomir Skrodziuk - Sklep Internetowy SCREEN-PROTECTOR;(59)7251059;;
TRADING BIZON - Sklep Internetowy PANCERNIK.EU;505485106;;
Transdom;(17)8524610;;
Transdom;(17)8524608;;
UNIKOM;(32)2279427;;
Unikupon S.A.;(41)3436802;;
Unikupon S.A.;660714112;;
UniTel PHU Krzysztof Kołodziejczyk;791707070;;
V mobile-Technologie Teleinformatyczne;(71)7575229;;
VERNA Sp. z o.o.;(22)6310600;;
VERNA Sp. z o.o.;(22)6324611;;
Virgin Mobile;600655787;;
WASZKOM;(42)6613354;;
WITMEDIA.pl;(12)3983600;;
WITMEDIA.pl;(12)3973630;;
www.komorka.com.pl;(12)4217890w.10;;
www.komorka.com.pl;(12)4226741w.10;;
Xiaomi-Shop Polska;517877587;;
XKOM;(58)6771372;;
XMobil;(71)3219713;;
XMobil;666980980;;
YVEO Daniel Bartkowiak;601141808;;
YVEO Daniel Bartkowiak;(63)2458024;;
ZIMAX Hurtownia GSM;513157200;;
ZIMAX Hurtownia GSM;512680512;;
ZOMAX Aleksandra Aszyk;662604100;;
AZEL-POL Andrzej Żelazowski;(25)7870601;;
AZEL-POL Andrzej Żelazowski;500524495;;
MELLEM;538403172;;
PHU DIODAK;503784308;;
SILVER Maksymilian Kowal;720872083;;
4DG Sklep Internetowy buyapple.pl;784430698;;
ABAX TELEKOM;(32)2465987;;
aceo;889255020;;
Adrian Jabłoński RESELLO;607637005;;
AGD MARKET Sp. z o.o. mixmedia.pl;0801408248;;
AGD MARKET Sp. z o.o. mixmedia.pl;(32)7275434;;
ALgaz Sp.j. Mirosław Kochanowski Krzysztof Wiśniewski;(89)5358703;;
ALgaz Sp.j. Mirosław Kochanowski Krzysztof Wiśniewski;(89)5358705;;
ALSEN.PL - P.H.U SMJ Serocki Mariusz;(091)3927466;;
ALT-KOM II Daniel Foryś, Arkadiusz Foryś S.c.;604540288;;
ALT-KOM II Daniel Foryś, Arkadiusz Foryś S.c.;(16)6512016;;
ANDY GSM Serwis Telefonów Komórkowych GSM i Komputerów PC;(58)3448399;;
ANDY GSM Serwis Telefonów Komórkowych GSM i Komputerów PC;697239945;;
APN Serwis;(33)4742471;;
APOLLO-Kantor, Lombard, Serwis GSM;(91)8522523;;
APOLLO-Kantor, Lombard, Serwis GSM;(91)4335368;;
ARkom Adam Rykaczewski;(29)7643198;;
ARkom Adam Rykaczewski;602482523;;
ARTEX Arkadiusz Jaworowski;(22)3213808;;
Artim;(71)7889098-99;;
Artim;(71)7889095;;
AS-COM Sp. z o.o.;(95)7411505;;
ASSET Waldemar Olik Sp.j.;(71)7995050-51;;
ASSET Waldemar Olik Sp.j.;(71)7995060;;
ATD Komputery Sławomir Andrejczuk;(85)6546170;;
ATD Komputery Sławomir Andrejczuk;(85)6546170;;
Automatyczna identyfikacja, Terminale mobilne - Mega Sonic Co Ltd Sp. z o.o.;(22)6378715-19;;
Automatyczna identyfikacja, Terminale mobilne - Mega Sonic Co Ltd Sp. z o.o.;(22)6648428;;
Avans Ecommerce Sp. z o.o.;0801011485;;
AVC MULTIMEDIA;(25)6443827;;
AVC MULTIMEDIA;(25)6310786;;
BIT COMPUTER;(12)4228636sklepnr1;;
BIT COMPUTER;(12)4284940sklepnr1;;
Biuro Obsługi Biznesowej PLAY dla Firm;790044244;;
Biuro Obsługi Biznesowej PLAY dla Firm;(62)7351690;;
BIUROSYSTEL Issel Sp.j.;(71)3716600;;
BIUROSYSTEL Issel Sp.j.;(71)3716690;;
BLACK JACK;509204700;;
Brandline Group.Sp.z o.o;(61)6531293w.2;;
Brandline Group.Sp.z o.o;509993270;;
BRICK S.c.;(22)4121111;;
CEI;(32)7826464;;
CEI;(32)7202814;;
CelBud;(75)7321476;;
CelBud;607487587;;
CELcom;525222085;;
CELcom;0801044066;;
CEVO Serwis i Sklep;888650650;;
CEVO Serwis i Sklep;880810800;;
CLIMAX;(14)6862492;;
Colubris Consulting;600278866;;
COMES Sp. z o.o.;(71)7929300;;
COMES Sp. z o.o.;(71)7929315;;
Computer DNA Ewelina Knap;(91)3123710;;
Computer DNA Ewelina Knap;668207993;;
CONNEX Sp. z o.o.;(61)8683621;;
CONNEX Sp. z o.o.;(61)8683644;;
CosmoGames Marcin Cybulski;(91)8369193;;
DARK COMPUTERS Dariusz Król;606916916;;
DATEL;(59)8470304;;
DATEL;668664573;;
DC-COMP;(22)6444978;;
DC-COMP;607606023;;
DE.sign Dariusz Kaczmarczyk;660330040;;
DIAMENT;(41)3449108;;
DiGiTECH Sp. z o.o.;(061)8650010;;
DiGiTECH Sp. z o.o.;(061)8661257;;
Direct Computers;790450144;;
Direct Computers;(82)5922066;;
DobrySerwis;731840841;;
DobrySerwis;731784000;;
DOMINIK Dariusz Pawlak;609030201;;
Doradca Biznesowy Play dla Firm;730818818;;
DYFER-NET Damian Pracoń;669530290;;
DYFER-NET Damian Pracoń;(95)7821034;;
E-MASTERS;(61)8300529;;
E-MASTERS;508230366;;
E-planet;(22)6482129;;
E-planet;608632984;;
Easy-Mar;(34)3430144;;
Easy-Mar;(34)3430164;;
Electro World Polska Sp. z o.o.;(12)3908700;;
Electro World Polska Sp. z o.o.;0801055770;;
ELECTRONICS SERVICE Michał Tatar;(41)3917211;;
ELECTRONICS SERVICE Michał Tatar;503758470;;
Eltelkom S.c.;(67)2621064;;
Eltelkom S.c.;605046635;;
eMarket Sp. z o.o.;(22)2902955;;
EMIF.PL;507679802;;
ENAN S.A.;(74)8322322;;
ENAN S.A.;(74)8322316;;
Ender S.c.;(43)8221905;;
EPARK MEDIA;(22)6653027;;
EPARK MEDIA;504216219;;
ErgoTech;790027046;;
Euro Lombard Pożyczki pod Zastaw;(71)7864030;;
Euro Lombard Pożyczki pod Zastaw;785835993;;
F.H.U. Annapol;(32)3881228;;
F.H.U. Annapol;(32)3881222;;
F.H.U. Granat;504273073;;
F.H.U. STANPOL;(32)2068801;;
F.H.U. SYLWESTER Sylwester Żebracki;609045473;;
F.U.H. PAT-ROX;(34)3613578;;
F.U.H. PAT-ROX;(34)3656471;;
Firma CASH Lombard, Komis GSM;(42)6402384;;
Firma CASH Lombard, Komis GSM;(42)6826570;;
Firma FICEK ANNA;(32)3304911;;
Firma FICEK ANNA;(32)7205667;;
Firma FILIP;(32)4716075;;
Firma FILIP;501560348;;
Firma FreshPC;509238619;;
Firma Komputerowa ACDSYSTEM;(89)5267863;;
Firma Komputerowa ACDSYSTEM;661655859;;
Firma Usług Teleinformatycznych BIT;(77)4183588;;
Formobile Sp. z o.o.;(32)2470158;;
FPHU Piixel Marcin Ligas;603157666;;
GAMMA COMPUTER S.c.;(61)6524156;;
GAMMA COMPUTER S.c.;790782589;;
GLOBEL Centrum;(58)7815858;;
GLOBEL Centrum;886006316;;
Gołdyn Anna A&L;608066677;;
Gołdyn Anna A&L;693249729;;
GSMOK Maciej Maludziński;(22)2570505;;
GSMOK Maciej Maludziński;(22)2570599;;
Haaha Elektronic Market;(22)7088800;;
HALAN Sprzedaż Artykułów Przemysłowych;505527426;;
ICECOMP Dawid Wnuk;(22)7739043;;
ICECOMP Dawid Wnuk;(22)7735672;;
Idea AD;500413843;;
iDoctor Serwis iPhone;606115113;;
Informik Sp. z o.o.;(56)6975096;;
Informik Sp. z o.o.;(56)6976060;;
INTERKAM Serwis Sprzętu Komputerowego;606984542;;
Internetowe Centrum Handlowe Dawid Wójcik;503559018;;
Internetowe Centrum Handlowe Dawid Wójcik;792409891;;
Internetowy Sklep Komputerowy Optimeks Sp. z o.o.;(13)4485571;;
iSource S.A.;(22)5508600;;
iSource S.A.;(22)5508699;;
IT-PRO;504122009;;
JASTAR Jacek Bazan;511115936;;
JOY Car-Audio;(44)6491519;;
JOY Car-Audio;603603748;;
JSP Jadwiga Przednowek;(84)6644727;;
JSP Jadwiga Przednowek;504045462;;
Kabros Sp. z o.o.;(81)5172930;;
Kabros Sp. z o.o.;791745040;;
Kalibracja, Sprzedaż, Serwis Alkomatów i Telefonów Komórkowych;(42)2156681;;
Kalibracja, Sprzedaż, Serwis Alkomatów i Telefonów Komórkowych;888189029;;
KLAUTEL Klaudia Zielska;(22)8105304;;
KLAUTEL Klaudia Zielska;(22)6108163;;
Komis GSM AGD RTV;(85)7443772;;
Komis Telefonów Komórkowych - Sebastian Hacia;503303040;;
KOMIS-LOMBARD Rafał Brzeziński;603914427;;
KOMIS-LOMBARD Rafał Brzeziński;(58)7754141;;
Komis-Serwis PHONEX;505550466;;
KOMPAL SERWIS;(71)3481368;;
KOMPAL SERWIS;502678056;;
KONCEPT Beata Bamber - Sklep Internetowy KRUSELL.pl;668116610;;
KONCEPT Beata Bamber - Sklep Internetowy KRUSELL.pl;(61)6707002;;
LG Electronics Polska Sp. z o.o.;(22)4817100;;
LG Electronics Polska Sp. z o.o.;(22)4817888;;
LOGOS;(52)3551344;;
LOMBARD 24H;606990440;;
LOMBARD 24H;662010102;;
Lombard NA ZŁOTEJ - pożyczki pod zastaw;(22)6200220;;
Lombard NA ZŁOTEJ - pożyczki pod zastaw;602190080;;
LOMBARD RUBIN;(95)7390793;;
LOMBARD RUBIN;888282858;;
MacBooki.org;(12)3613399;;
MacBooki.org;791939898;;
Madnes;883137120;;
Madnes;883137121;;
MARMAX Marcin Tomaszewicz;(58)7132345;;
MARMAX Marcin Tomaszewicz;604591504;;
MATMAY;(85)6610842;;
MATMAY;662080094;;
MaxCom S.A.;(32)3277089;;
MaxCom S.A.;(32)3277860;;
MD Consulting Sp. z o.o.;(058)7397121;;
MD Consulting Sp. z o.o.;(058)7397004;;
MEDIASHOP;510835855;;
MEDIASHOP;(32)7362727;;
Mediazone.sklep.pl;502791450;;
MedykPC;888844656;;
MedykPC;533717119;;
MKI.pl Sp. z o.o.;(12)3946528;;
MNI Centrum Usług S.A.;(48)3840616;;
MNI Centrum Usług S.A.;0801051051;;
MobiTrust Sp. z o.o.;(22)6270601w.28;;
N.S.G. HOLDING Sp. z o.o. Sklep Internetowy Stend.pl;(71)3436245;;
N.S.G. HOLDING Sp. z o.o. Sklep Internetowy Stend.pl;(71)3436362;;
Naprawa RTV Tomasz Kownacki;665374272;;
NEO24.PL Sp. z o.o.;(71)3974999;;
NEO24.PL Sp. z o.o.;0801225588;;
NEOBIT S.c.;(61)2828879;;
NEOserwis Kalita Przemysław;501189842;;
NET-S Sp.j.;(58)6202122wew.21;;
NET-S Sp.j.;(58)6202122wew.24;;
NETrodzinny.pl;798598598;;
New-Art;(32)2164685;;
NOTEBUKI.PL;518023301;;
office SMART;(29)7412333;;
Ole Ole;(22)5715155;;
P.H.U. Impuls;(81)5332510;;
P.H.U. Impuls;693289020;;
P.T.H.U. ROSTER S.c.;509372100;;
P.W. MAXTEL;(32)2191367;;
P.W. MAXTEL;(32)7803000;;
Pagres Sp.j. - Audio Video;(33)8739784;;
Pagres Sp.j. - Audio Video;(33)8234945;;
Partnex S.c. Ł.Bitniok, A.Kucz;(32)3160515;;
Partnex S.c. Ł.Bitniok, A.Kucz;696061417;;
PASLAND Stanisław Paszcza;(22)7822000;;
PASLAND Stanisław Paszcza;501198599;;
PERE Polska Sp. z o.o. Sp.komandytowa;(61)8654258;;
PERE Polska Sp. z o.o. Sp.komandytowa;0801000427;;
POHUA Sp. z o.o.;(71)3371452;;
POHUA Sp. z o.o.;608025070;;
Polkomtel Sp. z o.o.;(22)4261000;;
Polkomtel Sp. z o.o.;(22)4265600;;
POLTIM Sp. z o.o.;(77)4419649;;
POSEJDON;(12)3767475;;
POSEJDON;531960321;;
PPU TELEMARK Robert Markiewicz;509379341;;
PPU TELEMARK Robert Markiewicz;502188391;;
PRO-LINK Elektronika Użytkowa;(32)2278152;;
PRO-LINK Elektronika Użytkowa;796499385;;
Project 777;(71)7956705;;
Project 777;(71)7956706;;
PROKON DESIGNING Sp. z o.o.;(091)485-81-24;;
PROKON DESIGNING Sp. z o.o.;(091)485-81-24;;
ProLine;664999931;;
ProLine;664999932;;
Proscan Wojciech Cieślak;(22)8124798;;
Proscan Wojciech Cieślak;(22)8124141;;
Przedsiębiorstwo Komputerowo Obliczeniowe PKO Paweł Baradziej;(12)3982280;;
Przedsiębiorstwo Komputerowo Obliczeniowe PKO Paweł Baradziej;535272727;;
Przedsiębiorstwo Produkcyjno-Handlowe PROMACO Sp. z o.o.;(22)6351913;;
Przedsiębiorstwo Produkcyjno-Handlowe PROMACO Sp. z o.o.;(22)7892333;;
Przedstawiciel Handlowy-Biznesowy T-Mobile;668370590;;
RAMtech.pl Jarosław Żuk;(58)7321702;;
RAMtech.pl Jarosław Żuk;(58)7327398;;
Salon Play;791039525;;
SAT FILM Sp. z o.o. i Wspólnicy Sp.komandytowa;(54)2367412;;
SAT FILM Sp. z o.o. i Wspólnicy Sp.komandytowa;(54)2369535;;
Satnet;533262903;;
Satnet;533530505;;
Serwis Komputerowy SERWISOWNIAPC;(61)6615531;;
Serwis Komputerowy SERWISOWNIAPC;883005051;;
Serwis24;795717335;;
Sferis Sp. z o.o.;(22)3499585;;
Sferis Sp. z o.o.;(22)3499499;;
SFK Sp. z o.o.;(32)7811146;;
SFK Sp. z o.o.;(32)7810605;;
Sklep Acotu.pl;(058)6847911;;
Sklep Acotu.pl;(058)6847912;;
Sklep Internetowy AGD Trzy Kłosy;(85)7453436;;
Sklep Internetowy AGD Trzy Kłosy;504084088;;
Sklep Internetowy Technology Computers Paweł Drężek;517867194;;
SmartOffOn;721376904;;
Sony Europe Limited Sp. z o.o. Oddział w Polsce;(22)5202401-02;;
Sony Europe Limited Sp. z o.o. Oddział w Polsce;(22)5202400;;
Spark System;513512053;;
Tech Data Polska Sp. z o.o.;(22)5479200;;
Tech Data Polska Sp. z o.o.;(22)5479300;;
Tele-Profit;(81)5320999;;
TELEMETRIC SYSTEMS;(33)8426088;;
TELEMETRIC SYSTEMS;607295596;;
TELKOMTOR;(56)6211265;;
TELKOMTOR;506234506;;
Tellres;(17)8642266;;
Tellres;(17)8600266;;
UMIK servis telecomunication Wiesław Smoła;(84)6881888;;
UMIK servis telecomunication Wiesław Smoła;604121403;;
Usługi informatyczne Dominik Borsa;507801999;;
V-lab Laboratorium Elektroniczne;(71)7948199;;
V-lab Laboratorium Elektroniczne;605122919;;
VEDION Andrzej Piórkowski;604096225;;
VIALUTIONS Sp. z o.o.;(71)7330686;;
WeFix Serwis Komputerów Apple;531511531;;
WSI Magdalena Misiak;793141533;;
WSI Magdalena Misiak;793022233;;
X-KOM.PL;(34)3770000;;
X-KOM.PL;(34)3770030;;
Zakład Teletechniczny ALTEL;(52)3954630;;
Zakład Teletechniczny ALTEL;692115943;;
Zaltronik;888666177;;
Zaltronik;505777005;;
ZINEL Marek Kipiel;(68)3825280;;
ZINEL Marek Kipiel;(68)4752300-01;;
