Wypożyczalnia Nart i Snowboardów;(18)2011505;;
Wypożyczalnia Nart i Snowboardów;602360910;;
Lulagoga Renata Rosiak;(33)8100803;;
Narty Biegowe;(22)6796795;;
Narty Biegowe;503084463;;
SPORT 2002;(75)6123069;;
SPORT 2002;607311363;;
Wypożyczalnia Nart w Wiśle M.CZ-SPORT;(33)8551315;;
Wypożyczalnia Nart w Wiśle M.CZ-SPORT;690042016;;
Dobrenarty.pl;(12)4431328Modlnica;;
Dobrenarty.pl;785111205Modlnica;;
ENERGY SPORTS Dystrybucja S.c.;790434746;;
ENERGY SPORTS Dystrybucja S.c.;510086725;;
RAK-SKI;(77)4550699;;
RAK-SKI;(77)4547503;;
REMSPORT Katarzyna Antonik;(32)4401352;;
REMSPORT Katarzyna Antonik;(32)4401257;;
Sklep Sportowy DEHNEL SPORT;(22)6161505;;
Sklep Sportowy DEHNEL SPORT;691616515;;
Sprzęt Sportowy Bernadeta Mikołajec;(32)4347386;;
Sprzęt Sportowy Bernadeta Mikołajec;660871513;;
Szkoła Zdrowia dr Lech Powolny;602178208;;
Szkoła Zdrowia dr Lech Powolny;(32)2547239;;
Wypożyczalnia Nart i Snowboardów VIP-SKI;507124829;;
Wypożyczalnia Nart i Snowboardów VIP-SKI;792298008;;
Stacja Narciarska SOSZÓW;(33)8552832;;
Stacja Narciarska SOSZÓW;(33)4742395;;
Legion-Serwis;(22)6658384;;
Legion-Serwis;693100123;;
AUTOBAG Grzegorz Śleziak;(33)8182114;;
AUTOBAG Grzegorz Śleziak;509504912;;
BERGSPORT Sp. z o.o.;(71)3537345;;
Fan-Sport;(17)8525256;;
Fan-Sport;(17)8500808;;
GOLD SPORT Sp.j.;(42)6376039;;
GOLD SPORT Sp.j.;(42)6371536;;
PRO SERVICE nart, rowery, snowboard - wypożyczalnia;668249942;;
PRO SERVICE nart, rowery, snowboard - wypożyczalnia;691220808;;
REVOR Specjalistyczne Sklepy Rowerowo-Narciarskie;(12)6863065alejaPokoju;;
REVOR Specjalistyczne Sklepy Rowerowo-Narciarskie;(12)6261034ul.Balicka;;
Stacja Narciarska KOKUSZKA SKI;(18)5476726;;
Stacja Narciarska KOKUSZKA SKI;668114193;;
Szkoła Narciarska i Wypożyczalnia Sprzętu SUDETY SPORT;502147701Wypożyczalnia;;
Szkoła Narciarska i Wypożyczalnia Sprzętu SUDETY SPORT;691770623SzkołaNarciarska;;
WIDEO-ZOOM;505077568;;
ABCSURF S.c.;(58)6217846;;
ABCSURF S.c.;507118745;;
Adrenalina Burton Vans;(22)4282101;;
AktywneWakacje.pl Aleksander Okoński;(62)5023939;;
AktywneWakacje.pl Aleksander Okoński;510077766;;
Alpinka Sklep Internetowy Skitour.pl;605153273;;
Alpinka Sklep Internetowy Skitour.pl;603880803;;
BACHLEDA Sport;(22)6581708;;
Beskid Ski;(33)4968030;;
Beskid Ski;(33)4968031;;
Biuro Usług Szkoleniowo-Turystycznych SPORT-TUR Niepubliczna Placówka Doskonalenia Zawodowego S.c.;600417614;;
Biuro Usług Szkoleniowo-Turystycznych SPORT-TUR Niepubliczna Placówka Doskonalenia Zawodowego S.c.;665254504;;
Board Room;(22)8279713;;
Board Room;501380081;;
BOARDER;609037609;;
BOARDER;515645858;;
BRAVE TEAM;884844545;;
BRAVE TEAM;783034153;;
BUNT-SPORT;502839652;;
BUNT-SPORT;(12)2597390;;
CARDIO SPORT;(77)3070003;;
Centrum Serwisowe Snowboard Narty;603255558;;
Centrum Serwisowe Snowboard Narty;791778778;;
Chlebek Sport;(18)2688424;;
ChowaniecSKI.pl Wypożyczalnia Nart i Snowboardów;(18)2019058;;
ChowaniecSKI.pl Wypożyczalnia Nart i Snowboardów;602857902;;
CLASSIC SPORT;(22)6125004;;
Climb & Snow Maciej Socha;508169985;;
EKSPERT-SPORT;504020199;;
EKSPERT-SPORT;(33)8140519;;
Export-Import KAMI;(18)2015961;;
eXtremeski;602704418;;
eXtremeski;692175381;;
F.H.U PID;(14)6212560;;
F.H.U PID;501614923;;
F.P.H.U. JANUSZ;(22)6549720;;
FHU ATUT;(33)8513608;;
FHU SURFBAŁTYK - Sklep Internetowy SnowSklep.com.pl;601675387;;
FHU SURFBAŁTYK - Sklep Internetowy SnowSklep.com.pl;605100495;;
Firma AB;600016350;;
Firma Handlowo-Usługowa Urszula Chlebek;(18)2688424;;
Fun Profil;(32)3514260;;
Fun Profil;888808831;;
FUN WIND;(22)6160395;;
GIEŁDA PAŁACYK;(71)3417821;;
Giełda Sprzętu Sportowego TEATRALNA;695212601;;
Giełda Sprzętu Zimowego;(61)8477476;;
Globalsport Store Sp. z o.o. NartyRowery.pl;(34)3656609;;
Globalsport Store Sp. z o.o. NartyRowery.pl;793656609;;
GO!Ski;664278864;;
Greenland Group Sp. z o.o.;(32)2262035;;
GRUPA SZAFRAŃSKI S.c. Marcin Szafrański, Ewa Szafrańska;(33)4862666;;
GRUPA SZAFRAŃSKI S.c. Marcin Szafrański, Ewa Szafrańska;(33)4862667;;
HappySki Sklep Narciarski;726525625;;
Hungar-Pol Sp. z o.o.;(56)6866133;;
Hungar-Pol Sp. z o.o.;665008525;;
Instytut Narciarstwa;(12)4445060;;
Jaga-Sport;(22)6160589;;
KoenigSerwis;(71)3617099;;
KoenigSerwis;661150447;;
KOGUCIK;693059888;;
KOWAL-SKI;517937964;;
KOWAL-SKI;698223268;;
KRAFT SPORT;733808808;;
KRAFT SPORT;884046884;;
KRAKÓW SPORT;730043186;;
KROS-SKI - Sklep Internetowy NartyBielawa.pl;(74)8340014;;
KROS-SKI - Sklep Internetowy NartyBielawa.pl;604178233;;
LECH-SKI Sklep Narciarski;(14)6213873;;
LECH-SKI Sklep Narciarski;605102566;;
Malczewski Sport S.c.;(18)2012005;;
Malczewski Sport S.c.;609603034;;
MARKO Mirus Marek;(71)3369438;;
MAZUR Sp.j. Ski24.pl;(71)3329671;;
MAZUR Sp.j. Ski24.pl;720887881;;
MIKOSPORT;(74)6461333;;
MIKOSPORT;602197327;;
MONDO SPORT;888050080;;
MONDO SPORT;608584257;;
NARTY-AUGUSTYN;607929990;;
NARTY-AUGUSTYN;691094476;;
NartyPrzemyśl.pl;501798337;;
nartysnowboard.pl;608152130;;
Nowowiejska Sport;(22)4235381;;
Nowowiejska Sport;509558689;;
P.P.H.U. JERZY;(33)8529249;;
P.P.H.U. JERZY;(33)8529522;;
Parlament Snow;(71)7584056;;
PM SPORT P.Lewandowski i M.Wojtiuk Sp.j.;(22)7491140;;
PM SPORT P.Lewandowski i M.Wojtiuk Sp.j.;(22)7491145;;
PRO RIDERS;503077922;;
PRO RIDERS;502368788;;
PRO-SPORT;504036769;;
PRO-SPORT;(17)8535240;;
PROFIS S.c.;692311723;;
PUH ZIBI;603170960;;
PUH ZIBI;609458859;;
R.S. SPORT S.c.;(71)3556802;;
RAFA-SPORT;(75)7173289;;
RAFA-SPORT;783137678;;
RAJ-SKI-RENT;(33)8430119;;
RAJ-SKI-RENT;603299351;;
RS Sport Serwis Narciarski;(48)3654445;;
RS Sport Serwis Narciarski;698818078;;
SADOWSKI SPORT;(58)5547207;;
SADOWSKI SPORT;(58)6907430;;
SCOOT PL;501540145;;
SEBBIKE - Serwis Nart i Desek Snowboardowych;(22)2159596;;
SEBBIKE - Serwis Nart i Desek Snowboardowych;(22)4359899;;
Serwis i Wypożyczalnia Sprzętu Narciarskiego Jacek Sawicki;696572096;;
Serwis i Wypożyczalnia Sprzętu Narciarskiego Jacek Sawicki;600969448;;
Serwis Narciarski;795459649;;
Serwis Narciarski GOJ-SKI;601984111;;
Serwis Narciarski GOJ-SKI;601054741;;
Serwis Narciarski SKOCZNIA NARCIARSKA;602370370;;
Serwis Nart;608100762;;
SIKOR-SKI;532518816;;
Ski & Board Service;603134301;;
SKI & SUN Świeradów Zdrój;(75)6152020;;
SKI & SUN Świeradów Zdrój;693770602;;
SKI MISTRZ;(85)7442774;;
SKI MISTRZ;501432323;;
Ski Race Center;(22)7230030;;
SKI RIDERS;691524917;;
SKI RIDERS;509740710;;
Ski Serwis MOTAK;(61)8642876;;
SKI SportService;(32)4223392;;
SKI SportService;606404782;;
SKI SYSTEM Sp. z o.o.;(61)8238141;;
SKI SYSTEM Sp. z o.o.;(61)8209161;;
Ski Team Sp. z o.o.;(22)8465787;;
SKI TUNING;(18)2012456;;
SKI TUNING;608353045;;
SKI-PARK;609126798;;
SKI-PARK;609190017;;
SKI-SERVICE;604151027;;
SKIBIKE;509808785;;
SKIperAKCJA;696713878;;
Sklep BoardSerwis.pl;607574597;;
Sklep i Serwis Narciarski Sport Serwis;(15)6877373;;
Sklep i Serwis Narciarski Sport Serwis;533100418;;
Sklep i Serwis Narciarsko-Snowboardowy LOCALES;(58)6792179;;
Sklep i Serwis Narciarsko-Snowboardowy LOCALES;501145561;;
Sklep Internetowy www.4narty.pl;(32)2415310;;
Sklep Narciarski NartyWarszawa.pl;(22)6518244;;
Sklep Narciarski NartyWarszawa.pl;502266224;;
Sklep Narciarsko-Snowboardowy Wypożyczalnia Nart SKID;(12)4235090;;
Sklep Narciarsko-Snowboardowy Wypożyczalnia Nart SKID;511050050;;
Sklep Pro.shop.pl;500402721;;
Sklep Sportowy AltSport;(22)6171868;;
Sklep Sportowy AltSport;609733899;;
Sklep-Narty.com.pl;508366560;;
Sklep-Narty.com.pl;(22)8961743;;
Snow Girl;666494493;;
Snow Sprit;609551625;;
Specjalistyczny Sklep Snowboardowy 3Style;666537666;;
SPEED FOCUS - Sklep Internetowy 24TanieNarty.pl;694445549;;
SPORT & FREIZEIT Sp. z o.o.;(22)8373364;;
SPORT & FREIZEIT Sp. z o.o.;(22)8368075;;
SPORT FANATIC Michał Małecki;(22)2411299;;
SPORT FANATIC Michał Małecki;664470003;;
Sport Osicki;602635614;;
Sport Osicki;509649128;;
Sport Osicki;509649125;;
Sport Osicki;(33)8613325;;
Sport Osicki;509649126;;
Sport Osicki;509649126;;
Sport Service;512285101;;
Sport Service;508250290;;
SPORT SERWIS Jan Piela;(22)8227673;;
SPORT SERWIS Jan Piela;507084026;;
SPORT-ARTUR;501634935;;
SPORT-ARTUR;731658938;;
SPORT-SERVICE;(22)6201967;;
SPORT-SERVICE;602790330;;
SPORT-SERWIS Tadeusz Miklas;(52)5827846;;
SPORT-SERWIS Tadeusz Miklas;508107918;;
Sport-System S.c.;(32)2662108;;
Sport-System S.c.;601379909;;
Stacja Jakuszyce Sklep Internetowy;668667088;;
STAR-sport;(22)7288670;;
STAR-sport;(22)7288672;;
Super Serwis NTN;502575666;;
SzyszkaSki;692236893;;
SzyszkaSki;784224589;;
Świat Nart YETI;668135842;;
TATRA TRADE;(18)2013428;;
TATRA TRADE;600466176;;
TOM-SPORT;607766412;;
TOMAR Narty Legnica;(76)7222020;;
Transfer Boardshop;(71)7864370;;
Transfer Boardshop;601510725;;
TRIP S.c. K.S.Neugebauer;(42)6303348;;
TRIP S.c. K.S.Neugebauer;795127461;;
WAJDA-SKI;(13)4354145;;
WAJDA-SKI;608418959;;
WRONASPORT;(32)2075172;;
Wypożyczalnia Nart Biegowych Fischer;667751994;;
Wypożyczalnia Nart i Snowboardów, Szkoła Narciarska SUKCES;(18)2000231;;
Wypożyczalnia Nart i Snowboardów, Szkoła Narciarska SUKCES;(18)2064197;;
Wypożyczalnia Nart i Snowboardu FUN-SKI;(74)8147611;;
Wypożyczalnia Nart i Snowboardu FUN-SKI;600835021;;
Wypożyczalnia Sprzętu Narciarskiego PAULO SPORT;698689973;;
Wypożyczalnia Sprzętu Narciarskiego U GÓRALA;(48)3312942;;
Wypożyczalnia Sprzętu Sportowego i Serwis Narciarski;(18)2654144;;
Wypożyczalnia Sprzętu Sportowego i Serwis Narciarski;601207198;;
Zakład Konserwacji i Naprawy Sprzętu Narciarskiego i Snowboadowego W.Najder;(56)6210358;;
Zakład Konserwacji i Naprawy Sprzętu Narciarskiego i Snowboadowego W.Najder;(56)6609977;;
ZibiTop;(33)8666854;;
ŻURAWIECKI Sport Center;(32)2312946;;
Kosmossklep.pl - oficjalny sklep snowboardowy Burton;(32)2536490;;
Kosmossklep.pl - oficjalny sklep snowboardowy Burton;797329780;;
STORMSTORE.PL;570692473;;
2B3 SPORT;(32)2401480;;
2B3 SPORT;665892121;;
2Koła & Ski;(61)8125932;;
ADAM-SKI;(74)8668139;;
ADAM-SKI;(74)8660425;;
AGA-SPORT;(12)6416803;;
Akademicka Szkoła Narciarska Jakub Kowalski;693185378;;
Akademicka Szkoła Narciarska Jakub Kowalski;502327009;;
ALPE BIKE;(32)3239092;;
ALPE BIKE;600069601;;
AQUA SPORT;783556679;;
Aventura Sport;(71)7287416;;
Aventura Sport;695402888;;
AXEL-SPORT F.H.U.;(17)8572098;;
BBIKE;501149915;;
BBIKE;(71)7227663;;
BIKE SERVICE Sanok;605281349;;
Bike-master;531955720;;
Bike-System Marek Fiałkowski;(32)4248750;;
BikeAndSki.pl;883114343;;
BIKERSHOP;(12)4233262;;
Blue Sport;(33)8420758;;
BOARD LAND Rafał Gralak;530918507;;
BOsport Travel;(22)6160434;;
BOsport Travel;(22)6163407;;
Centrum Rowerowo-Narciarskie;(14)6124923;;
Centrum Śnieżnik;502525564;;
Centrum Śnieżnik;793010909;;
CHATA NA STOKU Centrum Narciarskie AZOTY;(18)4715367Wyciągi;;
CHATA NA STOKU Centrum Narciarskie AZOTY;(18)4715717Chatanastoku;;
CIKLO Serwis Rowerowy;795827439;;
CORRADO S.c.;(85)7424658;;
Cyclo Centrum S.c.;(17)2275059;;
Cyclo Centrum S.c.;603915178;;
DAREL Sport;(22)8615205;;
DAREL Sport;501103470;;
DoboszSPORT;(12)2721278;;
EMI SURF-BIS;601714056;;
Epicentrum Sportu - Szkoła Narciarstwa i Snowboardu;664784094;;
Extreme Bike;(32)6080177;;
Extreme Bike;506132731;;
F.H.U. OLIMP-SPORT;(14)6864885;;
F.H.U. ROWMIX;(12)3848235;;
FG Sport;(58)3408760;;
Firma ANPO;667412292;;
Firma ANPO;603760376;;
Firma CZORSZTYN-SKI Sp. z o.o.;(18)2650222;;
FOLC-SPORT;(22)8649995-96;;
FOLC-SPORT;(22)8355335;;
Freesport;(12)4112915;;
GIGA SPORT mgr Marcin Możdżeń;606970947;;
GiGi Sport Grzegorz Gałuszka;535880486;;
GreMar;609212424;;
GreMar;691631305;;
INTER SKI;(81)5245646;;
Internetowy Sklep Sportowy Zawojski.pl;666151615;;
Internetowy Sklep Sportowy Zawojski.pl;606151615;;
Isport Strefa S.c. M.Drewniak, T.Teper;(12)2670394;;
Isport Strefa S.c. M.Drewniak, T.Teper;(12)2668200;;
Karkonoska Szkoła Narciarska COOLMIX Jakub Janulidis;514285230;;
KASINA-SKI Sp. z o.o.;(18)3314551;;
KASINA-SKI Sp. z o.o.;(18)3314553;;
KLONSKI Sklep-Serwis-Wypożyczalnia;(33)8105166;;
KLONSKI Sklep-Serwis-Wypożyczalnia;533724201;;
KM SPORT Krzysztof Mermer;(34)3611671;;
KM SPORT Krzysztof Mermer;605515185;;
KORNICK SERWIS;509182441;;
Lajn.pl;784260765;;
MOKOL;(85)7183718;;
MOKOL;660685371;;
MOTO-ROWER;(77)4330170;;
MOTO-ROWER;509335967;;
MPJ SPORT;(41)2406424;;
P.P.H.U. FIT Paweł Michalski;(76)8629183;;
P.P.H.U. FIT Paweł Michalski;512257145;;
P.P.H.U. YAMAK S.c.;(32)2104499;;
Prosnow S.c.;604590192;;
PS DISTRIBUTION Michał Żabiński;(22)7322755;;
RAJBI ski;(33)8178737;;
RAJBI ski;502311301;;
RED BIKE;(68)3255951;;
RONAR;796900920;;
Rooweromania;883156521;;
ROWEX;(18)2662928;;
Salon Rowerowo-Narciarski PRO-BIKE;(22)8105055;;
Serwis Rowerowo-Narciarski;(22)7583862;;
Serwis Rowerowo-Narciarski;600788598;;
Serwis Rowerowy i Narciarski Witold Gątarski;(12)6361400;;
Serwis Rowerowy i Narciarski Witold Gątarski;604806663;;
SERWIS SPORTOWY;515932117;;
Ski-Bike s.c.;(32)2317105;;
SKI-CARV Szkoła Narciarska i Wypożyczalnia S.c.;726188679;;
SKI4YOU Sp. z o.o.;530120990;;
SKI4YOU Sp. z o.o.;603564320;;
SKIACTIVE;796472930;;
SKIACTIVE;792622999;;
SKIMONDO;(58)3550550;;
Sklep KACPER;(68)3564092;;
Sklep Militarny S.c. FAJER Ryszard, Regina Prędkiewicz;(68)3244463;;
Sklep Militarny S.c. FAJER Ryszard, Regina Prędkiewicz;601483857;;
Sklep Sportowy Deręgowski;603747987;;
Sklep Turystyczno-Narciarski ALTI SPORT;(13)4644861;;
SKOŁOWANI Serwis Rowerowy;725596627;;
SNOWSENSE Szkoła Narciarska i Snowboardowa;888455133;;
SNOWSENSE Szkoła Narciarska i Snowboardowa;606456012;;
Sport Concept Group Sp. z o.o.;(32)4419999;;
Sport Garage by Fan Sport;(32)2342607;;
Sport Garage by Fan Sport;(32)3009111;;
SPORT NORA;(12)2824098;;
SPORT PASSION;601669789;;
SPORT PASSION;606364675;;
Sport Winter and Summer Sp. z o.o.;600464394;;
Sport Winter and Summer Sp. z o.o.;784686005;;
SPORT-BIKE&SKI;(77)4552363;;
SPORT-PL;791791222;;
SPORT-PROFIT Piotr Czerwiński Sp.j.;(71)7967480Salonrowerowy;;
SPORT-PROFIT Piotr Czerwiński Sp.j.;(71)7967481;;
SPORT-RENT Michalec Elżbieta;(33)8552507;;
SPORT-RENT Michalec Elżbieta;602515954;;
Sportpoint.pl;664266037;;
STAN-SPORT Tomasz Stankiewicz;608851921;;
Stołeczne Centrum Sportu AKTYWNA WARSZAWA - Ośrodek Szczęśliwice;(22)6226961;;
Stołeczne Centrum Sportu AKTYWNA WARSZAWA - Ośrodek Szczęśliwice;(22)6216214;;
SuperSportowy.pl;727619461;;
SurfShop.pl & SnowShop.pl;(22)6107778;;
SurfShop.pl & SnowShop.pl;500502050;;
Szkoła Narciarska DeSki Wypożyczalnia Nart;512467701;;
Szkoła Narciarska i Wypożyczalnia T&T;603236672;;
Szkoła Narciarska i Wypożyczalnia T&T;605313826;;
Szkoła Narciarska JERRY;601496500;;
Szkoła Narciarska NA KRAWĘDZI Wypożyczalnia Nart i Snowboardów;502109609;;
Szkoła Narciarska NA KRAWĘDZI Wypożyczalnia Nart i Snowboardów;504587902;;
Śląska Giełda Zimowa-Narciarska;531742826;;
TOMSPORT;(22)4975290;;
TOMSPORT;501020887;;
Unlimited Sports;791612605;;
WFsport;(12)2601919;;
WFsport;502114083;;
White Sports S.c.;603874201;;
WIERCHY;(42)6830874;;
WIERCHY;696848867;;
WOOX Sp. z o.o.;728836861;;
Wypożyczalnia i serwis sprzętu sportowego POD KOLEJKĄ;604897778;;
Wypożyczalnia MORSKO;889893545;;
