ENERGO Sławomir Hartwich;(61)4154315;;
ENERGO Sławomir Hartwich;602252680;;
FURCZYK S.c. Producent Zniczy i Knotów;603709224;;
FURCZYK S.c. Producent Zniczy i Knotów;603942178;;
P.P.H.U. MATTRA Polska;696703597;;
P.P.H.U. RAL www.ral.naklo.pl;(52)3853219;;
Producent Zniczy i Wkładów K.JACOLIK;607424224;;
ABART P.P.H.U. Jacek Gałecki;(22)7815577;;
ABART P.P.H.U. Jacek Gałecki;602668319;;
ADPAL Przedsiębiorstwo Produkcyjno-Handlowo-Usługowe;(62)7210058;;
ADPAL Przedsiębiorstwo Produkcyjno-Handlowo-Usługowe;(62)7216591;;
P.P.H.U. RADE M. Kujundzić;(75)7389685;;
P.P.H.U. VIOLMAR;606364669;;
P.P.H.U. VIOLMAR;787121112;;
P.P.H.U. WAXPOL Przemysław Wawrzyniak;(62)7387040;;
P.P.H.U. WAXPOL Przemysław Wawrzyniak;(62)7387042;;
ALMIK;(17)2252747;;
ALMIK;603120998;;
ARTAL Wacław Iwankowicz;(76)8711355;;
ARTAL Wacław Iwankowicz;603262090;;
Euro-Kerze Sp. z o.o.;(44)6493586;;
Euro-Kerze Sp. z o.o.;(44)6452431;;
F.H.U.P. KRAK-ZNICZ Sp.j. Andrzej Majer, Józef Wolak;(12)6375800;;
F.H.U.P. KRAK-ZNICZ Sp.j. Andrzej Majer, Józef Wolak;(12)6616710;;
HALSŁAW-PLUS Sławomira i Grzegorz Wydra;(52)3572512;;
HALSŁAW-PLUS Sławomira i Grzegorz Wydra;601658791;;
JERZY ZARYCHTA Produkcja i Sprzedaż Zniczy;691121818;;
KNOT Marek Burnat;(14)6799147Knoty;;
KNOT Marek Burnat;501184882;;
MARO;(68)3204290;;
MARO;691949370;;
MRG PLAST S.c. Akcesoria do Zniczy;(52)3586608;;
MRG PLAST S.c. Akcesoria do Zniczy;(52)3889966;;
P.P.H. MAREKO Wyrób Świec i Zniczy;(42)7169183;;
P.P.H. MAREKO Wyrób Świec i Zniczy;506193773;;
Przedsiębiorstwo Produkcyjno-Usługowo-Handlowe LUNA Sp. z o.o.;(18)3536244;;
PW PHU IVO-CAR Eksport-Import;(52)3558536;;
PW PHU IVO-CAR Eksport-Import;605785547;;
Soskol;505102178;;
Soskol;507348692;;
Wytwórnia Zniczy i Świec Ozdobnych Stawicka Jolanta;(43)6781598;;
Z.P.H. Róża;601515012;;
ZAKŁAD WYROBU ŚWIEC I ZNICZY S. Olesiuk;(85)6823025;;
ZPH Zorza - Tadeusz Głowacki;(77)4333106;;
ZPH Zorza - Tadeusz Głowacki;(77)4333565;;
Huta Szkła BEATA;(65)5474446;;
Huta Szkła BEATA;(65)5467706;;
ALOPAK Sp. z o.o.;(62)7303448;;
ALOPAK Sp. z o.o.;531697077;;
Firma Handlowo-Produkcyjna OLCZYK;(32)2649934;;
Firma Handlowo-Produkcyjna OLCZYK;(32)2649935;;
HELMET Sp.j. S.Nackowski, W.Nackowska;(52)3519810;;
HELMET Sp.j. S.Nackowski, W.Nackowska;(52)3519816;;
AN DECOR Studio Wystroju Wnętrz;(24)3671010;;
AN DECOR Studio Wystroju Wnętrz;502185456;;
Firma CZAS Paweł Kapol;(32)2426531;;
KAJO Hurtownia Artykułów Biurowych, Szkolnych i Zabawek;(87)6215686;;
KAJO Hurtownia Artykułów Biurowych, Szkolnych i Zabawek;(87)6215688;;
Kwiaciarnia POD MUFLONAMI - PHU Marzena II Henryk Borek-Prek;880018814;;
NIKOLS-KATOWICE;(32)2099605;;
NIKOLS-KATOWICE;(32)7102088;;
Obiektywne Studio VisualView Wiesław Serek;603919415;;
Obiektywne Studio VisualView Wiesław Serek;502560505;;
P.H. JUREX;(91)4832115;;
P.H. JUREX;(91)4833661;;
P.H. PAKFOL;(18)2063951;;
P.H. PAKFOL;(18)2064370;;
Z.P.H. PAPIER Tomasz Krakowian;664435078;;
Zakład Pogrzebowy LETAX S.c.;884350350;;
Zakład Pogrzebowy LETAX S.c.;(16)6212148;;
GoodMood;512021797;;
Świece Zapachowe Pom Pom Candles;502234546;;
YANKEE ZONE Łukasz Wołyniec;508361249;;
ABIGAL PPUH;(22)7990413;;
ABIGAL PPUH;(22)7631239;;
Ad-Nat;509792555;;
ADA Znicze i Lampiony Piotr Lembas;(12)2880337;;
ADA Znicze i Lampiony Piotr Lembas;502449704;;
ADMIT Sp.j.;(33)8519000;;
ADMIT Sp.j.;(33)8519001;;
Agencja Wspierania Przedsiębiorczości NEX - Znicze i Świece;(52)3731325;;
AGMO;(41)3428641;;
AHAWA - Sklep Internetowy YANKEE STORE;662806666;;
ANTA Sp. z o.o.;(62)7210069;;
ART WAX Szczecińska Manufaktura Świec;(91)4523662;;
ART WAX Szczecińska Manufaktura Świec;509564725;;
ART-POL Sp.j.;(91)5788630-32;;
ARTMAN Candles;(91)4829388;;
ARTMAN Candles;533877611;;
ARTUFEX Sp. z o.o.;603494269;;
ATA Roman Wawrentowicz;(87)7371980-81;;
ATA Roman Wawrentowicz;510042205;;
B&B PARTNERS;(71)7258856;;
B&B PARTNERS;600818857;;
Bagis Jerzy Jarosz;506579378;;
Baja-Orginalne Świece Wodne;(32)2735973;;
Baja-Orginalne Świece Wodne;694230140;;
BARTEK CANDLES;(71)3139191;;
BARTEX Bartosz Hejwosz;(65)5341165;;
BARTEX Bartosz Hejwosz;502161559;;
BISPOL Sp. z o.o.;(17)2250760;;
BISPOL Sp. z o.o.;(17)2250755;;
BlizPol;(46)8374872;;
BlizPol;501788225;;
Bolsius;664198778;;
BOTERO Sylwester Bodnar;531727844;;
Bratborski Hurtownia Świec;(61)8638303;;
Bratborski Hurtownia Świec;(61)8638271;;
Budzich-Znicze;(23)6570410;;
Budzich-Znicze;504149964;;
CANDELA Sp. z o.o.;(42)2271077;;
CANDELA Sp. z o.o.;(42)2131109;;
CANDELA Zakład Pracy Chronionej;(34)3661518;;
CANDELA Zakład Pracy Chronionej;(34)3661649;;
CANDLE ROOM;(22)7028608;;
CANDLE-WICK Stanisław Plewa;603352510;;
CANDLE-WICK Stanisław Plewa;(018)5412125;;
CANDLETREND;694969613;;
CANDLETREND;607464085;;
Chemix Sp.j. P.P.H.U;(67)2628560;;
Chemix Sp.j. P.P.H.U;(67)2628561;;
DAKADO Dariusz Dobrzelecki;798020505;;
DEKAR Dariusz Kaczan;502236561;;
Domowy Duszek Sławomir Wieczorek;605630946;;
Domowy Duszek Sławomir Wieczorek;609741032;;
DROBO;(77)4155553;;
DROBO;604190304;;
DUBIK Producent Świec;(12)2630015;;
DUBIK Producent Świec;668110063;;
DYMEK Damian Śmigielski;600805515;;
E-SWIECZKA.PL;503875550;;
EJMAR Producent Zniczy;(61)4411161;;
EJMAR Producent Zniczy;500296740;;
ELEKTROKOP Kapturki i Podstawki do Zniczy;(52)3512990;;
ELEKTROKOP Kapturki i Podstawki do Zniczy;(52)3519142;;
EMDEPOINT CANDLES;500139356;;
EURO ZNICZ;604978342;;
EURO ZNICZ;(22)7204011;;
EURO-LIGHT Sp. z o.o.;(56)6489806;;
EURO-LIGHT Sp. z o.o.;(56)6489860;;
EW!K Ewa Stachowiak;609092233;;
F.H. Baterpol;(94)3407432;;
F.H. Baterpol;502319071;;
F.H. FENIKS;603324578;;
F.H.U. ASTRID;601632533;;
F.H.U. OZYRYS Krzysztof Oczkowski;(32)3802116;;
F.H.U. OZYRYS Krzysztof Oczkowski;507170149;;
F.H.U.P VIOLA;(15)8235690;;
F.P.H. Płomyk;(61)2852594;;
F.P.H. Płomyk;604635602;;
F.P.H. RED;(56)6787199;;
F.P.H. RED;(56)6787530;;
F.P.H. ZNICZ;(42)2132861;;
F.P.H. ZNICZ;501531430;;
F.P.H.JODŁA Producent Zniczy i Wkładów;600672727;;
F.P.H.U. DOXA;(13)4302185;;
F.P.H.U. DOXA;(13)4641954;;
F.P.U.H. ZNICZ-KAM;507333303;;
FABRYKA BARW;604909791;;
Fabryka Parafin NAFTOWAX Sp. z o.o.;(32)6180352;;
Fabryka Parafin NAFTOWAX Sp. z o.o.;(32)6122714;;
Fabryka Świec ZAWA S.c.;(032)6771706;;
FHU TOMASZEK;(34)3721177;;
FHU TOMASZEK;(34)3724411;;
Firma DAROCHA;(056)6631005;;
Firma DAROCHA;(056)6783081;;
Firma E.H.O. Henryk Owczarz;606810366;;
Firma Gibowski Sp. z o.o.;(61)4363097;;
Firma Gibowski Sp. z o.o.;(61)4379924;;
Firma Handlowo-Usługowa Jędruś Błądek Andrzej;603984245;;
Firma Lamp-Art;(22)7833034;;
Firma Lamp-Art;510187697;;
Firma Produkcyjno-Handlowa LUKS;(81)8651025;;
FOKUS Piotr Pasiuk;501499727;;
FOKUS Piotr Pasiuk;(85)6621832;;
FORM DREAM;514903465;;
FPH Leonard Rost;693865464;;
FPH Leonard Rost;601919153;;
FPHU ZAWA-PAK;666856186;;
GLAS HIT;(34)3170825;;
GLAS HIT;881460715;;
GOTFRYD i GOTFRYD S.c.;695368544;;
GOTFRYD i GOTFRYD S.c.;(13)4471087;;
GREVO;(84)6278741;;
GREVO;601438562;;
Grupa Zachodnia;(61)8435540;;
Grupa Zachodnia;(61)8435542;;
HATEX;(68)3609360;;
HATEX;(68)3774980;;
HOSTER Hurtownia Opakowań Szklanych;(32)4313150;;
HOSTER Hurtownia Opakowań Szklanych;(32)4316315;;
Hurtownia Artykułów Przemysłowych ADAM;(68)3299950;;
Hurtownia BOX;602250721;;
Hurtownia BOX;604237310;;
Hurtownia RÓŻA Terpin Antoni, Mróz Jan;(17)8521260;;
Hurtownia RÓŻA Terpin Antoni, Mróz Jan;(17)8501113;;
Hurtownia Świat Świec;723209090;;
Hurtownia Świat Świec;792200450;;
Hurtownia Zniczy;503669633;;
Hurtownia Zniczy;501498324;;
IMPULS;600380760;;
IMPULS;606818731;;
INTERLIGHT Stefan Walędziak;(85)7376009;;
INTERLIGHT Stefan Walędziak;(85)7375947;;
JANIK;(62)5810615;;
JANIK;(62)5812270;;
JOANNA Ręczne Ozdabianie Świec Arkadiusz Boniecki;600077858;;
JORG Jerzy Eliasz;(32)4562555;;
JUPITER;(29)7578167;;
JUPITER;505104004;;
JWD S.c.;(91)5610074;;
JWD S.c.;502613700;;
KAJ Znicze;(41)3616000;;
KAJ Znicze;(41)3489007;;
KALIA S.c. Krzysztof Liana, Jarosław Turek;(18)3528650;;
Kallisto;605673380;;
KANDOR;(54)2872283;;
KANDOR;601654549;;
KARAD Sklep Internetowy www.ozdobneswiece.pl;506616675;;
KASTOM Producent Wkładów i Zniczy;884310245;;
KASTOM Sklep Internetowy Zrobswiece.pl;884310245;;
KCB Interlight Sp. z o.o.;(52)3558207;;
KCB Interlight Sp. z o.o.;(52)3558447;;
KOMPOZYCJA Andrzej Moszko;(059)8425986;;
KON-MAG;(48)6217288;;
KON-MAG;502255988;;
KORONA S.A.;(43)8437700;;
KORONA S.A.;(43)8437788;;
L.S Grzegorz Lipiec Zielona Góra;734138735;;
L.V. Marek Prędkiewicz;(68)3255950;;
L.V. Marek Prędkiewicz;(68)3205730;;
LA RU CANDELA S.c.;537333101;;
LA RU CANDELA S.c.;537333102;;
Lampion Producent Zniczy i Lampionów;(94)3465353;;
Lampion Producent Zniczy i Lampionów;669977798;;
Lasecki i Spółka Sp. z o.o. Sklep Internetowy zapachdomu.pl;508381841;;
LIGHT Ryszard Bagadziński;(61)8685865;;
LIGHT Ryszard Bagadziński;(61)8685862;;
LITTLE STAR;604643052;;
LUX LIGHT;509890326;;
Ładnie Pachnie;605634478;;
M.B. Żołędziowski S.c.;(44)7325843;;
M.B. Żołędziowski S.c.;607301105;;
MAGIC CANDLES Magdalena Babska;797540907;;
MAGMA H.Maciejczyk;(52)3510100;;
MAGMA H.Maciejczyk;663749712;;
MAGMAR Sp. z o.o.;(77)4129895;;
MAGMAR Sp. z o.o.;(77)4122912;;
Maroks P.P.U.H.;608539914;;
Maroks P.P.U.H.;698632352;;
MASTER M. i S.Zakrzewscy;(22)7814657;;
MASTER M. i S.Zakrzewscy;(22)7814658;;
Max-Pol;(71)3529520;;
MER Małgorzata Nicińska;(44)7141553;;
MER Małgorzata Nicińska;601515018;;
MOKOSZ DECOR;605111986;;
MOKOSZ DECOR;600998828;;
Monika-Art Agnieszka Goździńska;501715657;;
MP PRODUKT II Produkcja Zniczy;507105144;;
Mueller Fabryka Świec S.A.;(056)4514500;;
Mueller Fabryka Świec S.A.;(056)4514555;;
Ogólnopolskie Stowarzyszenie Producentów Świec i Zniczy;(68)3638903;;
Ogólnopolskie Stowarzyszenie Producentów Świec i Zniczy;(68)3638900;;
ORSZAK GROUP Sklep Internetowy e-swiece;513472221;;
P.H.U. Osmólscy;(85)7373554;;
P.H.U. Osmólscy;506234234;;
P.H.U. ZNICZ;(87)4284657;;
P.P. Honorata;(58)6863028;;
P.P. Honorata;(58)6865050;;
P.P.H. ADAMPOL;601781696;;
P.P.H. DOLMARK;(22)7981747-48;;
P.P.H. GRANPOL Sp.j.;(44)7571559;;
P.P.H. GRANPOL Sp.j.;605056379;;
P.P.H. Krzysztof Janusz Grześkiewicz;697249673;;
P.P.H. Magrebud Grzegorz Budek;(34)3137949;;
P.P.H. Magrebud Grzegorz Budek;692356825;;
P.P.H. PŁOMYK;(56)4745593;;
P.P.H. PŁOMYK;512181919;;
P.P.H. PŁOMYK;(62)7414579;;
P.P.H. PŁOMYK;601829444;;
P.P.H. QBA;602459740;;
P.P.H.U LAMPION;(061)4388020;;
P.P.H.U PANDA S.c. Klaudia Sworowska, Sławomir Sworowski;601598150;;
P.P.H.U. Adak S.c. Anna Dwornik, Alicja Kierpiec, Agnieszka Dwornik;606485402;;
P.P.H.U. Adak S.c. Anna Dwornik, Alicja Kierpiec, Agnieszka Dwornik;509828159;;
P.P.H.U. AM Dekor;(32)7808375-76;;
P.P.H.U. AM Dekor;609728515;;
P.P.H.U. ANDAR;(094)3126277;;
P.P.H.U. ANNA S.c.;(74)8146787;;
P.P.H.U. ANNA S.c.;793663832;;
P.P.H.U. ARTIS S.c.;(62)7219170;;
P.P.H.U. Beti-Zen;(76)8331755;;
P.P.H.U. Beti-Zen;600036173;;
P.P.H.U. EL-ROM Elżbieta Szmyt;(52)3527387;;
P.P.H.U. EL-ROM Elżbieta Szmyt;(52)3549921;;
P.P.H.U. ELMAR Marek Kaźmierczak;(42)6801270;;
P.P.H.U. ELMAR Marek Kaźmierczak;603334639;;
P.P.H.U. JOKER Zakład Produkcji Zniczy i Świec;(61)4361566;;
P.P.H.U. JOKER Zakład Produkcji Zniczy i Świec;(61)4377536;;
P.P.H.U. KAMIX;(34)3143833;;
P.P.H.U. KAMIX;602173584;;
P.P.H.U. LIR;(055)2317575;;
P.P.H.U. LIR;601339380;;
P.P.H.U. MARCUS Jacek Niewola;604130989;;
P.P.H.U. MARCUS Jacek Niewola;(14)6561945;;
P.P.H.U. MASZ;(32)3870492;;
P.P.H.U. MASZ;(32)3870497;;
P.P.H.U. MAX-POL Zakład Pracy Chronionej;(62)7251300;;
P.P.H.U. MAX-POL Zakład Pracy Chronionej;(62)7221287;;
P.P.H.U. PROMIEŃ;(34)3592209;;
P.P.H.U. Rawax;503050125;;
P.P.H.U. Romex Wytwórnia Zniczy;(81)8656930;;
P.P.H.U. Romex Wytwórnia Zniczy;(81)8654099;;
P.P.H.U. SEZON Mariusz Mieszkalski;(62)7349220;;
P.P.H.U. SEZON Mariusz Mieszkalski;(62)7349200;;
P.P.H.U. STAMAR Mariusz Włodarczyk i Wspólnicy Sp.j.;(34)3276800;;
P.P.H.U. STAMAR Mariusz Włodarczyk i Wspólnicy Sp.j.;(34)3276801;;
P.P.H.U. TINA S.c.;(42)2130113;;
P.P.H.U. TINA S.c.;(42)2130160;;
P.P.H.U. TOMEX;(85)6561322;;
P.P.H.U. TOMEX;602876345;;
P.P.H.U. Valar;(63)2491057;;
P.P.H.U. ZNICZ Adam Wojtuściszyn;(95)7511009;;
P.P.H.U. ZNICZ Adam Wojtuściszyn;(95)7518833;;
P.P.U.H. Jagra Sp.j.;(32)2557212;;
P.P.U.H. Jagra Sp.j.;602224104;;
P.W. ADAM;(68)3274170;;
P.W. ADAM;(68)3274154;;
P.W. ADMYT Adrian Szmyt;(052)3527310;;
P.W. ADMYT Adrian Szmyt;(052)3549922;;
P.W. ECOLUX;(086)2713456;;
PACHNĄCA PRZYSTAŃ;793909949;;
PARAGRAN Sp.j.;(43)6789096;;
PARAGRAN Sp.j.;501381655;;
Parawax Zakład Produkcji Świec i Zniczy;(13)4468929;;
Petrowax;503085303;;
PHPU JAREX Jarosław Gawecki;(86)2726660;;
PHPU JAREX Jarosław Gawecki;(86)2739088;;
PHU IGLOO Lodziarnia-Cukiernia Sklep Internetowy magiakoloru.eu;661161270;;
PHU MARPIO Import-Export Paweł Maciejewski;(062)7257093;;
Plata Wytwórnia Zniczy i Świec Sp.j.;(12)2881420;;
Plata Wytwórnia Zniczy i Świec Sp.j.;(12)2510160;;
Płomyk S.c.;501583572;;
Płomyk Wiesław Truchan;604192946;;
POLWAX S.A.;(32)3237585;;
POLWAX S.A.;(32)3237587;;
PPH ARKADA;(24)3655554;;
PPH JAN WÓJCIK;(71)3030057;;
PPH JAN WÓJCIK;(71)3130931;;
PPH Jan Zajączkowski-Producent Zniczy i Świec;(85)7394247;;
PPH KES;(75)7411538;;
PPH LUBEMA;(65)5350124;;
PPH Sławpol;(34)3274251;;
PPH Sławpol;502320805;;
PPH TEBO;(25)7812263;;
PPH TEBO;501925438;;
PPHU Agrol Górski Michał HURTOWNIA ZNICZY IGNIS KONIN;604751156;;
PPHU ANDO-POL S.c.;(68)3472122;;
PPHU ANDO-POL S.c.;(68)3842893;;
PPHU DELIAL;(12)2852691;;
PPHU DELIAL;509486209;;
PPHU DUBLET;(61)2967050;;
PPHU DUBLET;(61)2967151;;
PPHU DURO S.c. Grzegorz Dul, Aleksandra Dul;(24)2762886;;
PPHU DURO S.c. Grzegorz Dul, Aleksandra Dul;502486891;;
PPHU LUMIX;(32)2874110;;
PPHU LUMIX;603180281;;
PPHU Misiek;607534768;;
PPHU TAP Przeworska Anna;(41)3663862;;
PPHU TAP Przeworska Anna;(41)3470795;;
PPUH PARTNER;(62)7226984;;
PPUH PARTNER;503033440;;
Producent Zniczy BARBARA;(34)3141175;;
Producent Zniczy BARBARA;604656504;;
Producent Zniczy MIRMAR;(63)2479841;;
Producent Zniczy MIRMAR;601584721;;
Produkcja Zniczy i Lampionów CE i M Marek Cyprowski;(61)2922290;;
Produkcja Zniczy i Lampionów CE i M Marek Cyprowski;607075885;;
Produkcja Zniczy Nagrobkowych Zbigniew Grygianiec;(94)3148719;;
PROMEX S.c.;(32)2715805;;
Przedsiębiorstwo Handlowo Produkcyjne Kowalczyk Mieczysław;(14)6268569;;
Przedsiębiorstwo Handlowo Produkcyjne Kowalczyk Mieczysław;601500886;;
Przedsiębiorstwo Produkcyjne Pro-Candle Sp. z o.o.;508036716;;
Przedsiębiorstwo Produkcyjne Pro-Candle Sp. z o.o.;(62)7226818;;
Przedsiębiorstwo Produkcyjno Handlowo-Usługowe FENIKS;(55)2335144;;
Przedsiębiorstwo Produkcyjno Handlowo-Usługowe FENIKS;(55)2335145;;
Przedsiębiorstwo Produkcyjno-Handlowo-Usługowe PŁOMYK Justyna Gebler;(58)3090012;;
Przedsiębiorstwo Produkcyjno-Handlowo-Usługowe PŁOMYK Justyna Gebler;507068500;;
Przedsiębiorstwo Produkcyjno-Handlowo-Usługowe WEGA;(56)4682175;;
Przedsiębiorstwo Przemysłowo-Handlowo-Usługowe SEW-POL S.c.;606637538;;
Przedsiębiorstwo Wielobranżowe IRADEX;(22)7861387;;
Przedsiębiorstwo Wielobranżowe KOPLAST S.c. Krzysztof Koziński, Robert Koziński;(52)3878271;;
Przedsiębiorstwo Wielobranżowe KOPLAST S.c. Krzysztof Koziński, Robert Koziński;507109371;;
PW Pamako.A. Adrian Panecki;660442033;;
R-MAX;(52)3586041;;
R-MAX;(52)3622198;;
Rade Tours;511240001;;
Rolchem;(62)7415587;;
Rolchem;606748726;;
SAWAX;501618209;;
Spółdzielnia Inwalidów Fabryka Świec;(68)3762694;;
Spółdzielnia Inwalidów Fabryka Świec;(68)3762260;;
Spółdzielnia Inwalidów JUTRZENKA;(62)7254251;;
Spółdzielnia Inwalidów JUTRZENKA;(62)7253052;;
Spółdzielnia Inwalidów SYNTEZA Zakład Pracy Chronionej;(89)5275997;;
Spółdzielnia Inwalidów SYNTEZA Zakład Pracy Chronionej;(89)5275996;;
Sprzedaż Zniczy i Wiązanek Ryszard Chrobot;692524992;;
Stanisław Wytwórnia Świec Liturgicznych;(71)3029437;;
Stanisław Wytwórnia Świec Liturgicznych;605423633;;
STOLA;606940793;;
STOLA;(41)2477969;;
ŚwiatZapachów.pl;600950313;;
Świece-Znicze.pl Anna Mac, Robert Mac S.c.;785544229;;
Świetlik Maria Walencik;508618831;;
Świetlik Maria Walencik;(12)2821838;;
Virtus-Vita Sp. z o.o.;731471848;;
W.P.H.W. KAMA;(54)2832220;;
W.P.H.W. KAMA;601649263;;
WAX S.c.;(014)6457164;;
WAX S.c.;604266619;;
Wimax;(44)6324478;;
WIMAX S.c.;(84)6965767;;
WIMAX S.c.;(84)6972913;;
Wyrób i Sprzedaż Zniczy Dawid Kucała;(95)7511834;;
Wyrób i Sprzedaż Zniczy MAŁGORZATA Małgorzata Kempa;(034)3274447;;
Wyrób i Sprzedaż Zniczy MAŁGORZATA Małgorzata Kempa;602732927;;
Wyrób Świec i Zniczy Henryk Mróz;600734503;;
Wyrób Świec i Zniczy Henryk Mróz;692878058;;
Wytwórnia Świec Beata Hessel;(12)4251554;;
Wytwórnia Świec i Zniczy RAK;(55)2328221;;
Wytwórnia Świec i Zniczy RAK;(55)2326268;;
Wytwórnia Świec Mirosław Świerczewski;601625000;;
Wytwórnia Świec Mirosław Świerczewski;(56)6782483;;
Wytwórnia Zniczy Józef Szklarski;(12)2753418;;
Wytwórnia Zniczy Józef Szklarski;501463618;;
Z-CENTER;(77)4429180;;
Z-CENTER;(77)4429181;;
Z.P.H. ULMAR Marek Twardowski - producent granulatów, mas parafinowych;(42)7178272;;
Z.P.H.U. ZARTMET Producent Zniczy;504005766;;
Z.P.H.U. ZARTMET Producent Zniczy;501567361;;
Z.P.U.H. Żerotronik;(41)3577421;;
Z.P.U.H. Żerotronik;(41)3574189;;
Z.W. RAFEX;(33)8147960;;
Zakład Elektromechaniczny;(41)3453831;;
Zakład Produkcji Zniczy Barbara Makuch;(48)6763214;;
Zakład Produkcji Zniczy Barbara Makuch;511023819;;
Zakład Produkcyjno-Handlowy Tadeusz Stępniewski;(067)2831580;;
Zakład Ślusarski TOM-LECH Sp.j. Leszek Wegnerowski, Tomasz Góralski;(52)3547700;;
Zapach Twojego Domu;660588098;;
ZAWADZKI-ZNICZE;799128345;;
ZNICZ POLSKI Wytwórnia Zniczy Andrzej Abramowski;(25)7576150;;
ZNICZ POLSKI Wytwórnia Zniczy Andrzej Abramowski;(25)7576582;;
Znicz-Mar;(94)3733200;;
ZNICZ-POL PPHU M. Matfiejczuk;(81)5664558;;
ZNICZ-POL PPHU M. Matfiejczuk;505014959;;
Znicze K.M.C. Produkcja, Handel, Usługi;(52)3278474;;
Znicze Michał Garczyński;(71)3017710;;
Znicze Michał Garczyński;509696187;;
Znicze, Świece Marcin Sosnowski;(87)5204059;;
Znicze, Świece Marcin Sosnowski;(87)5239944;;
ZNICZEK;(15)8643226;;
ZNICZLAND;504106702;;
ZNICZLAND;504106508;;
Zniczmax;(41)2749704;;
ZNICZPLAST Grzegorz Dziekan;(013)4219423;;
ZNICZPLAST Grzegorz Dziekan;(13)4440550;;
ZPH ELEKTRA-LIGHT Sp.j.;(95)7231410;;
ZPH ELEKTRA-LIGHT Sp.j.;(95)7231310;;
ZPH OL-MAR Jóźwiak Wojciech;(95)7515624;;
ZPH OL-MAR Jóźwiak Wojciech;502027652;;
ZPH ZNICZ S.c. Barbara & Grzegorz Loch;(32)6141171;;
ZPH ZNICZ S.c. Barbara & Grzegorz Loch;(32)6141172;;
ZPHU Majątek Nowiccy;792003623;;
ALMAR Aneta Cywińska;790709631;;
ALMAR Aneta Cywińska;790709632;;
Aromalux;501509969;;
ARTINITY Anna Augustyn-Kubaty;533330325;;
BOCHEMIA Karolina Urbańska;514062873;;
BOTANICA;519857318;;
Bracia Dąbrowscy - Salon Firmowy Artykułów Sakralnych;(22)3552965;;
Center Plant Zbigniew Chruściński;(84)6274922;;
Center Plant Zbigniew Chruściński;668023451;;
CORTINA Sp.j.;(32)2513477;;
CORTINA Sp.j.;(32)2503014;;
CoZaZapach.pl Pachnący Sklep Internetowy;881066099;;
Dom Pogrzebowy GÓJSCY S.c.;(22)8109480;;
edekoracje.pl Aneta Pilch;600172955;;
EKOGRAF;(91)4222400;;
ELTE Sp. z o.o.;(91)3124191;;
ELTE Sp. z o.o.;(91)3124198;;
F.H. KROLEX Krystyna Kozak;(12)2728300;;
FHU Prometeusz;(016)6784130;;
FHU Prometeusz;600795328;;
Firma Handlowa RO Sp.j.;(12)6563852;;
FIRMA POPIEL Paweł Łukasz Popiel;603190513;;
Florystyka Pogrzebowa - Kwiaty Mazowsze;532782490;;
Florystyka Pogrzebowa - Kwiaty Mazowsze;606964048;;
FLOS Hurtownia Zniczy i Kwiatów Sztucznych;696423666;;
FLOS Hurtownia Zniczy i Kwiatów Sztucznych;698350510;;
FOLIOS PAK Iwona i Paweł Szóstak;(61)8132200;;
FOLIOS PAK Iwona i Paweł Szóstak;(61)8136379;;
GALPROD Ryszard Zumer;(12)6336915;;
GALPROD Ryszard Zumer;730100856;;
GAW-PLAST;(32)2750575;;
GAW-PLAST;508153987;;
Goliat Janusz Polaszek Sp. z o.o.;(67)2150081;;
Goliat Janusz Polaszek Sp. z o.o.;(67)2150908;;
HORTENS;889230130;;
HORTENS;(52)3517088;;
Hurtownia Ania Sp.j. Anna Kowalska i Maria Wydra;(41)3728905;;
Hurtownia Ania Sp.j. Anna Kowalska i Maria Wydra;(41)3723548;;
Hurtownia Florystyczna MARITIMA;(14)6330977;;
Hurtownia Florystyczna MARITIMA;603948639;;
Hurtownia KAJA;(22)6788571;;
Hurtownia KAJA;501164722;;
Hurtownia Kwiatów i Zniczy Adamczyk S.c.;(95)7589090;;
Hurtownia Kwiatów i Zniczy Adamczyk S.c.;508133395-96;;
Hurtownia Opakowań WEGRO;(95)7321821;;
Hurtownia Opakowań WEGRO;605720897;;
Hurtownia Sztucznych Choinek i Ozdób Świątecznych COSTA;(71)3303030;;
Hurtownia Sztucznych Choinek i Ozdób Świątecznych COSTA;510303030;;
Hurtownia Wielobranżowa OLEK;(29)7430091;;
Hurtownia Wielobranżowa OLEK;503016499;;
Impresja Agata Sosnowska;507437764;;
Inter Trade Office ITO Jacek Chrzanowski;(12)2858661;;
Inter Trade Office ITO Jacek Chrzanowski;501318518;;
JEREMI PHU;(22)6740931;;
JEREMI PHU;606687840;;
KAMAPOL Kamil Kuczyński;517717998;;
Katowickie Cmentarze Komunalne;(32)2517055;;
Katowickie Cmentarze Komunalne;(32)2551551;;
KMK Krystyna Mączyńska;(61)8125073;;
Kraina Świec i Mydełek;(22)6712601;;
Księgarnia św. Jakuba;795563669;;
Kwiaciarnia Adaś;(65)5117063;;
Kwiaciarnia Adaś;693998342;;
Kwiaciarnia GRYSIK;(76)8460637;;
Kwiaciarnia GRYSIK;605667268;;
Kwiaciarnia Viktoria;504389755;;
LAM-PAL Krzysztof Włodkowski;600505899;;
LOLABAY sklep z bielizną, kosmetykami;510670353;;
LOLABAY sklep z bielizną, kosmetykami;(22)5634589;;
LOTMAX Hurtownia Wielobranżowa;(56)4718484;;
Matchem 2000 Sp. z o.o.;(12)2763537;;
MiM Jakub Moskwa;531510066;;
MPT-PIK Sp.j.;(61)4367744;;
MPT-PIK Sp.j.;(61)4366350;;
ONEBLANK;(32)7976993;;
ONEBLANK;604506525;;
P.H.U. Jareks;(58)6865551;;
P.H.U. Jareks;(58)6868795;;
P.H.U.P. Hazet S.c.;(42)2141667;;
P.H.U.P. Hazet S.c.;509331303;;
P.P.H.U. EL-JOT;(42)7169252;;
P.P.H.U. EL-JOT;602244678;;
P.P.H.U. Expollena Marian Zuziak;(22)7752528;;
P.P.H.U. LIMBA Mariola Zelent;502557567;;
P.P.H.U. LIMBA Mariola Zelent;(74)8685012;;
Panda;(56)6694426;;
Panda;502236636;;
PHU ZEWJA Zbigniew Rudnicki;512221197;;
PHU ZEWJA Zbigniew Rudnicki;(22)4357251;;
Podlaska Instytucja Gospodarki Budżetowej Bielik;(86)2153595;;
Podlaska Instytucja Gospodarki Budżetowej Bielik;(86)2163149;;
PPH POŻARLIK;(34)3658461;;
PPH POŻARLIK;502355922;;
PPHU Collino, Serwetki, Stelaże, Opakowania;(22)6126612;;
PPHU HURTOWNIA DEMEX 2;(77)4544978;;
PPHU HURTOWNIA DEMEX 2;(77)4230041;;
PPUH ZOSTAŃ mgr inż. Stanisław Jasłowski;(13)4324456;;
PPUH ZOSTAŃ mgr inż. Stanisław Jasłowski;(13)4369261-62;;
PRO-EKO;(61)8116554;;
PRO-EKO;504045593;;
Przedsiębiorstwo Produkcyjno Handlowo Usługowe PAKARD;(22)7871289;;
Przedsiębiorstwo SAS Sp.j.;(85)7437950;;
Przedsiębiorstwo Wielobranżowe AS-ZNICZ;509037356;;
Przedsiębiorstwo Wielobranżowe AS-ZNICZ;721986841;;
Przedsiębiorstwo Wielobranżowe JUNIOR;(62)7228558;;
Przedsiębiorstwo Wielobranżowe MIRKO Mirosław Kosztyła DEKORACJESTOLU.PL;601597054;;
Pszczółka - Ubranka i Dodatki do Chrztu;531117111;;
Pszczółka - Ubranka i Dodatki do Chrztu;(22)4048129;;
R.M. Warbet Sp.j.;(68)3876235;;
R.M. Warbet Sp.j.;(68)3883515;;
RAVI® Sp. z o.o.;(14)6818283;;
RAVI® Sp. z o.o.;(14)6807908;;
ROJEK-DECOR S.A.;(32)4295000;;
SAMUEL Barbara i Ryszard Blajer;(32)2490082;;
SAMUEL Barbara i Ryszard Blajer;601437387;;
SANTA MAROZZA S.c.;795500795;;
Specjalistyczne Gospodarstwo Ogrodnicze Marek Dzida;(32)2107441;;
Specjalistyczne Gospodarstwo Ogrodnicze Marek Dzida;(32)4490113;;
TOPMETAL Ewelina Cebula, Mirosław Cebula S.c.;509241588;;
TOPMETAL Ewelina Cebula, Mirosław Cebula S.c.;502065871;;
Twój Zakątek;533835733;;
