F.H.U. MOTO DAKAR;501658677;;
F.H.U. MOTO DAKAR;601392092;;
Coframa Sp. z o.o.;(61)8770506;;
Coframa Sp. z o.o.;(61)2506476;;
KLASABIZNES.COM;(41)3622730;;
KLASABIZNES.COM;500050905;;
LEWOR Sp.j. Renata i Wojciech Wałoszek;(42)2132439;;
LEWOR Sp.j. Renata i Wojciech Wałoszek;(42)2122385;;
LIM-BENZ Z.Daniel i E.Twaróg Sp.j.;(18)3377033;;
LIM-BENZ Z.Daniel i E.Twaróg Sp.j.;605047875;;
PUP TIP-TOPOL Sp. z o.o.;(61)8152220;;
PUP TIP-TOPOL Sp. z o.o.;(61)8152222;;
Auto Service Equipment Sp. z o.o.;(95)7298169;;
Auto Service Equipment Sp. z o.o.;(95)7117032;;
AVIP - Kompleksowe Wyposażenie Warsztatów;662019111;;
Baz-Pal Techniczna Obsługa Stacji Paliw Sp.j.;(18)4459837;;
Baz-Pal Techniczna Obsługa Stacji Paliw Sp.j.;(18)4459844;;
ESKAPOL Sp.j.;(22)8465767;;
GUMEX Hurt-Detal;(41)2424214;;
GUMEX Hurt-Detal;602471332;;
JOSAM Polska Sp. z o.o.;(42)6770414;;
JOSAM Polska Sp. z o.o.;(42)6770417;;
JR Consulting;502278435;;
JTMS Sp. z o.o.;502479747;;
PETROSTER Sp.j. Andrzej Koźbiał, Jan Dziura-Bartkiewicz;(12)4252604;;
PETROSTER Sp.j. Andrzej Koźbiał, Jan Dziura-Bartkiewicz;(12)4251983;;
SERWIS PODLASIE Sp. z o.o.;(85)7403085;;
SERWIS PODLASIE Sp. z o.o.;(85)7433148;;
UNIMETAL Sp. z o.o.;(67)2632271-74;;
UNIMETAL Sp. z o.o.;(67)2632637;;
Wyposażenie Warsztatów Samochodowych TECHWAR;(71)7944567;;
Wyposażenie Warsztatów Samochodowych TECHWAR;(71)3017030;;
DiAGPOL Sp. z o.o.;(22)8330615;;
DiAGPOL Sp. z o.o.;(22)8332249;;
Elnaft Sp. z o.o.;(58)3431920;;
Elnaft Sp. z o.o.;608528501;;
ELWICO SERWIS Henryk Wieciński;(22)6624943;;
ELWICO SERWIS Henryk Wieciński;(22)8675525;;
F.H.U. FARYS;(95)7595909;;
F.H.U. FARYS;500591520;;
GRENA S.c.;693050824;;
P.P.H.U. Gabiga;(77)4111707;;
P.P.H.U. Gabiga;(77)4046461-62;;
PCS S.c. Automatyka Stacji Paliw;(22)7585089;;
PCS S.c. Automatyka Stacji Paliw;601155782;;
PPU LIMET;(58)6828931;;
PPU LIMET;601664433;;
ROTOR S.c.;(74)8151025;;
ROTOR S.c.;607403581;;
WSPÓŁPRACA Sp. z o.o.;(81)7461543;;
WSPÓŁPRACA Sp. z o.o.;(81)7461316;;
Wulcar;606264987;;
Wulcar;(56)649-08-90;;
Zakład Urządzeń Pomiarowych HP S.c.;(32)2804366;;
KING TONY Polska Sp.j.;(61)8108807;;
KING TONY Polska Sp.j.;(61)8107878;;
ALRAM S.c.;(68)4535553;;
ALRAM S.c.;693207090;;
DIESEL Centrum-Polska Sp. z o.o.;(22)4251814;;
DIESEL Centrum-Polska Sp. z o.o.;(22)4971800;;
F.B.D. B.Glac, D.Górecki Sp.j.;(32)3427740;;
F.B.D. B.Glac, D.Górecki Sp.j.;606888735;;
Hurtownia Narzędzi INTER-GRAHEN;(58)3201130;;
Hurtownia Narzędzi INTER-GRAHEN;(58)3201131;;
JP TECH;(95)7576651;;
JP TECH;516175267;;
Kärcher Center ERPIX;(17)8552578;;
Kärcher Center ERPIX;(17)8733502;;
Kleen-flo europe Sp. z o.o.;(12)4150171;;
Kleen-flo europe Sp. z o.o.;(12)4150263;;
Kovona Polska Sp. z o.o.;728477180;;
Metalbox Sp. z o.o.;(32)6458380;;
Metalbox Sp. z o.o.;(32)6458365;;
PPHU Fudim-Polmo Sp. z o.o.;(61)8944194;;
PPHU Fudim-Polmo Sp. z o.o.;(61)8944193;;
AS PPH Producent Odwodnień Liniowych;(22)7370522;;
AS PPH Producent Odwodnień Liniowych;(22)7370523;;
EKO-PIL;(58)6917500;;
EKO-PIL;(58)6917542;;
Handel Hurt Usługi Piotr Żuchowski;(58)3443092;;
Handel Hurt Usługi Piotr Żuchowski;602223935;;
MAGNETI MARELLI AFTERMARKET Sp. z o.o.;(32)6036107;;
MAGNETI MARELLI AFTERMARKET Sp. z o.o.;(32)6036108;;
ORLEN OIL Sp. z o.o.;(12)6655500;;
ORLEN OIL Sp. z o.o.;(12)6655501;;
P.H.U. PROGED;(12)4228713;;
P.U.H. NEL-TECH Sp.j.;(18)5475699;;
P.U.H. NEL-TECH Sp.j.;(18)4413185;;
Spółdzielnia TECHNOSZCZOT;(32)2872953;;
Spółdzielnia TECHNOSZCZOT;(32)2871841;;
WALDPOL Mobilne Szczotki Myjące Ryszard Szwed;601720003;;
WALDPOL Mobilne Szczotki Myjące Ryszard Szwed;(91)8808150;;
AMBER STAR;(61)6530794;;
ASKON S.c.;(41)3451552;;
EBMiA.pl - Elementy Budowy Maszyn i Automatyki - sklep firmowy;(87)6443676;;
EBMiA.pl - Elementy Budowy Maszyn i Automatyki - sklep firmowy;(87)6443678;;
Firma Handlowo-Usługowa PNEUMATYK Jerzy Lisowski;512120679;;
GUMTECH.pl;(52)3797823;;
GUMTECH.pl;502167858;;
NURT Jerzy Puchała Sp.j.;(71)3501090;;
NURT Jerzy Puchała Sp.j.;(71)3559865;;
Przedsiębiorstwo Usługowo-Handlowe BIS Sp.j.;(62)7912400;;
Przedsiębiorstwo Usługowo-Handlowe BIS Sp.j.;(62)7912401;;
Przedsiębiorstwo Wielobranżowe KOMPLEKS Sp. z o.o.;(61)8476070;;
Przedsiębiorstwo Wielobranżowe KOMPLEKS Sp. z o.o.;510101183;;
SNA Europe Poland Sp. z o.o. (BAHCO TOOLS);(22)6070510;;
SNA Europe Poland Sp. z o.o. (BAHCO TOOLS);(22)6070521;;
TARNAWA Robert Gorzkowski;(22)7205257;;
Zakład Produkcyjno-Handlowy T.Malejko, G.Chojnacki, W.Półka;(22)7253122;;
TOOLS-TECH profesjonalne narzędzia warsztatowe;(74)6631160;;
TOOLS-TECH profesjonalne narzędzia warsztatowe;605274795;;
24usb.pl S.c.;(58)5008875;;
ACTIA-POLSKA Sp. z o.o.;(22)7263590;;
ACTIA-POLSKA Sp. z o.o.;(22)7263591;;
Almar IT Sp. z o.o. Sp.komandytowa;(32)2938031;;
Almar IT Sp. z o.o. Sp.komandytowa;(32)2938032;;
AN NARZĘDZIA;(22)8343388;;
ANAX Serwis Urządzeń Diagnostycznych;(81)7428800;;
ANAX Serwis Urządzeń Diagnostycznych;662009093;;
Anwa-Tech Sp. z o.o.;(22)7834162;;
Anwa-Tech Sp. z o.o.;(22)7839126;;
ARSYL;501108854;;
ARSYL;(22)7280065;;
ASF;609407470;;
ASF;(42)2809208;;
ATH-Polska Sp. z o.o.;(75)7899329;;
Atima Polska Marcin Stramowski;500775037;;
Atima Polska Marcin Stramowski;500775047;;
Aurex LPG Sp. z o.o.;(22)7203379;;
Aurex LPG Sp. z o.o.;(22)7200952;;
AUTO CZĘŚCI Maciej Dankowski - Sklep Internetowy MAJSTERKOWO;609815915;;
AUTO CZĘŚCI Maciej Dankowski - Sklep Internetowy MAJSTERKOWO;796815915;;
Auto Moto Technika;504171830;;
Auto Tyre Service;(81)5657171;;
AUTO-MAR Marek Knioch;(95)7494786;;
AUTO-MAR Marek Knioch;606243670;;
Auto-Moto Narzędzia S.c.;(61)8472419;;
Auto-Moto Narzędzia S.c.;600820242;;
AUTO-NARZĘDZIA;(18)4419089;;
AUTO-STOMA Patrycjusz Stoma;(81)7427146;;
AUTOEQUIP LAVAGGI POLSKA Sp. z o.o.;(58)5542124;;
AUTOEQUIP LAVAGGI POLSKA Sp. z o.o.;(58)5524628;;
Automex Sp. z o.o.;(58)5220620;;
Automex Sp. z o.o.;(58)3485527;;
Autoryzowany Serwis Urządzeń Diagnostycznych BOSCH;691915730;;
Autoryzowany Serwis Urządzeń Diagnostycznych BOSCH;691915764;;
BERA;509939377;;
best products Sp. z o.o.;(61)8470655;;
best products Sp. z o.o.;(61)8488624;;
BIOTERMINAL;(71)7275000;;
BIOTERMINAL;(71)7275001;;
Bis-Ekol Sp. z o.o.;(54)4137011;;
Bis-Ekol Sp. z o.o.;(54)2311057;;
Biuro WIELGOŁASKI;(22)7791151;;
Biuro WIELGOŁASKI;609473927;;
Blowtherm Polska Sp. z o.o.;(32)3634601;;
Blowtherm Polska Sp. z o.o.;(32)3634806;;
BP Kęty;(033)8109860;;
BUMAT;(95)7250053;;
BUMAT;603778452;;
CARMAX;505727777;;
CARMAX;(71)3529441;;
CARTEC K.Wiśniewski B.Nowak Sp.j.;(32)2520172;;
CARTEC K.Wiśniewski B.Nowak Sp.j.;(32)2030313;;
CARTECHNIK;(12)4115658;;
CARTECHNIK;(12)4129989;;
CEMTECH;(32)2105511;;
CEMTECH;602293086;;
Centrala Zaopatrzenia Technicznego;(32)4543162;;
Centrala Zaopatrzenia Technicznego;(32)7206032;;
COMTEC;(58)6716753;;
COMTEC;607504700;;
Concept-Lift Sp. z o.o.;(91)4333920;;
CORRIMEX Janusz Sałapatek, Stanisław Cwajda Sp.j.;(22)7517896;;
CORRIMEX Janusz Sałapatek, Stanisław Cwajda Sp.j.;(22)7514930;;
Davin;(22)8638686;;
DeKaL Sp. z o.o.;(81)8552873;;
DeKaL Sp. z o.o.;(81)8545082w.31;;
DMPS Sp. z o.o.;(91)8865880;;
DMPS Sp. z o.o.;536920200;;
EHRLE Polska Sp. z o.o.;(91)8145555;;
EHRLE Polska Sp. z o.o.;(91)8145560;;
EKO-CLEAN-CHEMIA Sp. z o.o.;500277007;;
EKO-CLEAN-CHEMIA Sp. z o.o.;(56)4624533;;
EKO-PALIWO S.c.;512485676;;
EKO-PALIWO S.c.;(22)7461949;;
EKOLAB;(33)8107482;;
EKOLAB;601521669;;
EKOSERW Sp.j.;(62)7342488;;
EKOSERW Sp.j.;602197455;;
ELKOPLAST Polska Sp. z o.o.;785592382;;
ELKUR Sp.j. A.Kuryło, K.Kuryło;(16)6216882;;
ELKUR Sp.j. A.Kuryło, K.Kuryło;(16)6242530;;
Emex P.H.U.;660277981;;
eN-TRUCK Piotr Niemiałkowski;(65)5204047;;
EURO-EKOL Automatyczne Myjnie Samochodowe;(042)6749301;;
EURO-EKOL Automatyczne Myjnie Samochodowe;(042)6747600;;
EuroEquiPolska;(052)3468688;;
EuroEquiPolska;508231286;;
EUROGOLD;(56)6572277-78;;
EUROGOLD;601640218;;
EUROPUMP POLSKA Sp. z o.o.;(56)6411666;;
EUROPUMP POLSKA Sp. z o.o.;(56)6411665;;
F.H.U. AGK-PARTNER;600919858;;
F.H.U. AGK-PARTNER;693992201;;
F.H.U. Arko-Gum;(32)2055070;;
F.H.U. Arko-Gum;509993390;;
F.H.U. Auto-Warsztat;501521931;;
F.H.U. Auto-Warsztat;(58)5540020;;
F.H.U. BOGUSZ Rafał Bogusz;(33)4961847;;
F.H.U. BOGUSZ Rafał Bogusz;602615743;;
FHPU Zbiorniki Paliwowe Artur Kmieciński;(68)3672965;;
FHPU Zbiorniki Paliwowe Artur Kmieciński;609031959;;
FHU ALFATECH Piotr Tarasewicz;500594126;;
FHU CLIMA SERVICE I;608024666;;
FHU GOLAT;(22)7623004;;
Firma ADI;536842737;;
Firma Handlowa JULIUSZ KRZYŚKÓW;(61)8768356;;
Firma Handlowa JULIUSZ KRZYŚKÓW;(61)6536329;;
Firma Techniczno-Handlowa Technologia;(63)2622910;;
Firma Techniczno-Handlowa Technologia;(63)2619115;;
FORTIS Technology;(61)8209429;;
FORTIS Technology;(61)8232794;;
Fos-Handel Sp. z o.o.;(42)6830137;;
Fos-Handel Sp. z o.o.;(42)6830746;;
FTS Sp. z o.o.;(59)8482340;;
FTS Sp. z o.o.;(59)8482350;;
FUEL TANK SERVICE S.c. Marcin Pietrucha, Szymon Nowicki;791501630;;
FUEL TANK SERVICE S.c. Marcin Pietrucha, Szymon Nowicki;796055199;;
FUTUR POLAND Wojciech Hydzik;785195203;;
FUTUR POLAND Wojciech Hydzik;(56)4648754;;
GATECH Wyposażanie Warsztatów;(32)4530556;;
GATECH Wyposażanie Warsztatów;(32)4562510;;
Grand Technology Sp. z o.o.;(12)2947006;;
Grand Technology Sp. z o.o.;(12)3783278;;
HAIK Sp. z o.o.;(61)8181647;;
HAIK Sp. z o.o.;(61)8181648;;
Heka Południe;601429000;;
IKOTEC Polska;663348700;;
Inter Parts Sp. z o.o. S.K.A.;(89)5249200;;
Inter Parts Sp. z o.o. S.K.A.;(89)5249297;;
ITALCOM Sp. z o.o.;(32)2043513;;
Jaso Serwis Sp. z o.o.;(22)8816652;;
Jaso Serwis Sp. z o.o.;(22)7504368;;
JASON S.c.;(89)5270807;;
JASON S.c.;603708966;;
JG maszyny wulkanizacyjne;730699524;;
JOMAX;(22)6751438;;
JOMAX;502041967;;
JOTTA;501358553;;
KAREX-POL;(71)7227816;;
KAREX-POL;(71)7227808;;
KART P.P.U.H.;(22)6132406;;
KART P.P.U.H.;(22)8125505;;
KF-MOTO;509232020;;
KF-MOTO;(13)4465175;;
KJD;(22)7833956;;
Kompleksowe Wyposażenie Warsztatów Samochodowych TECHNIKA WARSZTATOWA;(12)4131003;;
Kompleksowe Wyposażenie Warsztatów Samochodowych TECHNIKA WARSZTATOWA;(12)6492800;;
LAUNCH POLSKA Sp. z o.o.;(52)5855510-11;;
LAUNCH POLSKA Sp. z o.o.;(52)5855512;;
LEGA Centrum Obsługi Lakiernictwa;(85)6524240;;
LEGA Centrum Obsługi Lakiernictwa;(85)6514809;;
LIQUIP Polska Sp. z o.o.;(71)7856759;;
LIQUIP Polska Sp. z o.o.;605433724;;
Lukoil Polska Sp. z o.o.;(22)5202680;;
Lukoil Polska Sp. z o.o.;(22)5202681;;
MARTEX-TRADE Jan Olkiewicz;(54)2310769;;
MARTEX-TRADE Jan Olkiewicz;608707090;;
MASZ S.c. Andrzej i Ewa Stępień;602737411;;
MASZ S.c. Andrzej i Ewa Stępień;692416411;;
megaPROGRES;(65)5459696;;
megaPROGRES;502480764;;
MESTROLE POLSKA Sp. z o.o.;(32)4788894;;
MESTROLE POLSKA Sp. z o.o.;(32)4788895;;
METCHEM Kościan Sp. z o.o.;(65)5117791-92;;
METCHEM Kościan Sp. z o.o.;(65)5132122-23;;
MHU Polska Sp. z o.o.;(22)3499491;;
MHU Polska Sp. z o.o.;506914546;;
MIK-PAL;602881360;;
MIK-PAL;602383915;;
MK TOOLS;500154666;;
MK TOOLS;889555933;;
MM ENERGY Sp. z o.o.;(32)7258757;;
MM ENERGY Sp. z o.o.;662082686;;
Moto Diagnostyka;696930696;;
Moto Diagnostyka;530894984;;
MotoTechnik - Hurtownia Więcław-Wiśniewski S.c.;(34)3172994;;
MotoTechnik - Hurtownia Więcław-Wiśniewski S.c.;609550459;;
MTA System;(71)7804866;;
MTA System;885555831;;
Naftoserwis Sp. z o.o.;(22)8711001;;
Naftoserwis Sp. z o.o.;(22)8711002;;
NET-KOM Mariusz Łabęda;(76)8410366;;
NET-KOM Mariusz Łabęda;609764464;;
OKTAN SERVICE;(32)4765167;;
OKTAN SERVICE;(32)4765187;;
OPOMAX wyposażenie serwisów ogumienia;880888840;;
OPOMAX wyposażenie serwisów ogumienia;880716149;;
OPONUS Wrocław Sp. z o.o.;(71)3994141;;
OPONUS Wrocław Sp. z o.o.;(71)3993939;;
OPW FTG POLSKA;(33)8459420;;
OPW FTG POLSKA;604518356;;
P.H. TOP-CAR Sp.j.;(81)8261225;;
P.H. TOP-CAR Sp.j.;(81)8258588;;
P.H.U. EWT;(058)6780521;;
P.H.U. EWT;601622382;;
P.H.U. Fritz Serwis AMD Adam Fritz;603716715;;
P.H.U. Fritz Serwis AMD Adam Fritz;605537574;;
P.H.U. MAKRO;(58)5546171;;
P.H.U. MAKRO;509073761;;
P.H.U. PETROKO SERWIS STACJI PALIW Tomasz Kopyszko;601222429;;
P.H.U. PETROKO SERWIS STACJI PALIW Tomasz Kopyszko;(22)7258847;;
P.H.U. RDJ-TECH;(32)4225866;;
P.H.U. RDJ-TECH;607511504;;
P.H.U. SZCZEPAN Wyposażenie Wulkanizacji i Warsztatów;(81)5657171;;
P.H.U. SZCZEPAN Wyposażenie Wulkanizacji i Warsztatów;519638654;;
P.P. LE-GUM;(95)7170898;;
P.P. LE-GUM;(95)7376159;;
P.P.H. TOKA Sp. z o.o.;(61)8661822;;
P.P.H.U. AUTORAMA;(22)7814325;;
P.P.H.U. AUTORAMA;604277561;;
P.P.H.U. CAR-TAD II Piotr Wyszyński;509700380;;
P.P.H.U. CAR-TAD II Piotr Wyszyński;(42)6590266;;
P.P.H.U. eSJot;(32)2319616;;
P.P.H.U. eSJot;(32)3311070;;
P.P.H.U. MATEO Zdzisław Krawczyk;503008248;;
P.P.H.U. MATEO Zdzisław Krawczyk;(42)7121905;;
P.P.H.U. SPIMAT;(32)2120210;;
P.P.H.U. SPIMAT;(32)7388130;;
P.P.H.U. Tarbud S.c.;(22)6781606;;
P.P.H.U. Tarbud S.c.;(22)6192718;;
Paltech Sp. z o.o.;(67)2663259;;
Paltech Sp. z o.o.;(67)2663704;;
Petro System;606970403;;
Petro System;(32)4944791;;
PETRO-GROUP;519177922;;
PETRO-GROUP;(12)3504528;;
PetroConsulting Sp. z o.o.;(56)4622622;;
PETROLEO Sp. z o.o.;606379440;;
PETROLEO Sp. z o.o.;792379440;;
PETROmax Cezary Łukaszewicz;(52)3494910;;
PETROmax Cezary Łukaszewicz;691014220;;
Petromet;(32)2324607;;
Petromet;694477093;;
PETROMIS Systemy Sterownia Stacji Paliw;(012)6360037;;
PETROMIS Systemy Sterownia Stacji Paliw;602362828;;
PETRONOVA Sp. z o.o.;(62)7375980;;
PETRONOVA Sp. z o.o.;(62)7375981;;
PETROTECHNIKA Przedsiębiorstwo Projektowania i Budowy Stacji Paliw;(81)7486116;;
PETROTECHNIKA Przedsiębiorstwo Projektowania i Budowy Stacji Paliw;501274451;;
PHU HEKA Janusz Tadeusz Staniszewski;(022)4345858;;
PHU HEKA Janusz Tadeusz Staniszewski;601213388;;
PIT Stop Hubert Odejewski;(52)3951079;;
PIT Stop Hubert Odejewski;604548265;;
PODNOŚNIK Firma Mechaniki Ogólnej;663723170;;
PODNOŚNIK Firma Mechaniki Ogólnej;609429328;;
Pol-Germann Tokheim Sp. z o.o.;(58)3432171;;
Pol-Germann Tokheim Sp. z o.o.;(58)3432215;;
POLpetro S.A.;(24)3660370;;
POLpetro S.A.;(24)3660372;;
PPHU HAWPOL;(34)3235695;;
PPHU HAWPOL;(34)3247488;;
PPHU KAMA;603408677;;
PPHU OKTAN Andrzej Wujciów;602811160;;
PPHU OKTAN Andrzej Wujciów;504158111;;
PPHU PROJEKT-TECH;883051932;;
Precyzja-Bit Sp. z o.o.;(52)3259351;;
Precyzja-Bit Sp. z o.o.;(52)3259360;;
Precyzja-Technik Sp. z o.o.;(52)3211564;;
Precyzja-Technik Sp. z o.o.;(52)3211561-62;;
Profi-Tool;(32)2705629;;
Profi-Tool;(32)2319616;;
Progar;609603678;;
Progar;609606378;;
PROMOTOR S.c.;(81)4442388;;
PROMOTOR S.c.;602630736;;
PRONET-COLOR Sp. z o.o.;(58)6250999;;
PRONET-COLOR Sp. z o.o.;(58)6653999;;
Przedsiębiorstwo Instalacyjno-Usługowe ROL-BAZ-PAL Sp.j.;(62)7407378;;
Przedsiębiorstwo Instalacyjno-Usługowe ROL-BAZ-PAL Sp.j.;(62)7478658;;
Przedsiębiorstwo Usługowo-Produkcyjno-Handlowe BOWAL Sp. z o.o.;(32)6110390;;
Przedsiębiorstwo Usługowo-Produkcyjno-Handlowe BOWAL Sp. z o.o.;604125754;;
Przedsiębiorstwo Wyposażenia Stacji Paliw TECH-PAL;(22)7552681;;
Przedsiębiorstwo Wyposażenia Stacji Paliw TECH-PAL;(22)7344210;;
Przedsiębiorstwo Zaopatrzenia Technicznego PRYMAT;(74)8311882;;
Przedsiębiorstwo Zaopatrzenia Technicznego PRYMAT;(74)6614116;;
PUH PETROINSTAL-SERWIS Sp. z o.o.;(17)8572551;;
PUH PETROINSTAL-SERWIS Sp. z o.o.;600464866;;
Raab Karcher Projekt;(22)3317118-22;;
Raab Karcher Projekt;(22)3317123;;
REJKO Myjnie Samochodowe;(22)3578712;;
REJKO Myjnie Samochodowe;(22)3578713;;
REMTECH;606950680;;
REMTECH;(52)3851642;;
Rol-Lam P.W. A.Rolek;(22)7296291;;
Rol-Lam P.W. A.Rolek;(75)7619410;;
RoTec Polska;(32)7806750;;
RoTec Polska;(32)7888282;;
RS AUTO Sp. z o.o.;(41)3131470;;
RS AUTO Sp. z o.o.;600404970;;
S-A-M Sp. z o.o.;(32)4301060-62;;
S-TECH Adam Stolarczyk;501555703;;
S&K SERVICE Sp.j.;(22)6372855;;
S&K SERVICE Sp.j.;(22)6372895;;
Salon Wyposażenia Warsztatowego WOLLERS AUTOMOTIVE;503019025;;
Salon Wyposażenia Warsztatowego WOLLERS AUTOMOTIVE;695912229;;
Serwis Stacji Paliw WAKMAR Waldemar Husar;(85)6536207;;
Serwis Stacji Paliw WAKMAR Waldemar Husar;607915100;;
SerwMatik Stanisław Dudek;(33)4985137;;
SerwMatik Stanisław Dudek;660309079;;
SIGA Siwy Karol, Gagomski Andrzej Sp.j.;(032)3820000;;
SIGA Siwy Karol, Gagomski Andrzej Sp.j.;(032)3820001;;
SIMITEC Sp.j. Sklep Internetowy ROOKS.PL;881930006;;
SIMITEC Sp.j. Sklep Internetowy ROOKS.PL;881930007;;
SKAŁKA F.H.U.;781303665;;
SKAŁKA F.H.U.;601542737;;
Sklep Warsztatowy;(58)5306868;;
Sklep Warsztatowy;609992269;;
SOBACZYŃSKI Sp. z o.o.;(42)6841279;;
SOBACZYŃSKI Sp. z o.o.;502616717;;
SPEC-NAR;512653393;;
Spółdzielnia Pracy Transportu Mleczarskiego Transmlecz;(91)5784105;;
Spółdzielnia Pracy Transportu Mleczarskiego Transmlecz;(91)5783228;;
Stertil-Koni Polska Sp. z o.o.;(61)8341132;;
Stertil-Koni Polska Sp. z o.o.;(61)8341133;;
STI Group Sp. z o.o.;668775140;;
STI Group Sp. z o.o.;797193600;;
ŚWISTOWSKI S.A.;(56)6485452;;
ŚWISTOWSKI S.A.;(56)6485546;;
TAPO Tadeusz Porzucek;(61)8236455;;
TAPO Tadeusz Porzucek;601770628;;
TEAMCAR;(95)7117253;;
TEAMCAR;504274757;;
TECH-AND Technika Warsztatowa;600928141;;
TECHWAR S.c.;(61)8223097;;
TECHWAR S.c.;601566822;;
Tomet Sp. z o.o.;(52)3457098;;
Tomet Sp. z o.o.;(52)3223171;;
TOOLMAR;(77)5561475;;
TOOLMAR;(77)5561474;;
TORMIX;(56)6559522;;
TORMIX;(56)6559879;;
TRUCK-EXPERTS.PL Sp. z o.o.;609271125;;
U-Cont Sp. z o.o.;(12)4217407;;
Uni-Naft S.c.;(52)3711301;;
UNI-TROL Sp. z o.o.;(22)8179421;;
UNI-TROL Sp. z o.o.;(22)8179434;;
V-TECH Dynamometers S.c.;(12)6591692;;
W.S.O.P. Sp. z o.o. Wyposażanie Stacji Obsługi Pojazdów;(32)3324930;;
W.S.O.P. Sp. z o.o. Wyposażanie Stacji Obsługi Pojazdów;(32)3324848;;
WALMAR-PLUS;(61)6525232;;
WERTHER International Polska Sp. z o.o.;(52)5812251;;
WERTHER International Polska Sp. z o.o.;(52)3201555;;
Wielobranżowa Spółka Cywilna QUALITAS Krzysztof Łacny, Piotr Łacny;(32)2108998;;
WIMAD Sp.j.;(71)3466626;;
WIMAD Sp.j.;(71)3249495;;
WTM Waldemar Gawryś;(22)7522563;;
WTM Waldemar Gawryś;600369003;;
Z.I.M. EXPOM S.c.;(84)6617372;;
Z.I.M. EXPOM S.c.;693031068;;
Z.U.H. SOSNOWSKI;(58)7613500;;
Z.U.H. SOSNOWSKI;(58)7613510;;
Z.U.P.H. Jan Zaręba;(61)8122347;;
Z.U.P.H. Jan Zaręba;(61)8118120;;
Zakład Specjalistyczny Ochrony Środowiska EKOSFERA S.c.;(34)3662040;;
Zakład Specjalistyczny Ochrony Środowiska EKOSFERA S.c.;601886555;;
Zakład Usług Mechanicznych REM-SAM;(18)3376018;;
Zakład Usług Mechanicznych REM-SAM;606743326;;
Zakład Usług Specjalistycznych Bartkowiak;(68)3842769;;
Zakład Usług Specjalistycznych Bartkowiak;606853734;;
Zakład Usługowo-Remontowy Stacji Paliw i Baz Magazynowych Zygmunt Olszynka;(32)2125117;;
Zakład Usługowo-Remontowy Stacji Paliw i Baz Magazynowych Zygmunt Olszynka;(32)2125261;;
Zakład Usługowy Tank-Serwis Marzena Kaczmarek;502534147;;
Zakład Usługowy Tank-Serwis Marzena Kaczmarek;(58)5533406;;
ZEAL Polska;(58)7740970;;
ZEAL Polska;(58)7740971;;
4cars;(42)2059720;;
4cars;(42)6803910;;
ADMAR - Myjnie Bezdotykowe;(61)6468227;;
ADMAR - Myjnie Bezdotykowe;502527998;;
Alca Mobil Auto Accessories gmbh;0049336786870;;
ALFAKO Sp. z o.o.;(61)4270119;;
ALFAKO Sp. z o.o.;(61)4270781;;
ANIGER Sp. z o.o.;(62)7385133;;
ANIGER Sp. z o.o.;(62)7385134;;
ARCOM Sp.j. Artur Wilk, Robert Zięba;(14)6960400;;
ARCOM Sp.j. Artur Wilk, Robert Zięba;(14)6960401;;
AUTO BAZAR S.c.;(62)5028075;;
AUTO BAZAR S.c.;(62)7643282;;
Auto Broker Sp. z o.o.;(81)7461371;;
Auto Broker Sp. z o.o.;(81)7466260;;
Auto Complex;(56)6498669;;
Auto Partner SA;(32)3251500;;
Auto Partner SA;(32)3251520;;
AV Dystrybucja Sp. z o.o.;(32)2545642;;
Basic-Soft;501108671-Ostrów;;
Basic-Soft;798652219-Bydgoszcz;;
BHF Poznań;(61)8879233;;
BHF Poznań;(61)8879259;;
BICCO;606707430;;
BILBARO Robert Bil;(95)7471938;;
BiP Sp. z o.o.;(61)6342167;;
BiP Sp. z o.o.;(61)6342166;;
Biuro Inżynierskie HI-TECH Serwis Jacek Zdrodowski;(63)2622921;;
Biuro Inżynierskie HI-TECH Serwis Jacek Zdrodowski;(63)2619116;;
BOLIMAR.COM Auto Części;(22)6133289;;
BOLIMAR.COM Auto Części;(22)8153774;;
BONUS-CZYSTOŚĆ S.c.;(91)5622331;;
BONUS-CZYSTOŚĆ S.c.;509824134;;
BRATECH S.c.;(61)8952574;;
BRATECH S.c.;(61)8952570;;
BS4 Firma Doradczo-Inżynieryjna Sp.j.;(12)2760044;;
C.T.S. Sp. z o.o.;(32)2907851;;
C.T.S. Sp. z o.o.;(32)2917735;;
CAR-LIFT SERVICE Sp. z o.o. Stacja Demontażu Pojazdów nr 75;(62)5914931;;
CAR-LIFT SERVICE Sp. z o.o. Stacja Demontażu Pojazdów nr 75;(62)5914914;;
CDS Mioduszewski;(94)3489000;;
Centrum Techniczne ANEL Artur Waczko;(76)8184682;;
Centrum Techniczne ANEL Artur Waczko;516049399;;
CLASSIC-METAL;167361479Telefoninternetowy;;
CLASSIC-METAL;533335338;;
Condor Tools Sp. z o.o.;(68)3238600;;
Condor Tools Sp. z o.o.;(68)3238699;;
Constans M Marcin Mazurek;(61)8468000;;
Constans M Marcin Mazurek;(61)8468003;;
COTON fabryka maszyn i urządzeń dla przemysłu oponiarskiego;(77)4440640;;
COTON fabryka maszyn i urządzeń dla przemysłu oponiarskiego;604401118;;
DAMIX Sp. z o.o.;(54)2803493;;
DAMIX Sp. z o.o.;(54)2803912;;
Decapol-Rafinex;(77)4639800;;
Decapol-Rafinex;(77)4639801;;
Duopo, Duopo bis;(42)6540588;;
Duopo, Duopo bis;(42)6540494;;
DynoProject;601050562;;
DynoProject;604400134;;
EKO-EXIT P.H.U. Janusz Skulimowski;(83)3541307;;
EKO-EXIT P.H.U. Janusz Skulimowski;500255928;;
EKONSTAL Sp. z o.o.;(54)2654911;;
EKONSTAL Sp. z o.o.;(54)2654912;;
EL-JOT Centrum Zaopatrzenia Technicznego;(68)4535553;;
EL-JOT Centrum Zaopatrzenia Technicznego;(68)4553345;;
EL-TECH Limanowa Piotr Grzegorzek;507069801;;
ELATECH Szczepan Ratajczyk;(22)4233829;;
ELATECH Szczepan Ratajczyk;(22)3539287;;
EMGAZ Sp. z o.o.;(33)8575411;;
EMGAZ Sp. z o.o.;(33)8575371;;
EMKO Narzędzia Hydrauliczne dla Przemysłu;(91)8869310;;
EMKO Narzędzia Hydrauliczne dla Przemysłu;(91)8869676;;
ETK Polonia Sp. z o.o.;(12)4250805;;
ETK Polonia Sp. z o.o.;(12)3571878;;
EURO-BUD;(24)3665160;;
EuroDorex;(29)7425735;;
EuroDorex;606287244;;
EUROPART Polska S.A.;(43)8420900;;
F.H.U. Grandson;(81)4427960;;
F.H.U. Grandson;(81)4427961;;
F.P.H.U. NOWEX;(32)4531696;;
F.P.H.U. NOWEX;502551845;;
FACTOR Place Zabaw;(77)4029070;;
FACTOR Place Zabaw;692245600;;
Fami Polska Sp. z o.o.;(48)3845850;;
FROMAR;(81)4442255;;
FROMAR;(81)4415956;;
Harry S.c.;(17)8540665;;
Harry S.c.;509850102;;
HERUBIN;513510000;;
HERUBIN;(063)2191111;;
HIPAX Sp. z o. o. www.marek-sklep.com.pl;509628273;;
HSP Sp. z o.o.;600009844;;
Inart;665089939;;
Inart;(63)2204682;;
INTER AUTO S.c.;(23)6920317;;
INTER AUTO S.c.;(23)6921360;;
INTER-MAX Dawid Roks;(52)3724026;;
INTER-MAX Dawid Roks;605883923;;
INTER-TEAM Sp. z o.o.;(22)5060601-02;;
INTER-TEAM Sp. z o.o.;(22)7416911;;
Inter-Technik Sp. z o.o.;(24)3656630;;
Inter-Technik Sp. z o.o.;(24)3656631;;
ITALTECNICA Sp. z o.o.;(42)6110101;;
ITALTECNICA Sp. z o.o.;(42)6348929;;
J.B. AUTO;(22)7174900;;
KAISER+KRAFT Sp. z o.o.;(22)6230342-45;;
KAISER+KRAFT Sp. z o.o.;(22)6230299;;
KAS-SYSTEM S.c. Wiesław Bednarek, Adam Iwański;(058)7421489;;
KAS-SYSTEM S.c. Wiesław Bednarek, Adam Iwański;(058)5564089;;
MANUTAN Polska Sp. z o.o.;(22)8743265;;
MANUTAN Polska Sp. z o.o.;(22)8743266;;
Marano Profesjonalne Wyposażenie Warsztatowe;505099089;;
Marano Profesjonalne Wyposażenie Warsztatowe;604208226;;
Mark-Moto;(34)3658037;;
Metalkas Sp. z o.o.;(85)6537365;;
Metalkas Sp. z o.o.;500028449;;
METALL COMPLEX Wyposażenie Sklepów i Magazynów;(61)8670319;;
Mirad Motors S.c. Sklep Internetowy Majsterkownia.pl;(61)6227185;;
Mirad Motors S.c. Sklep Internetowy Majsterkownia.pl;(61)8175170;;
Mochola;502510975;;
Mochola;(89)5430053;;
MODESTO S.c.;(22)7177330;;
MODESTO S.c.;603499466;;
MOTOTEST;(032)7388220;;
MOTOTEST;602803079;;
NovoNord Sp. z o.o.;(58)6226181;;
NovoNord Sp. z o.o.;(58)6622033;;
NTS Sp. z o.o.;(22)7520600;;
NTS Sp. z o.o.;(22)7520592;;
OKIKO.BIA;601408421;;
P.H. Moto-Lak;(71)3556800;;
P.H. Moto-Lak;502342567;;
P.H.U. FILAR Arkadiusz Grzenkowitz;503956961;;
P.H.U. GREGOR;(22)7341800;;
P.H.U. Pol-Tank Henryk Dziatkowiak;(76)8706923;;
P.H.U. Pol-Tank Henryk Dziatkowiak;602721649;;
P.H.U. SPED-ELMAT;(22)6314086;;
P.H.U. SPED-ELMAT;(22)6315497;;
P.P.H.U. Jasny Gwint S.c. Jan i Barbara Harapiuk;(71)3555154;;
P.P.H.U. Jasny Gwint S.c. Jan i Barbara Harapiuk;(71)3593023;;
P.P.U.H. JAGSTOL;(56)6885060;;
P.W. TAKO Sp. z o.o.;(32)3818242;;
P.W. TAKO Sp. z o.o.;(32)3818249;;
P.W. TECHSAM Woch Sp.j.;(81)4430812;;
P.W. TECHSAM Woch Sp.j.;(81)4446373;;
P.W. Tynax;(22)8140086;;
P.W. Tynax;(22)8140070;;
PAP-TOL S.c. J.J.Grochoccy;(85)8682663;;
PAP-TOL S.c. J.J.Grochoccy;506066180;;
PETROBIT Sp. z o.o.;(32)2059550;;
PETROBIT Sp. z o.o.;(32)2059554;;
PETROBOS Sp. z o.o.;882760001;;
PETROBOS Sp. z o.o.;(41)2436007;;
PHUP AUTO-LAKIER Maciej Schulz;(94)3434897;;
PHUP AUTO-LAKIER Maciej Schulz;504270704;;
PPPM JASTEF;(32)4103389;;
PPPM JASTEF;(32)4103047;;
ProLube GmbH Bio-Schmierstoffe Bio Smary Bio Oleje;+4917627900757;;
Przedsiębiorstwo Handlowo-Usługowe ZET Marek Zapiór;(32)2891642;;
Przedsiębiorstwo Handlowo-Usługowe ZET Marek Zapiór;(32)2891644;;
Przedsiębiorstwo Usługowo-Wytwórcze STOLMEX Sp.j.;(58)5623180;;
Przedsiębiorstwo Usługowo-Wytwórcze STOLMEX Sp.j.;(58)5620661;;
Przedsiębiorstwo Wielobranżowe LEXPOL;(32)2146131;;
Przedsiębiorstwo Wielobranżowe LEXPOL;667767358;;
PURET;(22)8933949;;
PURET;728303038;;
PW AUTOS Sp. z o.o. Oddział Sandomierz;(15)8344470;;
Radiotechnika-Auto-Diagnostyka Sp. z o.o.;(71)7938875;;
Radiotechnika-Auto-Diagnostyka Sp. z o.o.;(71)7220430;;
REECO;(54)4270400;;
REGALIT Systemy Magazynowe;(12)2574280;;
REGALIT Systemy Magazynowe;(12)2574281;;
RUMLER Polska;(58)6693200;;
RUMLER Polska;(58)6693209;;
SiegStar;(32)2184404;;
SiegStar;(32)7330333;;
SIMP-Automex Centrum Motoryzacji;(14)6451155;;
SIMP-Automex Centrum Motoryzacji;(14)6450042;;
Skander;795063133;;
Skander;509063133;;
Sklep Internetowy dobram.pl - Akcesoria do Bram i Ramp;(52)3452855w.30;;
Sklep Internetowy dobram.pl - Akcesoria do Bram i Ramp;661606378;;
Sorbent - Firma Handlowa KM;662158365;;
TRAKTUS Sp. z o.o.;692439702;;
TRAKTUS Sp. z o.o.;(81)8652508;;
TRESTON Sp. z o.o.;(22)8629955;;
TRESTON Sp. z o.o.;(22)6326701;;
VARIANT S.A.;(12)6369944;;
VARIANT S.A.;(12)6372678;;
Vuba Zaopatrzenie;(32)6304293;;
WALTER Kompressortechnik Polska Sp. z o.o.;(42)6631270;;
WALTER Kompressortechnik Polska Sp. z o.o.;(42)6631279;;
WEGA S.c.;(22)8638537;;
WEGA S.c.;(22)4256843;;
Wimaro Plus Sp. z o.o.;(61)6529911;;
Wimaro Plus Sp. z o.o.;507507333;;
Zakład Elektroniczny Roman Engler;604952166;;
Zakład Elektroniczny Roman Engler;664476692;;
Zakład Instalacji Sanitarnych oraz Projektowania i Nadzoru;(71)3413537;;
Zakład Instalacji Sanitarnych oraz Projektowania i Nadzoru;601747041;;
Zakład Naprawy Narzędzi Pomiarowych;(85)7304835;;
Zakład Naprawy Narzędzi Pomiarowych;602118116;;
Zakład Produkcji Narzędzi Dźwigowo-Transportowych Piotr Miernik;(041)2530476;;
Zakład Produkcji Narzędzi Dźwigowo-Transportowych Piotr Miernik;600437554;;
Zakład Usług Kooperacyjnych Sp. z o.o.;(62)7372352;;
Zakład Usług Kooperacyjnych Sp. z o.o.;(62)7372588;;
