IPTC Sp. z o.o. Serwery i Centrale Telefoniczne;(22)3355999;;
IPTC Sp. z o.o. Serwery i Centrale Telefoniczne;(22)3355998;;
Zakład Łączności Paweł Kiełbicki;607311298;;
Zakład Łączności Paweł Kiełbicki;(12)2668837;;
Centralcom IT Technology;(12)3793901;;
Centralcom IT Technology;(12)2941931;;
Centrum Teleinformatyki Sp. z o.o.;(22)3144444;;
Centrum Teleinformatyki Sp. z o.o.;(22)3144445;;
ELACO-SERWIS S.c. J.Kokoszyński, M.Gawron, P.Leki, J.Zoń;(33)8113500;;
ELACO-SERWIS S.c. J.Kokoszyński, M.Gawron, P.Leki, J.Zoń;(33)8280740;;
ELCOMTEL S.c.;(74)8494920;;
ELCOMTEL S.c.;(74)8494921;;
MIKROCENT Sp.j.;(17)8600320;;
MIKROCENT Sp.j.;(17)8600321;;
Przedsiębiorstwo Handlowe LUKAS;(61)8515403;;
Przedsiębiorstwo Handlowe LUKAS;(61)8530394;;
Zakład Usług Teletechnicznych Tomasz Żegleń;(32)2554916;;
Zakład Usług Teletechnicznych Tomasz Żegleń;600378047;;
ACODE Zbigniew Kędzia;(42)6304736;;
ACODE Zbigniew Kędzia;(42)6306062;;
APS Buczkowski Hnatowski Sp.j.;(22)8703303;;
APS Buczkowski Hnatowski Sp.j.;(22)6108512;;
ATRA SERWIS S.c.;(22)8523232;;
BTM Usługi Telekomunikacyjne TeleTech;(22)8620010;;
BTM Usługi Telekomunikacyjne TeleTech;(22)8620012;;
CETEKOM S.c. Iwona i Ryszard Karolczyk;(62)5977910;;
CETEKOM S.c. Iwona i Ryszard Karolczyk;(62)7678080;;
COMSONIC Sp.j.;(22)6161616;;
CONTEC IT Sp. z o.o. i Wspólnicy Sp.komandytowa;(22)8356116;;
CONTEC IT Sp. z o.o. i Wspólnicy Sp.komandytowa;(22)8356713;;
FHU TEL-TECH;(91)4883290;;
FHU TEL-TECH;601718756;;
Klubiński Ireneusz Prywatne Systemy Telekomunikacyjne;(32)2382062;;
Klubiński Ireneusz Prywatne Systemy Telekomunikacyjne;(32)3313184;;
MONTEL Bielsko Sp. o. o.;(33)8117753;;
MONTEL Bielsko Sp. o. o.;(33)8124528;;
NETEL Remigiusz Maj;(91)4851000;;
NETEL Remigiusz Maj;(91)4851001;;
Przedsiębiorstwo Usługowe TEWAL Sp. z o.o.;(77)4542583;;
REDUX Jerzy Chmielak;501065296;;
REDUX Jerzy Chmielak;(22)7844433;;
SOTEL P.T.;692240200;;
Telepol S.c.;(32)6092040;;
Telepol S.c.;(32)6092041;;
Teletechniczny Zakład Usługowo-Handlowy;501714528;;
Teletechniczny Zakład Usługowo-Handlowy;(22)6172448;;
TELTRON;505136600;;
A.J.Telecom Sp. z o.o.;(32)2901660-62;;
COMFORTEL Sp. z o.o.;(32)2180280;;
COMFORTEL Sp. z o.o.;(32)2180299;;
Cyfrowe Systemy Telekomunikacyjne Sp. z o.o.;(14)6376620;;
Cyfrowe Systemy Telekomunikacyjne Sp. z o.o.;(14)6376621;;
ELWOZ Sp. z o.o.;(58)6847766;;
ELWOZ Sp. z o.o.;(58)6847767;;
HISTO Robert Strzelecki;(61)6469013;;
HISTO Robert Strzelecki;501484613;;
KONTEL (dawniej Kontel-telecom) Sp. z o.o. Sp.komandytowa;(22)6467676;;
KONTEL (dawniej Kontel-telecom) Sp. z o.o. Sp.komandytowa;(22)6464060;;
MONTEL-BR S.c. Zakład Usługowo-Produkcyjny;(16)6768950;;
MONTEL-BR S.c. Zakład Usługowo-Produkcyjny;(16)6768952;;
Solar Polska Sp. z o.o.;(42)6775850;;
Solar Polska Sp. z o.o.;(42)6775830;;
YOCA;(52)5851911;;
YOCA;(52)3271313;;
Agencja Telekomunikacyjna Centrum Sp. z o.o.;(61)8664008centrala;;
Agencja Telekomunikacyjna Centrum Sp. z o.o.;(61)8659696zarząd;;
CARBEN Teletechnika Arkadiusz Gawlik;602612525;;
CARBEN Teletechnika Arkadiusz Gawlik;(33)8545474;;
DELTA-TELKOM Sp.j. Business Solutions Provider;(32)2787000;;
DELTA-TELKOM Sp.j. Business Solutions Provider;(32)2710538;;
Direct PC - SetUp System;(22)6288282;;
Direct PC - SetUp System;(22)6283026;;
FCA Sp. z o.o.;(12)2949800;;
FCA Sp. z o.o.;(12)2949899;;
Fortuna Communication Sp. z o.o.;(71)3607800;;
Fortuna Communication Sp. z o.o.;(71)3607850;;
ISAD Lech Czajkowski sklep internetowy;(58)6719716;;
ISAD Lech Czajkowski sklep internetowy;601679818;;
PPHU INEL S.c. Sławomir Chruściński, Zdzisław Polak;(44)6476864;;
PPHU INEL S.c. Sławomir Chruściński, Zdzisław Polak;(44)6499711;;
PRINT service;(87)4293530;;
PRINT service;(87)4293531;;
SPRINT S.A.;(89)5221100;;
SPRINT S.A.;(89)5221125;;
System-3 Sp. z o.o.;(76)7464299;;
System-3 Sp. z o.o.;(76)7462680;;
TELCOR Zakład Usług Teletechnicznych;(32)2019208;;
TELCOR Zakład Usług Teletechnicznych;601306720;;
TMC Sp. z o.o.;(58)7126077;;
TMC Sp. z o.o.;(58)7423089;;
Zakład Usług Telekomunikacyjnych Telenet Piotr Ciuba;(68)4772796;;
Zakład Usług Telekomunikacyjnych Telenet Piotr Ciuba;601766877;;
ACENTO;(22)2131090;;
ACENTO;(22)2131088;;
AGA Electronics Sp.j.;(87)6430006;;
AGA Electronics Sp.j.;(87)6432430;;
ALARM-SYSTEM S.c.;(75)7326794;;
ALARM-SYSTEM S.c.;606810548;;
Artel Usługi Informatyczne i Doradztwo Artur Kowalski;666367061;;
BANTEL TELEKOM S.c.;(58)3000200;;
Elektropek S.c.;(85)7480202;;
Er-Tel;(16)6216308;;
ETNA TRADE Sp. z o. o.;668144033;;
ETNA TRADE Sp. z o. o.;503651497;;
Firma Innowacyjno-Wdrożeniowa LUMEN S.c. Wiesław Jędrzejczyk, Zygmunt Wilk;(13)4462081;;
Firma Innowacyjno-Wdrożeniowa LUMEN S.c. Wiesław Jędrzejczyk, Zygmunt Wilk;500083312;;
FONET;(32)4247054;;
FONET;(32)4229908;;
KRUSZ-LAN - PPUH ZIBED S.c.;(52)5222009;;
KRUSZ-LAN - PPUH ZIBED S.c.;(52)5222050serwis;;
MASTERFON Przedsiębiorstwo Produkcyjno-Usługowe;(71)3352285;;
MASTERFON Przedsiębiorstwo Produkcyjno-Usługowe;604441254;;
METEOR Przedsiębiorstwo Wielobranżowe;(71)3601644;;
METEOR Przedsiębiorstwo Wielobranżowe;(71)3601527;;
POORK - Systemy Telekomunikacyjne;(22)6152067;;
POORK - Systemy Telekomunikacyjne;(22)6155794;;
Przedsiębiorstwo Telekomunikacyjne DERCOM;(22)5469320;;
Przedsiębiorstwo Telekomunikacyjne DERCOM;(22)5469329;;
RafTeleKom Teleinformatyka i Systemy Zabezpieczeń;600940389;;
TECH-System;(68)4521320;;
TECH-System;(68)4521321;;
TELE-INFO;(58)6673521;;
TELE-INFO;(58)6673533;;
TELUS Jacek Lorenc;(68)3242424;;
TELUS Jacek Lorenc;(68)3240477;;
TomiNET Barbara Jędrasik;(91)3847623;;
TomiNET Barbara Jędrasik;(91)3847622;;
TYTAN Systemy Bezpieczeństwa Sp. z o.o.;692461277;;
TYTAN Systemy Bezpieczeństwa Sp. z o.o.;604773622;;
Przedsiębiorstwo Wielobranżowe MULTIKO;(74)8533878;;
Przedsiębiorstwo Wielobranżowe MULTIKO;603214921;;
ZUT TEL-RAF;(71)3399040;;
ZUT TEL-RAF;(71)3399042;;
Debesis Sp. z o.o.;(22)6999909;;
Neter;(12)4446255;;
Neter;501411441;;
4IP Sp. z o.o.;(58)5858000;;
4IP Sp. z o.o.;(58)7329109;;
AATELCO Sp. z o.o.;(81)7402204;;
AATELCO Sp. z o.o.;513817057;;
ABC-TEL;602153879;;
ACNET Sp. z o.o.;(22)8638119;;
ACNET Sp. z o.o.;(22)8638185;;
ADESCOM Polska Sp. z o.o.;(32)2015880;;
ADESCOM Polska Sp. z o.o.;(32)2015889;;
AGMAR S.A.;(17)7885724;;
AGMAR S.A.;(17)7885713;;
AKME Krzysztof Rolnicki;(12)4110345;;
AKME Krzysztof Rolnicki;(12)4134250;;
Alcatel-Lucent Polska Sp. z o.o.;(22)5155000;;
Alcatel-Lucent Polska Sp. z o.o.;(22)5155010;;
ALTARIA SOLUTIONS Sp. z o.o.;(22)6302160-62;;
ALTARIA SOLUTIONS Sp. z o.o.;(22)6302163;;
ALTENER DORKON Michał Zieliński;(42)6739081;;
ARMTEL;(77)5507070;;
ARMTEL;606160529;;
ARS Serwis Sp. z o.o.;(22)6220042;;
ARS Serwis Sp. z o.o.;(22)6220040;;
ARSTEL S.A.;(58)5065858;;
ARSTEL S.A.;(58)5065454;;
Artim;(71)7889098-99;;
Artim;(71)7889095;;
ASER Systemy Teleinformatyczne;601590730;;
ASER Systemy Teleinformatyczne;500409090;;
ASTEL;(89)5275265;;
ASTEL;500232503;;
ATELKO Andrzej Konca;501144501;;
ATELKO Andrzej Konca;(91)3508234;;
Axium S.c.;(22)4909600;;
Axium S.c.;(22)5401522;;
BCT Sp. z o.o. Hurtownia Sprzętu Telekomunikacyjnego;(52)3410101;;
BELPOL;(22)6700658;;
BELPOL;(22)8180865;;
BIUROSYSTEL Issel Sp.j.;(71)3716600;;
BIUROSYSTEL Issel Sp.j.;(71)3716690;;
BiuroSYSTEM;(52)5821462;;
BiuroSYSTEM;(52)5821463;;
BLOWER;(12)2602120;;
BLOWER;(12)6562623;;
Business Telecom Poland;(22)3940439;;
Business Telecom Poland;(22)2010705;;
CBT POZNAŃ;791551823;;
CBT POZNAŃ;791551822;;
CEKOTEL Sp. z o.o.;(22)2050131;;
CEKOTEL Sp. z o.o.;(22)2050139;;
Centrum Hokiwa;(22)2072572;;
Centrum Hokiwa;(22)2072578;;
CEZARtel;(22)7626291;;
COMONET Sp. z o.o.;(58)5533547;;
COMONET Sp. z o.o.;(58)5533990;;
COMPTEST S.c.;(61)8668849;;
COMPTEST S.c.;539660189;;
COMPUS;606117389;;
COMPUS;(71)7220212;;
Comtel Import-Eksport;(22)6181398;;
Comtel Import-Eksport;(22)6181286;;
CTI Telekom Sp. z o.o.;(22)3988900;;
CTI Telekom Sp. z o.o.;(22)8225698;;
DANMIX;(91)4620413;;
DANMIX;(91)8812942;;
DAWPOL Dawid Sadlok;510119948;;
DG-Telecom S.c.;(22)4659755;;
DG-Telecom S.c.;(22)3790237;;
DGT Sp. z o.o.;(58)6820700;;
DGT Sp. z o.o.;(58)6832925;;
DIAL;(022)6242372;;
DIAL;(022)6540001;;
Dialtech Sp. z o.o.;(61)8209900;;
Dialtech Sp. z o.o.;(61)8209901;;
DiGiTECH Sp. z o.o.;(061)8650010;;
DiGiTECH Sp. z o.o.;(061)8661257;;
Digitran;600905457;;
Digitran;696546464;;
Ditel.pl;(22)5196300;;
Ditel.pl;(22)5196404;;
DK SERWIS S.c.;(22)6773030;;
DK SERWIS S.c.;(22)6773031;;
e-TELECOM Systemy Telekomuniakcji i Wyposażenia Biura;(22)2502548;;
e-TELECOM Systemy Telekomuniakcji i Wyposażenia Biura;(22)2502549;;
EASYCALL.PL S.A.;(22)4275050;;
ELEKTRONIX;(22)6363674-75;;
ELEKTROPEK Centrale Telefoniczne, Alarmy, Kamery, Sieci Komputerowe;(85)7480202;;
ELTEL;(32)2517691;;
ELTEL;(32)2517581;;
EMAR Electronics;(22)8465531;;
EMAR Electronics;(22)2050802;;
EVAN;603122355;;
F.H.U. E&J;667945045;;
F.H.U. ULTRAPHON;(14)6271100;;
F.H.U. ULTRAPHON;(14)6271102;;
FAXIM;(22)6547660;;
FIDEX;(33)8295050;;
FIDEX;(33)8295051;;
Firma Handlowa MIRAND S.c.;(32)2054025;;
Firma Handlowo-Usługowa ORION Intertelecom Jerzy Brzostek;504170050;;
Firma Handlowo-Usługowa ORION Intertelecom Jerzy Brzostek;(74)6460000;;
Firma NETEK-SERWIS;(12)3764993;;
Firma NETEK-SERWIS;792920000;;
Firma Prywatna IWONA Iwona Kawlewska;601657845;;
Garets Sp. z o.o.;(22)8156261;;
Garets Sp. z o.o.;(22)6131020;;
GAWREX;(29)7602121;;
GAWREX;603935636;;
HENTEL Henryk Zajma;(71)3232323;;
HENTEL Henryk Zajma;885858585;;
HOSTNET Sp. z o.o.;(22)2138730;;
Hostnet Sp. z o.o. e-Faks;(22)2138730;;
Hostnet Sp. z o.o. e-Faks;(22)2138731;;
INSDAR;(22)6721100;;
INSDAR;(22)2660343;;
INSTALL-SERWIS Jacek Stefaniak;(48)3609666;;
Intelix Sp. z o.o.;(32)2014544;;
Intelix Sp. z o.o.;(32)2058198;;
Interactive Tiger Jacolik Jacek;501572241;;
Interprotel Sp. z o.o.;(48)3642729;;
Interprotel Sp. z o.o.;(48)3607120;;
IP Polska Sp. z o.o.;(42)2960142;;
IP Polska Sp. z o.o.;(42)6136331;;
ItGlob Paweł Podolski;(042)2302007;;
ItGlob Paweł Podolski;(042)2302009;;
KALTRONIK;(94)3125954;;
KALTRONIK;501627666;;
Kellner Integral Komunikacja Sp. z o.o.;(71)7967320;;
Kellner Integral Komunikacja Sp. z o.o.;(71)7967321;;
KOIKO;(95)7325105;;
Kompan S.c.;603096675;;
Kompan S.c.;601203929;;
KonSysTel Jarosław Piszkiewicz;(22)6510336;;
KonSysTel Jarosław Piszkiewicz;(22)6510576;;
MAGTEL Sp. z o.o.;(22)8460252;;
Master-Telekom;(22)8127171;;
MaxCom S.A.;(32)3277089;;
MaxCom S.A.;(32)3277860;;
Medas Sp. z o.o.;(32)2011646;;
Medas Sp. z o.o.;(32)6080700;;
MULTICOM;(61)8339511;;
MULTICOM;(61)8339527;;
MULTIKOMUNIKACJA;501030543;;
NATJUR Natalia Wielęgowska;(71)3260585;;
NATJUR Natalia Wielęgowska;605741662;;
NAWRATRONIK Eugeniusz Stopa;(33)8124658;;
NAWRATRONIK Eugeniusz Stopa;(33)8191365;;
NETCOMERS Krzysztof Odrakiewicz;(74)6669094;;
NETCOMERS Krzysztof Odrakiewicz;(74)6669064;;
Netinvest;(62)7317506;;
Netinvest;(62)7316411;;
NOMAD;(58)6609999;;
NOMAD;(58)6609998;;
NOVATEL Sp. z o.o.;(032)2011704;;
NOVATEL Sp. z o.o.;(032)2011511;;
P.H.U. ElektroTEL;(17)8534445;;
P.H.U. ElektroTEL;886006340;;
P.H.U. NemoTECH;(32)7771074;;
P.H.U. NemoTECH;(32)7771477;;
P.H.U. Teleinformatyka;(58)3334283;;
P.H.U. Teleinformatyka;(58)7270113;;
P.W. MAXTEL;(32)2191367;;
P.W. MAXTEL;(32)7803000;;
P.W. Tel-Tar;(32)2843705;;
P.W. Tel-Tar;501579639;;
P.W. V1V;(82)5622401;;
P.W. V1V;(82)5622404;;
PBX NETWORK SERWIS Marek Frelik;(22)7931109;;
PBX NETWORK SERWIS Marek Frelik;602107889;;
PDS Service T.Hassa, M.Sinkowski;(22)8519599;;
PDS Service T.Hassa, M.Sinkowski;(22)8403302;;
Peritus;(52)3254630-31;;
Peritus;(52)3254635-36;;
PHU Jung-Tel;602301017;;
PHU RONMARK Sp.j.;(42)6377314;;
PHU RONMARK Sp.j.;(42)6377318;;
PLATAN Sp. z o.o. Sp.komandytowa;(58)5558800;;
PLATAN Sp. z o.o. Sp.komandytowa;(58)5558801;;
POLSONIC;(61)8270700;;
POLSONIC;(61)8270720;;
PPHU ELMATECH;(12)2942835;;
PPHU ELMATECH;(12)2942842;;
PPHU Etheral Paweł Dolecki;(74)8367379;;
PPHU Etheral Paweł Dolecki;609802128;;
PPHU VoIP Partners;(34)3724436;;
PPHU VoIP Partners;(34)3657037;;
PROBUS S.c. Tomasz Sawka, Karina Kotwinska;(71)7345631;;
PROBUS S.c. Tomasz Sawka, Karina Kotwinska;(71)7345633;;
PROFAX;(12)6314090;;
PROFAX;(12)6343030;;
Przedsiębiorstwo GAWINEX Sp. z o.o.;(32)4227641;;
Przedsiębiorstwo GAWINEX Sp. z o.o.;(32)4221439;;
Przedsiębiorstwo Handlowe ELMAT Sp. z o.o. Oddział Katowice;(32)2597148;;
Przedsiębiorstwo Handlowe ELMAT Sp. z o.o. Oddział Katowice;(32)3504200;;
Przedsiębiorstwo Specjalistyczne OPTIMAL-SERVICE;(32)6099620;;
Przedsiębiorstwo Specjalistyczne OPTIMAL-SERVICE;(32)6099621;;
Przedsiębiorstwo Telekomunikacyjne ATEL;(94)3422525;;
Przedsiębiorstwo Telekomunikacyjne ATEL;(94)3460252;;
Przedsiębiorstwo Telekomunikacyjne MAZ-COM;(12)2830381;;
Przedsiębiorstwo Telekomunikacyjne MAZ-COM;(12)2830382;;
Przedsiębiorstwo Wielobranżowe R-R Sp. z o.o.;(52)3705858;;
Przedsiębiorstwo Wielobranżowe R-R Sp. z o.o.;(52)3705859;;
Przedsiębiorstwo Wieobranżowe V2V;604450162;;
PZT-INWESTEL S.A.;(22)3276200;;
PZT-INWESTEL S.A.;(22)3276237;;
QUASAR FPU;(17)8625700;;
QUASAR FPU;606282719;;
REJ Travel;(61)8306028;;
REJ Travel;(61)6241222;;
RTM PULS;(052)3212705;;
RTM PULS;(052)3219476;;
SECURCOM;607455755;;
SLICAN Sp. z o.o.;(52)3251111;;
SLICAN Sp. z o.o.;(52)3251112;;
SŁAWTEL;605136392;;
SŁAWTEL;694666265;;
SOTERIS.PL;(32)2212012;;
SOTERIS.PL;(32)7263519;;
SYNTELL S.A.;(61)6489000;;
SYSTEL;(44)7389898;;
SYSTEL;(44)7242020;;
SysTell Sp. z o.o.;(61)8975547;;
SysTell Sp. z o.o.;(61)8975548;;
T&T Tomasz Popiński;(22)4659669;;
T&T Tomasz Popiński;501133889;;
TACOM Andrzej Tacikowski;(22)6627305;;
TACOM Andrzej Tacikowski;(22)6621248;;
Tako-Tel Sp. z o.o.;(22)6789252;;
TARKIN;(71)7230253;;
TARKIN;669100606;;
TECHCOM ELECTRONICS;(41)3682290;;
TECHCOM ELECTRONICS;(41)3682291;;
Tel-Serwis;(17)2502626;;
Tel-Serwis;(17)2502627;;
Tel-Tech S.c. Andrzej Szymański, Adam Pietrzak;(52)3452727;;
Tel-Tech S.c. Andrzej Szymański, Adam Pietrzak;(52)3453233;;
TELDATA Krzysztof Grabowski Sp.j.;(22)8772999;;
TELDATA Krzysztof Grabowski Sp.j.;(22)8772979;;
tele link;(91)4323700;;
tele link;(91)4323707;;
TELE-HIT;(14)6278166;;
TELE-HIT;799230140;;
TELE-NET;(32)6069744;;
TELE-NET;502625623;;
TELE-PLUS;(82)5640060;;
TELE-WAL Telekom Logistyka;(56)6573516;;
TELE-WAL Telekom Logistyka;508223637;;
Telecom Kubera i Pawłowski Sp.j.;(22)5190390;;
Telecom Kubera i Pawłowski Sp.j.;(22)5190391;;
TELEFONICA S.c. Bogdan Dzięgiel, Marek Sikora, Dorota Sikora;(12)4127263;;
TELEINTER Marcin Nowak Systemy Telekomunikacyjne;(032)2440909;;
TELEINTER Marcin Nowak Systemy Telekomunikacyjne;605671929;;
TELEKOM Leszek Lisicki;(058)3000411;;
TELEKOM Leszek Lisicki;(058)3000412;;
TELEKOM Tadeusz Miąsko;(12)6500190;;
TELEKOMFORT DOMIN Sp.j.;(32)2327600;;
TELEKOMFORT DOMIN Sp.j.;(32)2327603;;
TELEMECHANIKA Krzysztof Soboń;603164140;;
TELEPOLAND STOŻEK Sp.j.;(18)5417201;;
TELEPOLAND STOŻEK Sp.j.;(18)5417200;;
TELESIS Przedsiębiorstwo Telekomunikacyjne Sp. z o.o.;(22)7760630;;
TELESIS Przedsiębiorstwo Telekomunikacyjne Sp. z o.o.;(22)7760632;;
TELETECHNIKA Tadeusz Lewandowicz;(61)8768383;;
TELETECHNIKA Tadeusz Lewandowicz;603652071;;
TELETRONIC Sp. z o.o.;(12)4130008;;
TELETRONIC Sp. z o.o.;(12)4135840;;
TELETRONIK Zakład Teleelektroniczny;(94)3415555;;
TELETRONIK Zakład Teleelektroniczny;603748602;;
TELKOM TELOS S.A.;(12)6339666;;
TELKOM TELOS S.A.;(12)6331426;;
TELKOMP - Centrale Telefoniczne - Komputery - Naprawa - Sprzedaż - Opole;(77)4546114;;
TELKOMP - Centrale Telefoniczne - Komputery - Naprawa - Sprzedaż - Opole;(77)5430120;;
TELKOMP Sp. z o.o.;(23)6976949;;
TELKOMP Sp. z o.o.;(23)6976949w.114;;
Tellres;(17)8642266;;
Tellres;(17)8600266;;
TELMAR Przemysław Markowicz;509931767;;
Telnix Radosław Kopeć;668636011;;
TELSA Usługi Elektryczne i Telekomunikacyjne;(22)8714400;;
TELSA Usługi Elektryczne i Telekomunikacyjne;(22)8714344;;
TELSAN.pl;604578080;;
TELSAT;(46)8558984;;
TELSAT;(46)8559690;;
TELSIL Przedsiębiorstwo Telekomunikacyjne;(32)2760700;;
TELSIL Przedsiębiorstwo Telekomunikacyjne;(32)2715067;;
TELTRADE Artur Olszewski;(91)4281152;;
TELVIS Przedsiębiorstwo Usługowo-Produkcyjne Sp. z o.o.;(32)2030828;;
TELZAM S.c. Grzegorz Machoń, Grzegorz Zapała;(32)2855324;;
TELZAM S.c. Grzegorz Machoń, Grzegorz Zapała;508192507;;
TENET;(91)3116995;;
TENET;504119286;;
ToNet Tomasz Pawałowski;(61)2507001;;
ToNet Tomasz Pawałowski;(61)6663777;;
TRANZ-TEL Sp. z o.o.;(32)2188659;;
TRANZ-TEL Sp. z o.o.;(32)2188639;;
TRX S.c.;(085)6628811;;
TRX S.c.;(085)6628812;;
TTiTC Sp. z o.o.;(58)7425635;;
TTiTC Sp. z o.o.;790402714;;
UMIK servis telecomunication Wiesław Smoła;(84)6881888;;
UMIK servis telecomunication Wiesław Smoła;604121403;;
Unicomp-Wza Sp. z o.o.;(022)8533707;;
Unicomp-Wza Sp. z o.o.;(022)8533708;;
UNITEL Sp. z o.o.;(12)4150620;;
UNITEL Sp. z o.o.;(12)4167424;;
Usługowy Zakład Teleelektroniczny AB-Tel. inż. Andrzej Bieliński;(94)3458355;;
Usługowy Zakład Teleelektroniczny AB-Tel. inż. Andrzej Bieliński;(94)3466830;;
Verbicom S.A.;(61)8648240;;
Verbicom S.A.;(61)8648248;;
Virgo Sp. z o.o.;(62)7538800;;
Virgo Sp. z o.o.;(62)5977597;;
VoIP Gliwice;(32)7506509;;
VoIP Gliwice;888428111;;
VoIP News;(22)1233333;;
VOIPOINT Sp. z o.o. Sp.komandytowa;(71)7165225;;
VOIPOINT Sp. z o.o. Sp.komandytowa;(71)7165234;;
Z.U.T. WEDROTEL;(91)4691718;;
Zakład Teletechniczny ALTEL;(52)3954630;;
Zakład Teletechniczny ALTEL;692115943;;
Zakład Teletechniczny PROTON;(86)2185178;;
Zakład Usług Teleelektronicznych BAMAC;(52)3219200;;
Zakład Usług Teleelektronicznych BAMAC;(52)3221278;;
Zakład Usług Teletechnicznych REGORT Robert Gorczyca;(15)8192878;;
Zakład Usług Teletechnicznych REGORT Robert Gorczyca;601987581;;
Zakład Usługowo-Handlowy IWA Robert Iwanowski;602468665;;
ZUH TELVID S.c.;(77)4424160;;
ZUH TELVID S.c.;(77)4424162;;
Mar-Tel i Styl Mariusz Kobyliński;608551900;;
2M Concept;501708107;;
A-LAN TECHNOLOGIE;(12)6843000;;
A-LAN TECHNOLOGIE;695024280;;
ABAX TELEKOM;(32)2465987;;
ABC Elektroniki;(75)7522613;;
ABC Elektroniki;(75)7522780;;
Activis Polska Sp. z o.o.;(61)4482200;;
Activis Polska Sp. z o.o.;(61)4482249;;
AKKnet Sp. z o.o.;(32)2866287;;
AKKnet Sp. z o.o.;(32)3958060;;
AKSONET Sp. z o.o.;(61)8620026;;
AKSONET Sp. z o.o.;(61)8620274;;
Al-Tel Systemy;(12)4233397;;
Al-Tel Systemy;(12)6318271;;
ALARMTELSERWIS;502595988;;
ALARMTELSERWIS;512280850;;
Alarmy Elektro-Systemy-Instalacje ELZA;(18)2664610;;
Alarmy Elektro-Systemy-Instalacje ELZA;(18)2649271;;
Alsen Marketing Sp. z o.o. Sklep alsen.pl;0801011354;;
Alsen Marketing Sp. z o.o. Sklep alsen.pl;(32)7705299;;
ANSAT Andrzej Łuczkowski;(61)4422213;;
ANSAT Andrzej Łuczkowski;603949088;;
ARGUS;(56)6587050;;
ARGUS;501390885;;
ARP System Sp. z o.o.;601323366;;
ARP System Sp. z o.o.;507722834;;
art-pi;663787265;;
art-pi;509403733;;
Artist & Security Wiktor Metko;791538419;;
Artotel;(22)8445201;;
ASSET Waldemar Olik Sp.j.;(71)7995050-51;;
ASSET Waldemar Olik Sp.j.;(71)7995060;;
Astix;515404300;;
Autoryzowany Salon Sprzedaży;(22)6261356;;
Autoryzowany Salon Sprzedaży;502787707;;
Bartkiewicz-Świetlik Company Sp.j.;666283770;;
Bartkiewicz-Świetlik Company Sp.j.;666283790;;
BARTON-NET Marek Szymura;(032)4218504;;
BARTON-NET Marek Szymura;506021919;;
BILTON Zakład Usług Elektronicznych;(52)3357852;;
BILTON Zakład Usług Elektronicznych;694080100;;
BIT A.Kutszyński;(22)6100283;;
BIT A.Kutszyński;501164777;;
Biuro Projektów i Realizacji TELBEST;(18)4441111;;
Biuro Projektów i Realizacji TELBEST;500285600;;
Biuro-System;603849466;;
BIURO-TEL S.c.;(12)6564644;;
BON-NET Sp. z o.o.;(61)8352336;;
BON-NET Sp. z o.o.;(61)8352338;;
Braxer S.c.;(32)2152875;;
Braxer S.c.;601859528;;
BS SERWIS - Autoryzowany Serwis Panasonic-Siemens;(52)3493901;;
BS SERWIS - Autoryzowany Serwis Panasonic-Siemens;(52)3764631;;
BULA - instalacje elektryczne, alarmy, domofony;502042421;;
BULA - instalacje elektryczne, alarmy, domofony;508360930;;
CB CAR RADIO;(87)5674610;;
CB CAR RADIO;501505883;;
CelBud;(75)7321476;;
CelBud;607487587;;
CELTRONICS s.c.;(25)6449004;;
CELTRONICS s.c.;602718525;;
Centrum Serwisowo Handlowe WAJPOL Jerzy Caban, Jolanta Caban;(34)3633900;;
Centrum Serwisowo Handlowe WAJPOL Jerzy Caban, Jolanta Caban;798488805;;
COLMARK SERVICE Systemy Teleinformatyczne;601723374;;
COLMARK SERVICE Systemy Teleinformatyczne;609223943;;
COMPAR Andrzej Zieliński;(54)2347228;;
COMPAR Andrzej Zieliński;(54)2346275;;
COMPOL 2 Sp. z o.o.;(61)8610772;;
COMPOL 2 Sp. z o.o.;(61)8619916;;
CST Sp.j.;(18)4444500;;
CST Sp.j.;(18)4444501;;
CYBA SYSTEM Zakład Naprawy Urządzeń Elektronicznych;508102878;;
CYBA SYSTEM Zakład Naprawy Urządzeń Elektronicznych;(84)6965622;;
CYBER;(68)4114177;;
CYBER;(68)4114176;;
Cyfrowe Centrum Serwisowe S.A.;(22)7263800;;
Cyfrowe Centrum Serwisowe S.A.;(22)7263801;;
CYSTEL-MEDIA Marek Moskwa;(46)8324470;;
CYSTEL-MEDIA Marek Moskwa;601365369;;
Dartech;(29)7606617;;
Dartech;511457357;;
DE.sign Dariusz Kaczmarczyk;660330040;;
Delta Computers;(86)4771212;;
Delta Computers;695737061;;
DERBYNET S.c.;(22)2130055;;
DERBYNET S.c.;(22)2130098;;
Despol-NET;655127200;;
Diocom Sp. z o.o.;(33)4989700;;
DOM-TEL;(52)5699114;;
DOM-TEL;(52)3183799;;
Doradca Biznesowy PLAY;790044281;;
Dyskrecja Sp.j. Systemy Zabezpieczeń;(56)6613056;;
Dyskrecja Sp.j. Systemy Zabezpieczeń;(56)6613050;;
ELBICOM;662227375;;
ELCARD TRADE & SERVICE Sp. z o.o.;(48)3606948;;
ELCARD TRADE & SERVICE Sp. z o.o.;(48)3642748;;
ELCOMP Teresa Szołtysik;(32)7390227;;
ELCOMP Teresa Szołtysik;606670197;;
Elektronik S.c. Kazimiera Kosek Marek Kosek;(33)8234668;;
Elektronik S.c. Kazimiera Kosek Marek Kosek;604262838;;
Elux;602356569;;
Elux;(081)4411003;;
ENTEL;(22)3881515;;
Epi-NET S.c.;537253745;;
ESC Sp.j.;(71)3520811;;
ESC Sp.j.;(71)3545008;;
ESCOM S.c.;(22)6597706;;
EURO-MIRBUD Firma Remontowo-Budowlana;511621128;;
EURO.NET.PL S.c.;(33)8522322;;
EURO.NET.PL S.c.;507575405;;
EXCOM Sp. z o.o.;(22)4241677;;
EXCOM Sp. z o.o.;(22)8109935;;
EXECO;(12)2944666;;
EXECO;(12)2882299;;
F.B. TRYCH;(34)3222476;;
F.B. TRYCH;501533390;;
F.H.U. DAREX Dariusz Nowakowski;(32)2164328;;
F.H.U. Faxtel Sp.j.;(12)6323247;;
F.H.U.P. JAREKS Jarosław Serafin;604577835;;
F.P.H.U Kasy Fiskalne Wojciech Such;(13)4927566;;
F.P.H.U Kasy Fiskalne Wojciech Such;609493656;;
F.U. TELESIM;(32)7602222;;
F.U. TELESIM;(32)7602000;;
FALCOM Sp. z o.o.;(81)4737398;;
FALCOM Sp. z o.o.;505258680;;
FAXiKO Sp. z o.o.;(89)5279864;;
FAXiKO Sp. z o.o.;(89)5273488;;
Firma BIT;(67)2617574;;
Firma BIT;601717331;;
Firma FICEK ANNA;(32)3304911;;
Firma FICEK ANNA;(32)7205667;;
Firma Handlowo-Usługowa EUROMAR;(32)2826139;;
Firma Handlowo-Usługowa EUROMAR;601911197;;
FIRMA USŁUGOWA PROTEL SPÓŁKA Z OGRANICZONĄ ODPOWIEDZIALNOŚCIĄ;(58)6782226;;
FIRMA USŁUGOWA PROTEL SPÓŁKA Z OGRANICZONĄ ODPOWIEDZIALNOŚCIĄ;(58)6782855;;
Forestel Sp. z o.o.;(41)3680016;;
Forestel Sp. z o.o.;(41)3680061;;
Global Office;(22)7201027;;
Global Office;(22)7389715;;
Graf Computer Sp.j.;(94)3403934;;
HMC Systemy Teleinformatyczne;(32)3262323;;
HMC Systemy Teleinformatyczne;(32)3262320;;
Hurtownia Teleinformatyczna CETO;(61)8479054;;
Hurtownia Teleinformatyczna CETO;(61)8752820;;
Informatyka Telekomunikacja Technologia Markom Sp. z o.o.;795061276;;
Informik Sp. z o.o.;(56)6975096;;
Informik Sp. z o.o.;(56)6976060;;
INSTALACJE ALARMOWE I TELEFONICZNE Henryk Konador;(22)7230548;;
INSTALACJE ALARMOWE I TELEFONICZNE Henryk Konador;602254159;;
Install Project;(52)5514071;;
Install Project;(52)3813365wew.25;;
Intelligent Technologies S.A.;(22)3798888;;
Intelligent Technologies S.A.;(22)3798899;;
INTER BOSS;609313111;;
INTER BOSS;(71)3390583;;
INTERSELL;(71)7336558;;
INTERSELL;512394525;;
IQnet Sp. z o.o.;(32)7301199;;
IQnet Sp. z o.o.;(32)7301190;;
IRBIS;(42)6860224;;
IRBIS;(42)6861467;;
IT Media Solution;(61)6220633;;
IT Media Solution;(61)6220644;;
IT-APPLICATION-Biuro Techniczno-Handlowe;605083375;;
ITAUDIT;(22)8532312;;
ITAUDIT;601945145;;
IThelper.pl Sebastian Sala;(41)2434116;;
IThelper.pl Sebastian Sala;506991246;;
ITL Krzysztof Hibel;608444978;;
JAANMAT PHU Elektrosystemy Jan Tersa;(42)6506886;;
JAANMAT PHU Elektrosystemy Jan Tersa;501447298;;
JavorNET;(58)3223364;;
JavorNET;(58)7421881;;
JNS Sp. z o.o.;(42)2092701;;
JNS Sp. z o.o.;(42)6370766;;
JURATEL;792251552;;
KARIMA Sp. z o.o.;502497910;;
KARIMA Sp. z o.o.;(71)3647700;;
KATEL Sp. z o.o.;(22)813­25­67;;
KATEL Sp. z o.o.;601­452­054;;
KEYB PPHU Elżbieta Szmigiel;(34)3439229;;
KEYB PPHU Elżbieta Szmigiel;607509023;;
KJ-SYSTEM;(61)8789408;;
KJ-SYSTEM;(61)8721591;;
Komsil Serwis Komputerowy;(91)3510190;;
Komsil Serwis Komputerowy;787482763;;
Kon-Tel;(89)5345060;;
Kopalnia Sp. z o.o.;(32)7804730;;
Kopalnia Sp. z o.o.;514506761;;
KORPOL Sp. z o.o.;(83)3441908;;
KORPOL Sp. z o.o.;(83)3441911;;
LIMONTECH;(58)5858101;;
LIMONTECH;604878282;;
LINK Sp. z o.o.;(061)8420470;;
LINK Sp. z o.o.;(061)8420469;;
LOGON S.A.;(52)3260000;;
LOGON S.A.;(52)3260010;;
LUMEN;(22)2130216;;
LUMEN;(22)2130218;;
ŁĄCZPOL Sp. z o.o.;(58)5229090;;
ŁĄCZPOL Sp. z o.o.;(58)5229099;;
M.Telecom S.c.;(46)8642090;;
M.Telecom S.c.;0801877777;;
MAR-MEDIA;607277010;;
MARSAT;(58)6217755;;
MASTER-COM;(22)8110707;;
MASTER-COM;505158448;;
Mediatel S.A.;(22)3774000;;
Mediatel S.A.;(22)3774500;;
METASOFT S.c.;(71)3500521;;
METASOFT S.c.;(71)3500523;;
MIRJAN S.c. Usługi Telekomunikacyjne;602471719;;
MOLL TELECOM SERVICE Sp. z o.o.;(22)8298415;;
MOLL TELECOM SERVICE Sp. z o.o.;(22)8298419;;
Morele.net Sp. z o.o.;(12)4184025-26;;
Morele.net Sp. z o.o.;(12)3982224;;
MY-SOFT Sp. z o.o.;(22)5194150;;
MY-SOFT Sp. z o.o.;(22)8145432;;
Net Systems;(12)2528600;;
Net Systems;(12)2528601;;
NETCOM;(091)8146211;;
NETCOM;(091)8146213;;
NETREX Usługi Informatyczne i Elektroinstalacyjne;669522587;;
NETREX Usługi Informatyczne i Elektroinstalacyjne;880715704;;
NextiraOne Polska Sp. z o.o.;(022)5535500;;
NextiraOne Polska Sp. z o.o.;(022)5535510;;
NEXUS Tonery i Tusze;(44)6498458;;
OMEGA S.c. Aneta i Andrzej Bystrowscy;(17)7852190;;
OST-ENGINEER;(32)3460880;;
OST-ENGINEER;(32)3460881;;
P.H.U. Al-Serwis Elektroniczne Systemy Ochrony Mienia Sp.j.;501239091;;
P.H.U. Al-Serwis Elektroniczne Systemy Ochrony Mienia Sp.j.;508314808;;
P.H.U. DK.K Izabela Przybysz;(52)5819247;;
P.H.U. DK.K Izabela Przybysz;(52)5511561;;
P.H.U. EPS Sp. z o.o.;(18)3536595;;
P.H.U. VIBRA;(71)3727451;;
P.H.U. VIBRA;(71)3726067;;
P.P.H. Techno-Fax Sp. z o.o.;(71)3417479;;
P.P.H. Techno-Fax Sp. z o.o.;(71)7966603;;
P.P.H.U. JARTECH Jarosław Nyczka;(62)5904351;;
P.P.H.U. JARTECH Jarosław Nyczka;509018385;;
PAM-WWW.FRACKIEWICZ.EU Rafał Frąckiewicz;605965852;;
PANASONIC Polska Sp. z o.o.;(22)3381100;;
PANASONIC Polska Sp. z o.o.;(22)3381200;;
PC-STUDIO;(25)6449193;;
PC-STUDIO;(25)6443090;;
PHU Abkom;(76)7292030;;
PHU ALARM SERWIS;(23)6736488;;
PHU ALARM SERWIS;(23)6821164;;
PHU MAR-TECH;604600775;;
POLIXEL S.A.;(22)5111999;;
POLIXEL S.A.;(22)5111995;;
PPHiU IWDAR;(52)3405050;;
PPHiU IWDAR;698440011;;
Pro-Serwis;603488544;;
Pro-Serwis;(65)5293168;;
Pro-System S.c.;(61)6227642;;
Pro-System S.c.;(61)6227643;;
PROAMTEL;(58)7417373;;
PROAMTEL;(58)7417383;;
PROCONET;(32)4209910;;
PROCONET;669224888;;
PRODUS S.A.;(71)3548800;;
PRODUS S.A.;(71)3548801;;
PROKON DESIGNING Sp. z o.o.;(091)485-81-24;;
PROKON DESIGNING Sp. z o.o.;(091)485-81-24;;
PROMET Sp. z o.o.;(58)6230234;;
PROMET Sp. z o.o.;(58)6630160;;
Przedsiębiorstwo Budowlano-Telekomunikacyjne TELKON Sp. z o.o.;(63)2422130;;
Przedsiębiorstwo Budownictwa Specjalistycznego VEGA Sp.j.;(24)2682463;;
Przedsiębiorstwo Budownictwa Technicznego TEL Sp. z o.o.;(76)8506301;;
Przedsiębiorstwo Handlowe ELMAT Sp. z o.o. Oddział Łódź;(42)6499970-71;;
Przedsiębiorstwo Handlowe ELMAT Sp. z o.o. Oddział Łódź;(42)6499533;;
Przedsiębiorstwo Telekomunikacyjne A`BELL;(58)3055776;;
Przedsiębiorstwo Telekomunikacyjne A`BELL;(58)3055764;;
Przedsiębiorstwo Telekomunikacyjne TELBUD S.A.;(61)8668848;;
Przedsiębiorstwo Telekomunikacyjne TELBUD S.A.;(61)8668440;;
Przedsiębiorstwo Usług Telekomunikacyjnych TELEMIKS;(022)5140801;;
Przedsiębiorstwo Usług Telekomunikacyjnych TELEMIKS;(022)5140806;;
Przedsiębiorstwo Usługowe PRO-NET;(32)7218873;;
Przedsiębiorstwo Usługowe PRO-NET;796852034;;
Przedsiębiorstwo Wielobranżowe TELEKOMET S.c.;(12)2569640;;
Przedsiębiorstwo Wielobranżowe TELEKOMET S.c.;(12)2569641;;
PUH XENON Z.Opala, M.Radek Sp.j.;(94)3470642;;
PUH XENON Z.Opala, M.Radek Sp.j.;(94)3470643;;
QUACO;(22)7519605;;
QUACO;602759490;;
QUANT Sp. z o.o.;(022)6540404;;
QUANT Sp. z o.o.;(022)6242005;;
RJ Serwis;(32)7206256;;
RJ Serwis;513067436;;
RO-TEL Usługi Telekomunikacyjne;(42)3067300-01;;
RO-TEL Usługi Telekomunikacyjne;783353535;;
Salon systemów łączności PAR PROFKOM;(89)5272278;;
SATEL;601591494;;
SATEL;(61)8261577;;
SATV;(89)7413661;;
SATV;(89)7415977;;
SCREEN 7 Sp. z o.o.;(22)6314903-04;;
SCREEN 7 Sp. z o.o.;663061755;;
SECURE-PRO Artur Jaskólski;722382100;;
Sezam Systemy;507873101;;
Sezam Systemy;608471708;;
SFERIA S.A.;(22)4974321-22;;
SFERIA S.A.;(22)4974163;;
SIGMA S.c.;602264970;;
SIGMA S.c.;602270215;;
Simplicom Sp. z o.o.;(22)5098686;;
Simplicom Sp. z o.o.;(22)8187271;;
Skarabeusz;602350260;;
Skarabeusz;(22)2010691;;
SMART-SERVICE Sp. z o.o.;(61)8350652;;
SMART-SERVICE Sp. z o.o.;(61)8335933;;
SOLVE Elektronika Ireneusz Piszczek;(32)2270517;;
SONOVERO Chmiel Sp.j.;(22)4879035;;
Spółka Inżynierów SIM Sp. z o.o.;(81)7187800;;
Spółka Inżynierów SIM Sp. z o.o.;(81)7187850;;
SURATEL;(32)4246451;;
SURATEL;(32)4332322-23;;
Syriusz-Multiserwis Mariusz Syrek;(71)7400074;;
Syriusz-Multiserwis Mariusz Syrek;530377177;;
System TEL;(22)8129805;;
System TEL;(22)8129809;;
Tartel Sp. z o.o. HaloNet;(32)4944444;;
TECHNAT IT Jan Nather Zakład Elektryczno-Elektroniczny;(61)8654357;;
TECHNAT IT Jan Nather Zakład Elektryczno-Elektroniczny;(61)2214735;;
Telcom Marcin Napierała;725329760;;
Telecom Consulting Sp. z o.o.;(22)8590800;;
Telecom Consulting Sp. z o.o.;(22)8590801;;
TELECOM Planet;(22)7884219;;
telecomWORLD;(81)4458000;;
TELETECHNIKA;(42)2965699;;
TELETECHNIKA;535295705;;
Televoice Polska Sp. z o.o.;(22)3980200;;
Televoice Polska Sp. z o.o.;(22)3980201;;
Telewizja Kablowa Feniks;(75)6491717;;
TELFWOJT;(61)8472747;;
TELFWOJT;(61)8471284;;
TELMAR Systemy Telekomunikacyjne;(12)6310990;;
TELMAR Systemy Telekomunikacyjne;(12)6310992;;
Telmech-Bis Grzegorz Poniedziałek;(22)7712334;;
Telmech-Bis Grzegorz Poniedziałek;502263954;;
TELSOFT Sp. z o.o.;(22)6410573;;
TELSOFT Sp. z o.o.;(22)6448008;;
TELUS Informatyka i Teletechnika;(22)7570063;;
TELUS Informatyka i Teletechnika;(22)7572609;;
TK Telekom Sp. z o.o.;(22)3922000;;
TK Telekom Sp. z o.o.;(22)3922009;;
TRESNET S.c.;535370741;;
TRESNET S.c.;(58)6808620;;
Trio-TECH Świebodzin;601432769;;
TT-COM Integrator IT;(61)6101274;;
TT-COM Integrator IT;509684399;;
TTi Sp.j.;(33)8228421;;
TTi Sp.j.;(33)8228423;;
TYMAR Usługi Elektronczno-Budowlane Marcin Tycner;880325585;;
TYMAR Usługi Elektronczno-Budowlane Marcin Tycner;(65)5401179;;
Usługi Teleinformatyczne Piotr Nowak;604815611;;
Usługi Teletechniczne i Alarmowe Zbigniew Matlewski;793588686;;
VEGACOM Sp.j.;(17)7773111;;
VERACOMP S.A.;(12)2525555;;
VERACOMP S.A.;(12)2525500;;
VIKTORIA Sp. z o.o.;(42)6783360;;
VIKTORIA Sp. z o.o.;(42)6783346;;
Vincom;(12)6844005;;
Vincom;(12)3504142;;
VisionCube;(12)3906400;;
VisionCube;660136146;;
VISUM-NET;(22)7288676;;
VISUM-NET;(22)3987887;;
VNCS s.c.;(42)2994114;;
WISP.PL;504992211;;
WISP.PL;(77)5432263;;
Z. T. Telefon Serwis Antoni Kois;(13)4465088;;
Z. T. Telefon Serwis Antoni Kois;(13)4450502;;
Z.U.H. ALTEL Kazimierz Wielgosz;(32)2913013;;
Z.U.H. ALTEL Kazimierz Wielgosz;(32)7508709;;
Zakład Handlowo-Usługowy REMITEL;515232746;;
Zakład Usług Techniczno-Elektronicznych S.c.;(61)8433328;;
Zakład Usług Techniczno-Elektronicznych S.c.;797052883;;
Zakład Usług Teletechnicznych TELE-COM;(012)4227716;;
Zdzisław Ślęzak Przedsiębiorstwo Handlowo-Usługowe UNICUS;(34)3616272;;
ZUEL Halina i Andrzej Jackowscy Sp.j.;601277882;;
ZUEL Halina i Andrzej Jackowscy Sp.j.;(48)3400441;;
