MIRSTAL F.W. Mirosław Laskowski;(32)2685470;;
MIRSTAL F.W. Mirosław Laskowski;(32)2685491;;
INPOL-KRAK TSC Sp. z o.o.;(12)2900800;;
INPOL-KRAK TSC Sp. z o.o.;(12)2900810;;
RMIG Sp. z o.o.;(61)8863270;;
RMIG Sp. z o.o.;(61)8863279;;
BHH MIKROHUTA Sp. z o.o.;(32)2625843;;
BHH MIKROHUTA Sp. z o.o.;(32)2625051;;
Biuro handlowe VICOR Grupa PSB - DYSTRYBUCJA STALI;(12)6811230;;
Biuro handlowe VICOR Grupa PSB - DYSTRYBUCJA STALI;(12)6459022;;
CENTROSTAL S.A. Kielce;(41)3490500;;
CENTROSTAL-WROCŁAW S.A.;(71)3247100;;
CENTROSTAL-WROCŁAW S.A.;(71)3247300;;
CHROMET Sprzedaż Metali Kolorowych i Wyrobów Stalowych;(91)4634487;;
CHROMET Sprzedaż Metali Kolorowych i Wyrobów Stalowych;509501627;;
DROZAPOL-PROFIL S.A.;(52)3260900;;
DROZAPOL-PROFIL S.A.;(52)3260999;;
ELEKTRO-STAL Sp. z o.o.;(32)2585758;;
ELEKTRO-STAL Sp. z o.o.;(32)2599837;;
EUROMIXSTAL;(22)6344800;;
EUROMIXSTAL;500525661;;
FPG Sp. z o.o.;(22)4782189;;
FPG Sp. z o.o.;(22)4783692;;
HEBA Sp. z o.o.;(32)4752355;;
HEBA Sp. z o.o.;(32)4745148;;
Huta Bankowa Sp. z o.o.;(32)2957400;;
Huta Bankowa Sp. z o.o.;(32)2623788;;
HUTA MAŁAPANEW Sp. z o.o.;(77)4018500;;
HUTA MAŁAPANEW Sp. z o.o.;(77)4018515;;
KRAŚNIK Sp. z o.o. Przedsiębiorstwo Produkcyjno-Handlowe;(81)8843005;;
KRAŚNIK Sp. z o.o. Przedsiębiorstwo Produkcyjno-Handlowe;(81)8845856;;
MACIEJUK;(83)3573256;;
MACIEJUK;(83)3573259;;
METAL-ZAP Sp. z o.o.;(62)5951607;;
METAL-ZAP Sp. z o.o.;(62)7372506;;
ODMET S.A.;(25)6339661;;
ODMET S.A.;(25)6325620;;
P.H.U. Eurostal-Metale S.A.;(17)8542537;;
P.H.U. Eurostal-Metale S.A.;(17)8542545;;
P.O.W.H. CENTROSTAL Sp. z o.o.;(33)8104156Sekretariat;;
P.O.W.H. CENTROSTAL Sp. z o.o.;(33)8124021DziałHandlowy;;
PAK STEEL Sp. z o.o.;666666114;;
PAK STEEL Sp. z o.o.;508168668;;
PRIMO STAL;(22)4782164;;
PRIMO STAL;(22)4783282;;
PRO-MAR S.A.;(61)8730835;;
PRO-MAR S.A.;(61)8730841;;
Przedsiębiorstwo Remontowo-Handlowe BOBREK Sp.j.;(32)2616313;;
Przedsiębiorstwo Remontowo-Handlowe BOBREK Sp.j.;(32)2616310;;
REMSTAL Sp.j.;(32)2841389;;
REMSTAL Sp.j.;(32)3843892;;
RUREX W. Kawaler;(32)2588590Sekretariat;;
RUREX W. Kawaler;(32)2581836;;
Sovita Sp. z o.o.;(48)3602002;;
STALPROFIL S.A.;(32)2616000;;
STALPROFIL S.A.;(32)2616038;;
STAPPERT Polska Sp. z o.o.;(32)3447300;;
STAPPERT Polska Sp. z o.o.;(32)3447319;;
VIMEX S.A.;(48)3828250sekretariat;;
VIMEX S.A.;(48)3828260działhandlowy;;
ZPW Sp. z o.o.;608555736;;
ZPW Sp. z o.o.;(32)2010082;;
A.Z. Zymek LOKO Sp.j.;(32)7387635;;
A.Z. Zymek LOKO Sp.j.;(32)7388191;;
Alfa-Tech Stal Jakościowa;(63)2610519;;
Alfa-Tech Stal Jakościowa;(63)2262099;;
B.S.K. RETURN S.A.;(32)6709670;;
B.S.K. RETURN S.A.;(32)6709689;;
BOSTAL Bydgoszcz;(52)3222255;;
BOSTAL Bydgoszcz;(52)3229227;;
EURO INWEST;(61)6623662;;
EURO INWEST;(61)6241562;;
F.P.H.U. KOMPLEX Grzegorz Czepiel;(18)3340378;;
F.P.H.U. KOMPLEX Grzegorz Czepiel;(18)5330503;;
Huta ŁAZISKA S.A.;(32)3247100;;
Huta ŁAZISKA S.A.;(32)2241523;;
Logis Sp. z o.o.;(41)3340076;;
Logis Sp. z o.o.;(41)3340077;;
Metale Nieżelazne Sp. z o.o.;(32)2584494;;
Metale Nieżelazne Sp. z o.o.;(32)2030001;;
Metalkom Sp. z o.o.;(12)2806419;;
Metalkom Sp. z o.o.;(12)2806274;;
NAVO Sp. z o.o.;(15)8136020;;
NAVO Sp. z o.o.;(15)8136026;;
PHU DANSTAL Daniel Urbanowicz;788690900;;
PHU DANSTAL Daniel Urbanowicz;788372450;;
PHU OLSTAL;(61)8130417;;
PHU OLSTAL;(61)8934602;;
Profil-bud;(22)7989791;;
Profil-bud;502200228;;
Przedsiębiorstwo Handlowe ELKA Sp. z o.o.;(58)3460600;;
Przedsiębiorstwo Handlowe ELKA Sp. z o.o.;(58)3460597;;
Przedsiębiorstwo Wielobranżowe GOSTAL;(95)7350330;;
Przedsiębiorstwo Wielobranżowe GOSTAL;(95)7229122;;
SSAB;(71)3467311;;
SSAB;(71)3467320;;
Alu Trading W.Michalski;(22)7110650;;
Alu Trading W.Michalski;501289521;;
ALWOMA;(32)7186702;;
ALWOMA;(32)7186722;;
ANER STAL Sp. z o.o. Sp.komandytowa;(71)3727959;;
ANER STAL Sp. z o.o. Sp.komandytowa;(71)7814446;;
ARTPOL Artur Lewandowski;606692537;;
ARTPOL Artur Lewandowski;577940777;;
Benteler Distribution Poland Sp. z o.o.;(32)7653600;;
Benteler Distribution Poland Sp. z o.o.;(32)7653699;;
DBN Sp. z o.o.;(32)3260050;;
DBN Sp. z o.o.;(32)2180740;;
DRIM hurtownia stali;(13)4645275;;
DRIM hurtownia stali;(13)4645345;;
Firma Handlowo-Usługowa A2 Piotr Zegar;(81)7443670;;
Firma Handlowo-Usługowa A2 Piotr Zegar;(81)4735599;;
HURTOSTAL 2 SP. Z O.O.;(91)4690845;;
HURTOSTAL 2 SP. Z O.O.;(91)4321203;;
INSBUD Sp. z o.o.;(68)3470450;;
KADEX Sp. z o.o.;(48)3699040;;
KADEX Sp. z o.o.;(48)3609901;;
Krostal Sp. z o.o. Sp.komandytowa;(13)4324316;;
Krostal Sp. z o.o. Sp.komandytowa;781166988;;
MEGASTAL Sp.j.;(81)7483988;;
MEGASTAL Sp.j.;(81)7483989;;
MET-ŚRUB Sp. z o.o.;(15)8137001;;
MET-ŚRUB Sp. z o.o.;607090978;;
Metalbud Adamski Sp.j.;(12)6450434;;
NOVA-STAL Sp. z o.o.;(24)3675260;;
NOVA-STAL Sp. z o.o.;(24)3675264;;
P.H. GUTEX;(22)8121216;;
P.H. GUTEX;(22)6130493;;
P.P.U.H. KOL PACK;(63)2616695;;
P.P.U.H. KOL PACK;(63)2262947;;
P.W. OPTIMAX Sp. z o.o.;(42)6818611;;
P.W. OPTIMAX Sp. z o.o.;(42)6818926;;
Pacostal Sp. z o.o.;(71)3639689;;
Pacostal Sp. z o.o.;795432538;;
PH Gronik Joanna Czechowska-Bobkowska;664952050;;
PH Gronik Joanna Czechowska-Bobkowska;668630004;;
PHU RABAT Hurtownia stali;(74)8329920;;
PIOMAR F.H. Stal Budowlana, Wyroby Hutnicze;(42)6464738;;
POSCO-PWPC Sp. z o.o.;(71)7747502;;
POSCO-PWPC Sp. z o.o.;(71)7747574;;
PPUH MALVINOX Marcin Kasprzyk;(79)0445274;;
PPUH MALVINOX Marcin Kasprzyk;(32)7508666;;
Przedsiębiorstwo Handlowo-Usługowo-Transportowe REMISTAL Zbigniew Sołtysiak;(34)3171517;;
Przedsiębiorstwo Handlowo-Usługowo-Transportowe REMISTAL Zbigniew Sołtysiak;(34)3174049;;
Przedsiębiorstwo Prywatne STALMET Zygmunt Songin;(67)2133016;;
Przedsiębiorstwo Prywatne STALMET Zygmunt Songin;(67)2119091;;
SERWISTAL Sp. z o.o.;(87)6209300;;
SERWISTAL Sp. z o.o.;(87)6209329;;
STALCHEM-Kubaccy Sp.j.;(62)7812688;;
STAPPERT Polska Sp. z o.o.;(22)5690000;;
STAPPERT Polska Sp. z o.o.;(22)5690038;;
TECHMET-OPOCZNO;601997367;;
TECHMET-OPOCZNO;(44)7550668;;
Valbruna Polska Sp. z o.o.;(32)2622822;;
Valbruna Polska Sp. z o.o.;(32)2625043;;
ZIKO Sp. z o.o.;(12)6875700;;
ZIKO Sp. z o.o.;(12)6875770;;
CENTROSTAL S.A. Kielce Oddział w Pabianicach;(42)2252950;;
CENTROSTAL S.A. Kielce Oddział w Pabianicach;(42)2252955;;
CENTROSTAL S.A. Kielce Oddział w Radomiu;(48)3323210;;
CENTROSTAL S.A. Kielce Oddział w Radomiu;(48)3323212;;
CENTROSTAL S.A. Kielce Oddział w Rzeszowie;(17)8602310;;
CENTROSTAL S.A. Kielce Oddział w Rzeszowie;(17)8602333;;
CENTROSTAL S.A. Kielce Oddział w Sandomierzu;(15)8320870;;
CENTROSTAL S.A. Kielce Oddział w Sandomierzu;(15)8320875;;
BATERPOL S.A.;(32)7792000;;
BATERPOL S.A.;(32)7792009;;
INPOL-KRAK Sp. z o.o.;(12)2900800;;
INPOL-KRAK Sp. z o.o.;(12)2900810;;
KOPEX FOUNDRY Sp. z o.o.;(15)8136396;;
KOPEX FOUNDRY Sp. z o.o.;(15)8135968;;
Odlewnia Metali Szopienice Sp. z o.o.;(32)6068913;;
Odlewnia Metali Szopienice Sp. z o.o.;(32)6068939;;
PPUH KOLMETAL Zenon Kapturowski;(62)5955936;;
PPUH KOLMETAL Zenon Kapturowski;(62)5955935;;
3K Sp.j. Jan Kucharczyk, Piotr Kucharczyk, Agata Kucharczyk;(32)2569321;;
CENTRUM STALOWE Rzeszów Sp. z o.o.;(17)8625600;;
EDROL Edyta Krzemińska;(46)8807016;;
EDROL Edyta Krzemińska;794303334;;
F.H.U. HAX-INOX;(32)2700726;;
F.H.U. HAX-INOX;790768300;;
FA-METAL Wiesław Fajer;(34)3604352;;
FA-METAL Wiesław Fajer;(34)3604353;;
FLORIAN CENTRUM S.A.;(24)3551463-65;;
FLORIAN CENTRUM S.A.;(24)3551466;;
HARP Materiały Budowlane Sp.j.;(12)2859189;;
HARP Materiały Budowlane Sp.j.;502666622;;
Heco Sp. z o.o.;(22)7530720;;
Heco Sp. z o.o.;(22)7530721;;
KBH Akord Metale Kolorowe Sp. z o.o. Oddział Łódź;(42)2537362;;
KBH Akord Metale Kolorowe Sp. z o.o. Oddział Łódź;(42)2537363;;
MARGO Sp. z o.o.;(15)8443444;;
MARGO Sp. z o.o.;(15)6426270;;
MULTIMETAL;(34)3664477;;
MULTIMETAL;(34)3683458;;
NPS STALHANDEL Sp. z o.o.;698985959;;
NPS STALHANDEL Sp. z o.o.;512875928;;
POLSTAL Sp.j.;(32)2964000;;
POLSTAL Sp.j.;(32)2964032;;
PRONAR Sp. z o.o.;(85)6827100;;
PRONAR Sp. z o.o.;(85)6816383;;
Roba Metals Polska Sp. z o.o.;(71)3376854;;
Roba Metals Polska Sp. z o.o.;(71)3376888;;
Walcownia Rur SILESIA S.A.;(32)3599439;;
Walcownia Rur SILESIA S.A.;(32)3599499;;
Zakład Handlowo-Produkcyjny BUDCHEM Jerzy Chrzan;(34)3615678;;
Zakład Handlowo-Produkcyjny BUDCHEM Jerzy Chrzan;698147966;;
BRONZAMET S.c.;(32)7232422;;
BRONZAMET S.c.;723804780;;
DETAL Zakład Obróbki Metali Jan Dobosz;(12)6531557;;
DETAL Zakład Obróbki Metali Jan Dobosz;(12)6506230-31;;
DOMIX Hurtownia Materiałów Budowlanych;(22)7222666;;
DOMIX Hurtownia Materiałów Budowlanych;(22)7221474;;
EFMETAL Sp. z o.o.;(54)2308888;;
EFMETAL Sp. z o.o.;(54)2308899;;
Hurtownia Elementów Ogrodzeniowych STALMET-BIS;(61)4282805;;
Hurtownia Elementów Ogrodzeniowych STALMET-BIS;504313113;;
Hurtownia Stali RZEMIOSŁO - Wyroby hutnicze, Elementy kute;(59)8411166;;
Hurtownia Stali RZEMIOSŁO - Wyroby hutnicze, Elementy kute;(59)8410284;;
KORNET F.H.U.;793274384;;
Lidmann & Megger;(52)5836155;;
Lidmann & Megger;(52)5836154;;
NEUMO-POLSKA Sp. z o.o.;(46)8334306;;
NEUMO-POLSKA Sp. z o.o.;(46)8325626;;
P.P.H.U. TokFrez Dariusz Zduleczny;(14)6101355;;
P.P.H.U. TokFrez Dariusz Zduleczny;784692849;;
P.W. Zielonka;(52)5819745;;
P.W. Zielonka;601681036;;
Produkcyjno-Handlowe Przedsiębiorstwo TEX-BIS Grzegorz Cieślarski;(63)2682060Przyłubie;;
Produkcyjno-Handlowe Przedsiębiorstwo TEX-BIS Grzegorz Cieślarski;(63)2682566Przyłubie;;
PROFEREM Sp. z o.o.;(32)6411048;;
PROFEREM Sp. z o.o.;(32)6430614;;
Przedsiębiorstwo Produkcyjno-Usługowo–Handlowe POLWENT EXPORT-IMPORT Jacek Korczyk;(33)8430911;;
Przedsiębiorstwo Produkcyjno-Usługowo–Handlowe POLWENT EXPORT-IMPORT Jacek Korczyk;606765453;;
RAVEN Sp. z o.o.;(95)7522026;;
RAVEN Sp. z o.o.;(95)7524117-18;;
ROMOS Sp. z o.o.;(65)5729600;;
ROMOS Sp. z o.o.;(65)5729623;;
SLOVRUR Sp. z o.o.;(15)8448095;;
SLOVRUR Sp. z o.o.;(15)8448045-46;;
Stalmax Sp.j.;(22)7574597;;
Stalmax Sp.j.;(22)7575464;;
BUDOWNICTWO LĄDOWE Witold Poręba;(24)3674134;;
BUDOWNICTWO LĄDOWE Witold Poręba;601314897;;
Centrum Budowlane PERFEKT Sp. z o.o.;(87)4291858;;
Centrum Budowlane PERFEKT Sp. z o.o.;664713363;;
CLIMBEX S.A.;(77)4236257-58;;
DEMARK Sp. z o.o.;(56)6584070;;
DEMARK Sp. z o.o.;(56)6559985;;
EKO ALU Sp. z o.o. Sp.komandytowa;(61)8471199;;
EKO ALU Sp. z o.o. Sp.komandytowa;(61)8471198;;
Hurtownia stali jakościowych EKSPRESSTAL;(61)8192135;;
Hurtownia stali jakościowych EKSPRESSTAL;(61)8136710;;
ISEC-TELETECH Sp. z o.o.;608696665;;
L&L Sp. z o.o.;(32)2881255;;
MAR-POL;(42)2140466Bukowiec;;
MAR-POL;602151222;;
P.P.H. ALKOR Sp.j.;(16)6759950;;
P.P.H. ALKOR Sp.j.;(16)6780037;;
PEDMO S.A.;(32)2175570;;
PEDMO S.A.;(32)2175091-94;;
Przedsiębiorstwo Produkcyjno-Usługowo-Handlowe PERFOPOL Sp. z o.o.;(41)2745808;;
Przedsiębiorstwo Produkcyjno-Usługowo-Handlowe PERFOPOL Sp. z o.o.;(41)2767144;;
RADBET;(14)6414124;;
RADBET;788018670;;
RBB-Stal J.Borusiak Sp.komandytowa;(62)7475800;;
RBB-Stal J.Borusiak Sp.komandytowa;(62)7475001;;
REMY Sp. z o.o.;(76)7576647;;
REMY Sp. z o.o.;(76)7577664;;
SDS Sp. z o.o.;(17)5831383;;
SDS Sp. z o.o.;(17)5863919;;
SOC-TECH Sp. z o.o.;(89)5338383;;
SOC-TECH Sp. z o.o.;(89)5338384;;
STAL-MET Sp. z o.o.;(82)5643382;;
STAL-MET Sp. z o.o.;(82)5647841;;
PROFMETKOL Oddział Białystok;(85)7329791;;
PROFMETKOL Oddział Białystok;(85)7416941;;
PROFMETKOL Oddział Bydgoszcz;(52)3634242;;
PROFMETKOL Oddział Bydgoszcz;(52)3634249;;
PROFMETKOL Oddział Gdynia;(58)6231020;;
PROFMETKOL Oddział Gdynia;(58)6637900;;
PROFMETKOL Oddział Katowice;(32)2036925;;
PROFMETKOL Oddział Katowice;(32)2010667;;
PROFMETKOL Oddział Łódź;(42)2909100;;
PROFMETKOL Oddział Łódź;(42)2909113;;
Eco-Tech Sp. z o.o.;690090949;;
Eco-Tech Sp. z o.o.;883080591;;
GOLDEN MAX STAL;791020066;;
GOLDEN MAX STAL;(22)7230579;;
LOGY Engineering;606388351;;
ODMET S.A.;501617885;;
ODMET S.A.;501478886;;
Przedsiębiorstwo Usługowo-Handlowe NOWAX Grzegorz Nowakowski;734484506;;
Rurystalowe24;602474935;;
Stalex Polska Sp. z o.o.;500466339;;
VIRGAMET Piotr Sompoliński;(63)2735820;;
VIRGAMET Piotr Sompoliński;(63)2735689;;
A-STAL;(44)7245705;;
A-STAL;504098850;;
A-Stal Hurtownia Stali;(22)6127969;;
A-Stal Hurtownia Stali;516698802;;
AGATPOL;(32)2267925;;
AGATPOL;609568540;;
Agencja Handlowa CENTROSTAL S.A.;(32)2510061;;
Agencja Handlowa CENTROSTAL S.A.;(32)2513374;;
AGRO MATADEX Sp.j.;(22)6292451;;
AGRO MATADEX Sp.j.;(22)4050971;;
AGRO-DAR Dariusz Kawałkowski;(22)7804173;;
AGRO-DAR Dariusz Kawałkowski;(22)7804186;;
AJK System Spółka z ograniczoną odpowiedzialnością sp.k;(22)8721472;;
AJK System Spółka z ograniczoną odpowiedzialnością sp.k;(22)8721473;;
ALCHEMIA S.A.;883301333Chorzów;;
ALCHEMIA S.A.;(32)7722150Chorzów;;
Alinox Sp. z o.o.;(32)7658112;;
Alinox Sp. z o.o.;(32)7658123;;
ALL-STAL;(32)2474487;;
ALL-STAL;(32)7822660;;
AllPipe Paweł Łukaszczyk;(18)2001554;;
AllPipe Paweł Łukaszczyk;502595121;;
ALMET Piotr Mejer;(63)2409811;;
ALMET Piotr Mejer;(63)2458855;;
ALPINA STAL;664323050;;
ALPINA STAL;(24)2604628;;
AMAR;(46)8627717;;
AMAR;(46)8627762;;
Andar Dariusz Kaczmarek Sp.j. Stal, Płyty drogowe;(52)3813496;;
Andar Dariusz Kaczmarek Sp.j. Stal, Płyty drogowe;(52)3236504;;
ANNA Sp. z o.o.;(89)5345646;;
AP METAL;795844386;;
AP METAL;695646382;;
ArcelorMittal Distribution Solutions Poland;(32)3589400-09;;
ArcelorMittal Distribution Solutions Poland;(32)3589410;;
ArcelorMittal Poland S.A Oddział Batory;(32)7722525;;
ArcelorMittal Poland S.A Oddział Batory;(32)7722619;;
ArcelorMittal Poland S.A.;(32)7766666;;
ArcelorMittal Poland S.A.;(32)7768200;;
ARMAPOL-STAL Sp.j.;(81)7479105;;
ARMAPOL-STAL Sp.j.;(81)7482032;;
ARMPOL Sp. z o.o.;(32)3504391;;
ARMPOL Sp. z o.o.;506846784;;
ART-INOX S.c.;(77)4363053;;
ART-INOX S.c.;505282000;;
Art-Stal;(32)2845907;;
Art-Stal;601442178;;
ART-STAL Sp. z o.o.;(24)3642626;;
ART-STAL Sp. z o.o.;(24)3648000;;
ART-STAL Wyroby Hutnicze T.Trojan Sp.j.;(83)3435191;;
ART-STAL Wyroby Hutnicze T.Trojan Sp.j.;(83)3444510;;
ARTEX Zaopatrzenie Surowcowe Hutnictwa i Odlewnictwa;(22)7580177;;
ARTEX Zaopatrzenie Surowcowe Hutnictwa i Odlewnictwa;(22)7248903;;
Astal;516698802;;
ATER P.H.T Andrzej Tereszyński;(32)2094751;;
ATER P.H.T Andrzej Tereszyński;600302601;;
ATS S.A.;(56)6190701;;
ATS S.A.;(56)6190700;;
Austenit Import Sp.j. Krystyna Ciećkiewcz, Jacek Ciećkiewicz, Cyprian Ciećkiewicz;(56)6582700;;
Austenit Import Sp.j. Krystyna Ciećkiewcz, Jacek Ciećkiewicz, Cyprian Ciećkiewicz;(56)6582718;;
AUSTENIT Stal Handel Sp. z o.o.;(52)3665606;;
AUSTENIT Stal Handel Sp. z o.o.;(52)3620215;;
AV Metal;783494345;;
AV Metal;(17)7723232;;
BAMAX Biuro Techniczno-Handlowe;515086242;;
BAMAX Biuro Techniczno-Handlowe;509342100;;
BATECH;(33)8212220-23;;
BATECH;(33)8192855-56;;
BEGIN STAL;608487990;;
BIASTAL Wyroby Hutnicze;(83)3443170;;
BIKAR-METALLE GmbH;(61)8116304;;
BIKAR-METALLE GmbH;663971612;;
BISCHOF-STAL;(056)6742323;;
BISCHOF-STAL;(056)6742324;;
Biuro Handlowe APR Aniela Rutkiewicz, Piotr Rutkiewicz Sp.j.;(32)2428228;;
Biuro Handlowe APR Aniela Rutkiewicz, Piotr Rutkiewicz Sp.j.;(32)3422572;;
Biuro Techniczno-Handlowe STAL-RUR Sp. z o.o.;(32)2640175;;
Biuro Techniczno-Handlowe STAL-RUR Sp. z o.o.;(32)2640160;;
Blue Steel Sp. z o.o.;(61)8730815;;
Blue Steel Sp. z o.o.;(61)8730841;;
Błaszczak S.c.;(22)8140505;;
Błaszczak S.c.;(22)8140808;;
BO-STAR Bożena Mentel-Starowicz;(32)2021635;;
BO-STAR Bożena Mentel-Starowicz;(32)2099947;;
Bodex P.H.U. Bogdan Wiśniewski;(22)8721585;;
Bodex P.H.U. Bogdan Wiśniewski;(22)8101032;;
BOGMET Wyroby Hutnicze;796773663;;
BOHLER UDDEHOLM Polska Sp. z o.o.;(22)4292240;;
BOHLER UDDEHOLM Polska Sp. z o.o.;(22)4292244;;
BOWIM S.A.;(32)3929300;;
BOWIM S.A.;(32)3929380;;
BRYDOX;(32)2422297;;
BRYDOX;698360231;;
BUD-INSTAL Sp. z o.o.;(91)4643812;;
BUD-INSTAL Sp. z o.o.;(91)4641555;;
BUD-REM-STAL;515074728;;
BUD-REM-STAL;515108221;;
BUDMAX;(52)5240315-16;;
BUDMAX;(52)3402813;;
BUDNAFT Sp. z o.o.;(91)3825049;;
BUDNAFT Sp. z o.o.;(91)3820694;;
BYDGOSTAL Wyroby Hutnicze;881666901;;
BYDGOSTAL Wyroby Hutnicze;693119347;;
Carbologistic Sp. z o.o.;(42)6338694-95;;
Carbologistic Sp. z o.o.;(42)6338703;;
CELGAR Sp. z o.o.;510281231;;
CELGAR Sp. z o.o.;(14)6925092;;
CELSA Huta Ostrowiec Sp. z o.o.;(41)2493000;;
CELSA Huta Ostrowiec Sp. z o.o.;(41)2492222;;
Centrala Zaopatrzenia Hutnictwa S.A.;(32)7313331;;
Centrala Zaopatrzenia Hutnictwa S.A.;(32)7313333;;
CENTRO-METAL;605880432;;
CENTRO-METAL;(68)4794555;;
Centrostal Handel Sp. z o.o.;(56)6234871;;
Centrostal Handel Sp. z o.o.;(56)6559600;;
CENTROSTAL-KUJAWY Sp. z o.o.;(52)3515878;;
CENTROSTAL-KUJAWY Sp. z o.o.;(52)3155691;;
CENTROSTAL-WROCŁAW S.A. Biuro Handlowe w Kaliszu;(62)7672245-46;;
CENTROSTAL-WROCŁAW S.A. Biuro Handlowe w Kaliszu;(62)7672234;;
CENTROSTAL-WROCŁAW S.A. Biuro Handlowe w Płocku;(24)2311703;;
CENTROSTAL-WROCŁAW S.A. Biuro Handlowe w Płocku;(24)2770561;;
CENTROSTAL-WROCŁAW S.A. Oddział w Bolesławcu;(75)7327210;;
CENTROSTAL-WROCŁAW S.A. Oddział w Bolesławcu;(75)7326704;;
CENTROSTAL-WROCŁAW S.A. Oddział w Głogowie;(76)8354011;;
CENTROSTAL-WROCŁAW S.A. Oddział w Głogowie;(76)8333766;;
CENTROSTAL-WROCŁAW S.A. Oddział w Jeleniej Górze;(75)7678881-85;;
CENTROSTAL-WROCŁAW S.A. Oddział w Jeleniej Górze;(75)7678886;;
CENTROSTAL-WROCŁAW S.A. Oddział w Legnicy;(76)8506042-43;;
CENTROSTAL-WROCŁAW S.A. Oddział w Legnicy;(76)8506028;;
CENTROSTAL-WROCŁAW S.A. Oddział w Łodzi;(42)6112551;;
CENTROSTAL-WROCŁAW S.A. Oddział w Łodzi;(42)6112561;;
CENTROSTAL-WROCŁAW S.A. Oddział w Wałbrzychu;(74)8411648-49;;
CENTROSTAL-WROCŁAW S.A. Oddział w Wałbrzychu;(74)8436681;;
CENTROSTAL-WROCŁAW S.A. Oddział w Żarach;(68)3743071-72;;
CENTROSTAL-WROCŁAW S.A. Oddział w Żarach;(68)3742340;;
CMC Poland Sp. z o.o.;(32)6721621;;
CMC Poland Sp. z o.o.;(32)6722536;;
COGNOR S.A.;(34)3160110;;
COGNOR S.A.;(34)3160111;;
COGNOR S.A. Oddział Olsztyn;(89)5345674;;
COGNOR S.A. Oddział Olsztyn;(89)5338297;;
COGNOR S.A. Oddział Wrocław;(71)3535748;;
COGNOR S.A. Oddział Wrocław;(71)3535884;;
CONDOR Polska Sp. z o.o.;(61)8130063;;
CONDOR Polska Sp. z o.o.;(61)8994932;;
D`EMAR;(75)7551365;;
D`EMAR;(75)7551922;;
Dagra Sp.j.;(33)8520928;;
Dagra Sp.j.;(33)8511472;;
DAR STAL;(34)3137055;;
DAR STAL;(34)3131049;;
Dariusz Putyra SHARK;602520787;;
Dariusz Putyra SHARK;(76)8191855;;
DC Stal Sp. z o.o.;(71)3736309;;
DC Stal Sp. z o.o.;(71)3545704;;
DEMET Sp. z o.o.;(14)6826170;;
DETAL Firma Zaopatrzenia Przemysłu;(14)6826170;;
DMS Jerzy Dziuba;(32)2510008;;
Dom Stali S.c.;(22)7342597;;
Dom Stali S.c.;(22)7340160;;
DOM-STAL Jarosław Rzeszotarski;662339344;;
DORSTAL Dorota Klusek;(68)3767421;;
DORSTAL Dorota Klusek;609710227;;
DORTECH;695105230;;
DORTECH;693361380;;
DOSMET Sp. z o.o.;(081)4410241;;
DOSMET Sp. z o.o.;(081)4410242;;
DrawStal Sp. z o.o.;600804692;;
DrawStal Sp. z o.o.;600829356;;
DSS Interacciai Sp. z o.o.;(52)3398700;;
DSS Interacciai Sp. z o.o.;(52)3398720;;
DUKT Sp. z o.o.;(32)2918182;;
DUKT Sp. z o.o.;664728541;;
Duotech Sp. z o.o.;(32)4118471;;
Duotech Sp. z o.o.;(32)4118472;;
Dzwon-Stal;(33)8525885;;
Dzwon-Stal;502583729;;
EDBIT-STAL Sp. z o.o.;(32)4151309;;
EDBIT-STAL Sp. z o.o.;(32)4153500;;
EFFIN Sp. z o.o.;731567923;;
EFFIN Sp. z o.o.;501188864;;
EKO HYBRES ® Sp. z o.o.;(17)7734630;;
EKO HYBRES ® Sp. z o.o.;(17)7734633;;
EKO-CENTRUM Sp. z o.o.;(33)4867131;;
EKO-CENTRUM Sp. z o.o.;508253521;;
Eko-Elbud Gólczyński Sp. z o.o.;(95)7204884;;
Eko-Elbud Gólczyński Sp. z o.o.;(95)7204885;;
Eko-Elbud Łobasz Sp. z o.o.;(95)7204883;;
Eko-Elbud Łobasz Sp. z o.o.;(95)7256384;;
Elektrostal P.Choma, W.Semeryło, Z.Sadowski, K.Woś Sp.j.;(81)7452291;;
Elektrostal P.Choma, W.Semeryło, Z.Sadowski, K.Woś Sp.j.;(81)7452292;;
Energometal Sp. z o.o.;(32)2283438;;
Energometal Sp. z o.o.;501436986;;
EUROPOL PPHU;(71)3032426;;
EUROPOL PPHU;795437084;;
Eurostal Południe Sp.j.;(14)6111608;;
Eurostal Południe Sp.j.;(14)6113737;;
EXTRADER;695936220;;
EXTRADER;(22)4869715;;
F.H. STAL-MET;(32)7303160;;
F.H. STAL-MET;(32)7302457;;
F.H. UNI-TECH;602531904;;
F.H. UNI-TECH;883815618;;
F.H.P. ADK Anna Kuźma;(12)2687050;;
F.H.P. ADK Anna Kuźma;(12)2682211;;
F.H.U. 2S Sprzedaż Stali;794643434;;
F.H.U. 2S Sprzedaż Stali;784828220;;
F.H.U. 2S Sprzedaż Stali;794643434;;
F.H.U. 2S Sprzedaż Stali;784828220;;
F.H.U. AURIGA;(32)6433040;;
F.H.U. AURIGA;608327438;;
F.H.U. Czarmet Sp.j.;(14)6218439;;
F.H.U. Czarmet Sp.j.;(14)6272622;;
F.H.U. Kontech Urszula Konarska;609557116;;
F.H.U. Kubica;784690329;;
F.H.U. Kubica;(32)2801717;;
F.H.U. MAG-KAS;(41)2491118;;
F.H.U. MAG-KAS;(41)2491119;;
F.H.U. MarStal Mariusz Uchacz;(12)6843722;;
F.H.U. MarStal Mariusz Uchacz;(12)6843755;;
F.H.U. STAL-HUT S.c.;(34)3623527;;
F.H.U. STAL-HUT S.c.;604636664;;
F.H.U. TABO T.Kuzimski i S-ka Sp.j.;(46)8146570;;
F.H.U. TABO T.Kuzimski i S-ka Sp.j.;(46)8151899;;
F.P. Sambud Sp. z o.o.;(18)2663152;;
F.P. Sambud Sp. z o.o.;(18)2646688;;
F.P.U.H. MICROSTAL Tomasz Suszka;(63)2743283;;
F.P.U.H. MICROSTAL Tomasz Suszka;(63)2743284;;
FELMAX S.c.;(91)4623302;;
FELMAX S.c.;(91)4623604;;
FERONA Hurtownia Wyrobów Hutniczych;(32)7624444;;
FERONA Hurtownia Wyrobów Hutniczych;(32)7624432;;
Ferromax Polska Sp. z o.o.;691492559;;
Ferromax Polska Sp. z o.o.;(32)2673085;;
FERROMETAL Polska Sp. z o.o.;(32)7300900;;
FERROMETAL Polska Sp. z o.o.;(32)7300901;;
FERROSTAL Łabędy Sp. z o.o.;(32)2347600;;
FERROSTAL Łabędy Sp. z o.o.;(32)2347650;;
FHU Bartłomiej Tram;504280691;;
FHU BOSTAL;(32)2791869;;
FHU BOSTAL;(32)7298869;;
FHU MAG Sp.j.;(32)2890453;;
FHU MAG Sp.j.;(32)3898369;;
FILIGRAN Sp. z o.o.;(34)3574303;;
FILIGRAN Sp. z o.o.;(34)3574304;;
Firma CZERWIŃSKI Jan Czerwiński;(34)3192015;;
Firma CZERWIŃSKI Jan Czerwiński;(34)3192315;;
Firma GRIN Janusz Zielony;(48)6145899;;
Firma GRIN Janusz Zielony;604057037;;
Firma Handlowa BRYZEK;(33)8753415;;
Firma Handlowa MAT-BUD-STAL Teresa Braszczyk;(41)3624329;;
Firma Handlowa MAT-BUD-STAL Teresa Braszczyk;(41)3340021;;
Firma Handlowa WEMA;516104302;;
Firma Handlowo-Usługowa Agata Stożek;(18)3338107;;
Firma Handlowo-Usługowa Agata Stożek;(18)3313126;;
Firma Handlowo-Usługowa ALHUT;(41)2661014;;
Firma Handlowo-Usługowa ALHUT;504088752;;
Firma Handlowo-Usługowa DASTAL;512046705;;
Firma Handlowo-Usługowa DASTAL;(67)2564367;;
Firma Handlowo-Usługowa KOLMET;(89)5336388;;
Firma Handlowo-Usługowa MATT-STAL;660720088;;
Firma Handlowo-Usługowa ROLMET Sp.j.;(41)3523900-04;;
Firma Handlowo-Usługowa ROLMET Sp.j.;(41)3523905;;
Firma Handlowo-Usługowa VERO-STAL POLSKA;(32)3219930;;
Firma Handlowo-Usługowa VERO-STAL POLSKA;(32)2653147;;
Firma Handlowo-Usługowo-Produkcyjna URAMET-TG Andrzej Ramuś;(32)7689343;;
Firma MAT;609031163;;
Firma MAT;600905575;;
Firma Usługowo-Handlow ZET inż. Zbigniew Zięba;(32)2871728;;
FORGIS;602489089;;
FORGIS;(13)4451171;;
FORNITECH;(32)4548105;;
FORNITECH;(32)4548100;;
FORSTAL Sp. z o.o.;504267909;;
FORSTAL Sp. z o.o.;534561125;;
FPUH RYSTAL Maria Maćkowska;(14)6122766;;
FPUH RYSTAL Maria Maćkowska;(14)6113134;;
Francisco Ros Casares Polska Sp. z o.o.;(32)7775555;;
Francisco Ros Casares Polska Sp. z o.o.;(32)7775557;;
FULL-METAL;505152153;;
FULL-METAL;694503590;;
GAB-MAR;(61)2857254;;
GAB-MAR;697731761;;
GALENA;(15)8412415;;
GALENA;695326565;;
GAZSTAL S.A.;(68)4512020;;
GAZSTAL S.A.;(68)4755632;;
GB Sp. z o.o.;(12)6811500;;
GB Sp. z o.o.;(12)6811099;;
GEMI Sp. z o.o.;(32)3511641;;
GEMI Sp. z o.o.;(32)3511640;;
Geo Serwis;(74)8560422;;
Geo Serwis;(74)8560450;;
Giaur Sp.j.;(32)3350501;;
Giaur Sp.j.;(32)3324407;;
GJH-KOŁO H.Janikowski Sp.komandytowa;(63)2610403;;
GJH-KOŁO H.Janikowski Sp.komandytowa;(63)2610652-61;;
GLOBALSTAL Sp. z o.o.;(32)7218015;;
GLOBALSTAL Sp. z o.o.;(32)7218045;;
Gosmet;(52)3810116;;
Gosmet;(52)3810504;;
GÓR-HUT Sp. z o.o.;(12)6842322;;
GÓR-HUT Sp. z o.o.;(12)6842343;;
GÓR-TEX;(18)4439552;;
GÓR-TEX;(18)5475106;;
GPT STAL Sp. z o.o.;(32)7870030;;
GPT STAL Sp. z o.o.;(32)2809744;;
GRESTA;513045085;;
GRESTA;501570904;;
GRONIAR Sp. z o.o.;(71)7980609;;
GRONIAR Sp. z o.o.;(71)7980610;;
Grupa Polska Stal S.A.;(12)6806666;;
Grupa Polska Stal S.A.;(12)6806660;;
GRUPA PROSIGMA Sp. z o.o.;(76)8622047;;
GRUPA PROSIGMA Sp. z o.o.;(76)8522469;;
Grupa TRS Sp. z o.o.;(32)7706495;;
Grupa TRS Sp. z o.o.;(32)7706490;;
GS Rybnik;(32)4221238;;
GS Rybnik;(32)4219590;;
Handel Artykułami Przemysłowymi - Usługi Transportowe Kazimierz Ruta;(17)2262457;;
Handel Artykułami Przemysłowymi - Usługi Transportowe Kazimierz Ruta;602188832;;
Handel Wyrobami Hutniczymi Piotr Moskała;(12)2709545;;
Handel Wyrobami Hutniczymi Piotr Moskała;608082924;;
Hanet;(61)6659109;;
Hanet;501361596;;
HERKULES Hurtownia Metali;(59)8456120;;
HERKULES Hurtownia Metali;(59)8441907;;
HERMES Marek Bełżek;(52)3181533;;
HERMES Marek Bełżek;(52)3565066;;
HMSteel;(12)2650305;;
HMSteel;(12)2653460;;
HOME TRADE COMPANY;501220913;;
HORECA SYSTEM;(75)6427227;;
HORECA SYSTEM;508083121;;
HOSSA Cezary Górecki;(29)7770532;;
HOSSA Cezary Górecki;515120894;;
HSW-Kuźnia Stalowa Wola Sp. z o.o.;(15)8135414;;
HSW-Kuźnia Stalowa Wola Sp. z o.o.;(15)8135419;;
HTS Katowice Sp. z o.o.;(32)2098634;;
HTS Katowice Sp. z o.o.;(32)3529991;;
HURTO-STAL Pędziwiatr Sp. z o.o.;(43)6766332;;
Hurtownia Stali GRETA;(61)6526075;;
Hurtownia Stali GRETA;501718320;;
Hurtownia Stali JanStal-Czersk;(52)3984545;;
Hurtownia Stali JanStal-Czersk;(52)3986770;;
Hurtownia Stali KGH STAL;(61)4271135;;
Hurtownia Stali KGH STAL;783849138;;
Hurtownia Stali KM-STAL S.c.;(59)8433010;;
Hurtownia Stali KM-STAL S.c.;515166575;;
Hurtownia Stali MAJSTEREK J.Paderewski;(22)6797701;;
Hurtownia Stali MAJSTEREK J.Paderewski;501538420;;
Hurtownia Stali Narzędziowej KOMETA;(52)3565126;;
Hurtownia Stali Narzędziowej KOMETA;(52)3551074;;
Hurtownia Stali Narzędziowej STANAX;(32)3817200-01;;
Hurtownia Stali Narzędziowej STANAX;(32)3817202;;
Hurtownia Stali STAL-MAL;(89)5391641;;
Hurtownia Stali STAL-MAL;(89)5336082;;
Hurtownia Stali TEHABUD;(77)4046040;;
Hurtownia Stali TEHABUD;(77)4046041;;
Hurtownia Stali ŻAK;(56)4630399;;
Hurtownia Stali ŻAK;694882430;;
Hurtownia Wyrobów Hutniczych ADMAR;(024)3645555;;
Hurtownia Wyrobów Hutniczych ADMAR;(024)3645513;;
Hurtownia Wyrobów Stalowych STALMAX S.c. Wojciech Giec i Dariusz Giec;(91)4182875;;
Hurtownia Wyrobów Stalowych STALMAX S.c. Wojciech Giec i Dariusz Giec;502223859;;
Hut-Trans Katowice Sp. z o.o.;(32)3460260-63;;
Hut-Trans Katowice Sp. z o.o.;(32)7709300;;
Huta Cynku MIASTECZKO ŚLĄSKIE S.A.;(32)2888444;;
Huta Cynku MIASTECZKO ŚLĄSKIE S.A.;(32)2888885;;
Huta Stali Jakościowych S.A.;508032786;;
Huta Stali Jakościowych S.A.;510223527;;
HUTA STALOWA WOLA S.A.;(15)8135023;;
HUTA STALOWA WOLA S.A.;(15)8134215;;
Huta SZCZECIN S.A.;(91)4248824;;
Huta SZCZECIN S.A.;(91)4248863;;
Huta Szkła EWA;(014)6266850;;
Huta Szkła EWA;(014)6266968;;
Huta ZABRZE S.A.;(32)3763040;;
Huta ZABRZE S.A.;(32)3763050;;
Hutnicza Izba Przemysłowo-Handlowa;(32)7887777;;
Hutnicza Izba Przemysłowo-Handlowa;(32)7887778;;
Hutnicza Izba Przemysłowo-Handlowa Polish Steel Association;(32)7887777;;
Hutnicza Izba Przemysłowo-Handlowa Polish Steel Association;(32)7887778;;
Impexmetal S.A. Huta Aluminium Konin;(63)2474422;;
Impexmetal S.A. Huta Aluminium Konin;(63)2474488;;
IMS Stalserwis Sp. z o.o.;(52)3208900;;
IMS Stalserwis Sp. z o.o.;(52)3208919;;
INCOFER Sp. z o.o.;(85)6538954;;
INCOFER Sp. z o.o.;(85)6750226;;
Ingrid L.Blecha Ges.m.b.H.;+48(22)3789982;;
Ingrid L.Blecha Ges.m.b.H.;+43263568097242;;
INOSTALEX Sp. z o. o. Sp.komandytowa;(32)2865158;;
INOSTALEX Sp. z o. o. Sp.komandytowa;(32)2891985;;
INSTALMET Wyroby Hutnicze;(32)4569100;;
INSTALMET Wyroby Hutnicze;501722982;;
Interfeniks Sp. z o.o.;500330409;;
Invest-Mot Sp. z o.o.;(22)6352305;;
Invest-Mot Sp. z o.o.;(22)6542639;;
INVESTA Spółka z o.o.;(58)7739701;;
INVESTA Spółka z o.o.;(58)7739777;;
ISD Huta Częstochowa Sp. z o.o.;(34)3238147;;
ISD Huta Częstochowa Sp. z o.o.;(34)3230286;;
ITALINOX Polska Sp. z o.o.;(61)6471950;;
ITALINOX Polska Sp. z o.o.;(61)6471970;;
JACQUET Polska Sp. z o.o.;(32)2221553;;
JACQUET Polska Sp. z o.o.;(32)2221556;;
JAMATEL Bis Sp. z o.o.;(32)7003625;;
JAMATEL Bis Sp. z o.o.;601763333;;
JBJ Consulting;(24)2642539;;
JBJ Consulting;(24)2688298;;
JK-STAL Sp. z o.o.;(56)6572228;;
JK-STAL Sp. z o.o.;(56)6572220-27;;
JMB-Kacprzak;(24)2669411;;
JS STAL;604454034;;
JS STAL;796118331;;
JT Stale Jakościowe Sp.j.;(32)4420165;;
JT Stale Jakościowe Sp.j.;(32)4450422;;
K.O. METAL Zakład Usług Handlowych Import-Export;(22)8124357;;
K.O. METAL Zakład Usług Handlowych Import-Export;(22)8124345;;
KAN-STAL Wyroby Hutnicze;501011568;;
KB STAL Sp. z o.o.;(32)2714582;;
KBH AKORD Hernas, Komorowski Sp.j. Oddział Piekary Śląskie;(32)3843530;;
KBH AKORD Hernas, Komorowski Sp.j. Oddział Piekary Śląskie;(32)3843540;;
KBH AKORD Hernas, Komorowski Sp.j. Oddział Poznań;(61)8321677;;
KBH AKORD Hernas, Komorowski Sp.j. Oddział Poznań;(61)8321639;;
KBH AKORD Hernas, Komorowski Sp.j. Oddział Rzeszów;(17)8636421;;
KBH AKORD Hernas, Komorowski Sp.j. Oddział Rzeszów;(17)8636422;;
KLAN-W Sp. z o.o.;(94)7173290;;
KLAN-W Sp. z o.o.;(94)7173291;;
Klöckner Stal i Metal Polska Sp. z o.o.;(61)8358200;;
Klöckner Stal i Metal Polska Sp. z o.o.;(61)8358210;;
Kol-Metal Sp. z o.o.;(32)2858000;;
Kol-Metal Sp. z o.o.;(32)2858989;;
Kolor-Met Sp. z o.o.;733074314;;
KONSORCJUM STALI S.A.;(22)8791131;;
Korporacja Handlowa DAMSTAL;(61)8729199;;
Korporacja Handlowa DAMSTAL;(61)8729888;;
KORTEX METAL;(32)3453910;;
KORTEX METAL;(32)3453911;;
Kraśnickie Przedsiębiorstwo Usługowe Sp. z o.o.;(81)8251118;;
KRISTAL;(44)6332120;;
KRISTAL;(44)6350918;;
KTM Sp. z o.o.;(95)7241700;;
KTM Sp. z o.o.;(95)7241701;;
KUGA;504450605;;
Kuźnia Matrycowa Sp. z o.o.;(81)7492800;;
Kuźnia Matrycowa Sp. z o.o.;(81)7492869;;
Kwadrat Sp. z o.o.;(32)3734070;;
Kwadrat Sp. z o.o.;(32)3769610;;
LAZAR-E;(32)4341225;;
LINSTAR Sp. z o. Sp. K.;(32)7299591;;
LINSTAR Sp. z o. Sp. K.;(32)7299592;;
M&K KRIS-MAG;664025391;;
M&K KRIS-MAG;(32)7904053;;
Madera;(32)2653754;;
Madera;(32)2656756;;
MAG Industrieservice Sp. z o.o.;(42)6368330;;
MAG Industrieservice Sp. z o.o.;(42)6367868;;
MAGLEX;608407552;;
MAGLEX;(22)4254348;;
Magma S.c.;(32)2157203;;
MAKROSTAL Przedsiębiorstwo Zaopatrzenia Przemysłu;(14)6796844;;
MAKROSTAL Przedsiębiorstwo Zaopatrzenia Przemysłu;(14)6796843;;
MANEX Sp. z o.o.;(48)3653682;;
MANEX Sp. z o.o.;(48)3651459;;
MAR-MET Sp.j.;(32)2528616;;
MAR-MET Sp.j.;(32)2528615;;
MARKSTAL Sp. z o.o.;(61)8142203;;
MARKSTAL Sp. z o.o.;(61)8142219;;
MASTA Wyroby Hutnicze;(34)3665183;;
MASTA Wyroby Hutnicze;(34)3665382;;
MasterStal Sp. z o.o.;607660302;;
MAX STAL Sprzedaż Stali i Wyrobów Hutniczych;(42)6457132;;
MAX STAL Sprzedaż Stali i Wyrobów Hutniczych;(42)6499224;;
MAX-STAL M.Chaberska W.Siwiec Sp.j.;(48)3853539;;
MAX-STAL M.Chaberska W.Siwiec Sp.j.;(48)3852538;;
Mazowieckie Centrum Stali;603573903;;
Mazowieckie Centrum Stali;(24)3656467;;
MAZUR ENERGY Sp. z o.o.;668272887;;
MAZZONETTO Polska Sp. z o.o.;683524276;;
MAZZONETTO Polska Sp. z o.o.;(68)3524277;;
MBO-HUTMEN jv Sp. z o.o.;(71)3348634;;
MBO-HUTMEN jv Sp. z o.o.;(71)3348837;;
MCA Wyroby Hutnicze;504719172;;
MCA Wyroby Hutnicze;501651179;;
MEGASET Sp. z o.o.;(32)3903570;;
MEGASET Sp. z o.o.;(32)3903589;;
Merkury Sp. z o.o.;(32)3507380-82;;
Merkury Sp. z o.o.;(32)2525550;;
METAL BEST Sp. z o.o.;(91)4240283;;
METAL MAKOWSKA;506506071;;
METAL MAKOWSKA;507801590;;
Metal-Budex S.c.;(34)3734218;;
Metal-Budex S.c.;(34)3734257;;
Metal-Serwis;(41)3340050;;
Metal-Serwis;(41)3340049;;
METAL-STAL-KOŁO;601971474;;
Metal-Wiem Sp. z o.o.;(58)7833808;;
Metal-Wiem Sp. z o.o.;(58)6236847;;
Metalbis;(71)3107343;;
Metalbis;501116255;;
MetalComplex;(14)6928358;;
Metale Kolorowe ZIELONKA Toruń;(56)6548034;;
Metale Kolorowe ZIELONKA Toruń;601696699;;
METALE TORUŃ Małgorzata Babiarz;(56)6234513;;
METALE TORUŃ Małgorzata Babiarz;799300292;;
Metalex J.Pilarski, Z.Dąbrowski, M.Pilarska, G.Jeż Sp.j.;(42)6405406;;
Metalex J.Pilarski, Z.Dąbrowski, M.Pilarska, G.Jeż Sp.j.;(42)6405906;;
METALIKA;(32)4710210;;
METALZBYT Sp. z o.o.;(58)7638101;;
METALZBYT Sp. z o.o.;(58)3011676;;
MEVACO Sp. z o.o.;(12)6530581;;
MEVACO Sp. z o.o.;(12)6530578;;
MIK-STAL Więckowscy Sp.j.;(34)3607841;;
MIK-STAL Więckowscy Sp.j.;(34)3607850;;
MILES Sp. z o.o.;(32)4282844-45;;
MILES Sp. z o.o.;(32)4282841-42;;
MIRPOL Sp. z o.o.;(85)6649630;;
MIRPOL Sp. z o.o.;(85)6649620;;
MITHRIL Sp. z o.o.;(58)3420550;;
MITHRIL Sp. z o.o.;(58)3420560;;
MK Stal Sp. z o.o.;(32)2097682;;
MK Stal Sp. z o.o.;692823580;;
MONSTAL-2 Sp. z o.o. Sp.komandytowa;606960868;;
MONSTAL-2 Sp. z o.o. Sp.komandytowa;(62)7632125;;
Montan Stal Sp. z o.o.;(32)3818400;;
Montan Stal Sp. z o.o.;(32)3818401;;
MORFAMA;(12)2563297;;
MORFAMA;784942123;;
MORGANS Metal Plast;791234024;;
MORIS;(32)2180450;;
MORIS;(32)2180454;;
MORIS Sp. z o.o.;(32)4163600;;
MORIS Sp. z o.o.;(32)4163610;;
MOROSTAL;(32)6700403;;
MOROSTAL;507080560;;
Mostostal Montaco Sp. z o.o.;(32)7263052;;
Mostostal Montaco Sp. z o.o.;(32)7263108;;
MPJ STAL Sp. z o.o.;(12)6841144;;
MPJ STAL Sp. z o.o.;(12)6448102;;
MULTI-STAL Kamila Dworak;(34)3130079;;
MULTI-STAL Kamila Dworak;795568195;;
MURBET Gabrylewicz Sp.j.;(87)6200620;;
NARDUS GROUP Sp. z o.o.;690041275;;
NewStal Sp. z o.o.;(32)2354511;;
NewStal Sp. z o.o.;(32)2355679;;
NEXUS;(32)4419452;;
NEXUS;(32)4419453;;
NITSTAL Sp. z o.o.;(56)6589191;;
NITSTAL Sp. z o.o.;(56)6743300;;
NORMA STAL AG Sp. z o.o.;(32)7382260-61;;
NORMA STAL AG Sp. z o.o.;(32)2260810;;
NORMA Wyroby Hutnicze i Materiały Budowlane;(22)7229774;;
NORMA Wyroby Hutnicze i Materiały Budowlane;(22)7961306;;
NOVA STAL Sp. z o.o.;512300051;;
NOVA STAL Sp. z o.o.;(61)8473161;;
NYSTAL S.A.;(32)3559830;;
NYSTAL S.A.;(32)3559833;;
OBERON Robert Dyrda;(52)3542400;;
OBERON Robert Dyrda;(52)3542401;;
OLKAM Piotr Miśta;(34)3609200;;
OMEGA Sp.j.;(74)8533304;;
OMIS GRUPA Sp. z o.o.;601120679;;
OPTIMAL KROSNO Sp.j. A.Ostafin & J.Wójcik;(13)4368772;;
OPTIMAL KROSNO Sp.j. A.Ostafin & J.Wójcik;(13)4364777;;
P.H. DAR-POL-STAL Mariusz Grzelczak, Dariusz Zuber Sp.j.;(32)3939200;;
P.H. DAR-POL-STAL Mariusz Grzelczak, Dariusz Zuber Sp.j.;(32)3939211;;
P.H. GEM - Wyroby Hutnicze;(52)3454356;;
P.H. MIRRA;(58)5629858;;
P.H. MIRRA;(58)5639111;;
P.H.M. PEHAMET Sp. z o.o.;(17)8553330;;
P.H.M. PEHAMET Sp. z o.o.;(17)8553232;;
P.H.M. PEHAMET Sp. z o.o. Oddział Kraków;(12)6532588;;
P.H.M. PEHAMET Sp. z o.o. Oddział Kraków;(12)6531562;;
P.H.M. PEHAMET Sp. z o.o. Oddział Lublin;(81)7410045;;
P.H.M. PEHAMET Sp. z o.o. Oddział Lublin;(81)7410046;;
P.H.M. PEHAMET Sp. z o.o. Oddział Wrocław;(71)3330011;;
P.H.M. PEHAMET Sp. z o.o. Oddział Wrocław;(71)3330012;;
P.H.P.U. ADRIA;(32)2915689;;
P.H.P.U. ADRIA;(32)2906436;;
P.H.P.U. SIL-STAL Janusz Sobczak;(32)2462228;;
P.H.P.U. SIL-STAL Janusz Sobczak;501707375;;
P.H.U KASTAL;(32)3177829;;
P.H.U KASTAL;(32)3177588;;
P.H.U. BOB-STAL;502643232;;
P.H.U. KAMET;602670801;;
P.H.U. STAL-EX Sp.j.;(62)7571793;;
P.H.U. STAL-EX Sp.j.;(62)7571795;;
P.H.U. STALJAN Wyroby Hutnicze;(71)3643811;;
P.H.U. STALJAN Wyroby Hutnicze;607821822;;
P.H.U. Tombig Tomasz Goździk;(63)2113339;;
P.H.U. Tombig Tomasz Goździk;(63)2111705;;
P.P.H. Prebex;(52)3490368;;
P.P.H. Prebex;602375899;;
P.P.H.U. CYGI;(74)8416868;;
P.P.H.U. CYGI;(74)6332042;;
P.P.H.U. Eko-Bud Sp. z o.o.;(85)6755673;;
P.P.H.U. Eko-Bud Sp. z o.o.;(85)6643756;;
P.P.H.U. Format;(67)2844372;;
P.P.H.U. Format;721294051;;
P.P.H.U. HIT;(91)4829082;;
P.P.H.U. HIT;509702804;;
P.P.H.U. INPOL Sp.j.;(32)2841314;;
P.P.H.U. INPOL Sp.j.;(32)2842255;;
P.P.H.U. MEGA-TRANS Sp. z o.o.;(32)2979072;;
P.P.H.U. MEGA-TRANS Sp. z o.o.;(32)2921536;;
P.P.H.U. STAL-HURT;(32)2915269;;
P.P.H.U. STAL-HURT;607162917;;
P.P.H.U. STAL-SERWIS Mariusz Gęsiak;(23)6544070;;
P.P.H.U. STAL-SERWIS Mariusz Gęsiak;600983812;;
P.P.H.U. STALBUD S.c.;(33)8622651;;
P.P.H.U. STALBUD S.c.;(33)8622650;;
P.P.H.U. STALBUD Sp. z o.o.;(41)3456538;;
P.P.H.U. STALBUD Sp. z o.o.;(41)3450140;;
P.P.H.U. StalHandel;(56)6573123;;
P.P.H.U. StalHandel;(56)6215318;;
P.P.H.U. Stalmat;(32)2647404;;
P.P.H.U. Stalmat;504198636;;
P.P.U. ECOSTEEL Sp. z o.o.;(32)6725510;;
P.P.U. ECOSTEEL Sp. z o.o.;(32)6725258;;
P.P.U. MAP Sp. z o.o.;(32)2619209;;
P.P.U. MAP Sp. z o.o.;(32)2685848;;
P.P.U. VULKAN Sp. z o.o.;(32)7884386;;
P.P.U. VULKAN Sp. z o.o.;(32)7884576;;
P.P.U.H Adrian Kornecki;(32)7633637;;
P.P.U.H Adrian Kornecki;512496412;;
P.P.U.H. DOM-BUD Mielec Sp. z o.o.;(17)7733010;;
P.P.U.H. DOM-BUD Mielec Sp. z o.o.;(17)7733018;;
P.P.U.H. GALWA-MET;(63)2619822;;
P.P.U.H. GALWA-MET;(63)2619824;;
P.P.U.H. i T. MEKTAL;(58)7743251;;
P.P.U.H. i T. MEKTAL;(58)7743051;;
P.P.U.H. JAMAX Sp.j.;(12)4152655;;
P.P.U.H. JAMAX Sp.j.;(12)4151549;;
P.P.U.H. STAL-METAL Gaweł Sp.j.;(62)7387560;;
P.P.U.H. STALIMEX;(23)6627731-32;;
P.P.U.H. STALIMEX;(23)6627995;;
P.U.H.P. Bud-Stal Zbigniew Cudziło;(22)6413591;;
P.U.H.P. Bud-Stal Zbigniew Cudziło;(22)6419775;;
P.U.H.T. FASTCOM IRENEUSZ OLSZEWSKI;(032)2543682;;
P.U.H.T. FASTCOM IRENEUSZ OLSZEWSKI;(032)3510711;;
P.W. Centurion;(32)7628593;;
P.W. Centurion;(32)7628725-27;;
P.W. ELPRO;(63)2430724;;
P.W. ELPRO;(63)2430729;;
P.W. INSTAL;(52)5246111;;
P.W. INSTAL;503099848;;
P.W. ROSTAL;(74)8311835;;
P.W. ROSTAL;(74)8316255;;
P.W. Trans-Stal Arkadiusz Skotarczak;(52)3723191;;
P.W. Trans-Stal Arkadiusz Skotarczak;(52)3724463;;
P2 METALE;500771068;;
Pakat BWS;(22)8413084;;
Pakat BWS;(22)8407250;;
PERFIL en FRIO;695008850;;
Perforacja Blachy Perforowane Sp. z o.o.;(12)2925205;;
Perforacja Blachy Perforowane Sp. z o.o.;(12)2925207;;
PHH MEGATOR B.Nowicka-Żurawska, R.Żurawski Sp.j.;(32)7504282;;
PHH MEGATOR B.Nowicka-Żurawska, R.Żurawski Sp.j.;(32)2785806-10;;
PHPU MAR-POL;(74)8550767;;
PHPU MAR-POL;(74)8550066;;
PHU Andpol Andrzej Strzykalski;(63)2428075;;
PHU Andpol Andrzej Strzykalski;(63)2441092;;
PHU CAL-GÓR;(32)2852484;;
PHU CAL-GÓR;504320197;;
PHU DESTAL Sp. z o.o.;(14)6708765;;
PHU DESTAL Sp. z o.o.;(14)6811911;;
PHU DSK METAL;(63)2450820;;
PHU DSK METAL;509792583;;
PHU ELKA Hurtownia Stali;(68)4552111;;
PHU JASTAL®;(62)7670232;;
PHU JASTAL®;(62)7670047;;
PHU RADEX Wiesław Siek;(15)8421289;;
PHU RADEX Wiesław Siek;696034880;;
PHU STALMAR;(65)5180579;;
PHU STALMAR;(65)5189727;;
PHU Werteks Sp. z o.o.;(14)6210269;;
PHU Werteks Sp. z o.o.;(14)6287432;;
POL-MEX Michał Podkowik;(32)2498870;;
POL-MEX Michał Podkowik;(32)2498863;;
POL-STAL Sp. z o.o.;(32)7710345;;
POL-STAL Sp. z o.o.;(32)7710348;;
POLBIN Sp. z o.o.;(18)5447311;;
POLBIN Sp. z o.o.;(18)5213628;;
Polmet Sp. z o.o.;(32)2842345;;
Polmet Sp. z o.o.;(32)2842317;;
POLSIDER Sp. z o.o.;(32)2525485;;
POLSIDER Sp. z o.o.;(32)2527290;;
Polska Unia Dystrybutorów Stali;(22)8266191;;
POLSTAL Przedsiębiorstwo Obrotu Wyrobami Hutniczymi;(22)6319059;;
POLSTAL Przedsiębiorstwo Obrotu Wyrobami Hutniczymi;(22)3492955;;
POMIAN DUKAT i Wspólnicy Sp.j.;(12)6445761;;
POMIAN DUKAT i Wspólnicy Sp.j.;(12)6434601;;
POWH STALIMPORT Marcinkowski & Wspólnicy Sp.j.;(54)2872070;;
POWH STALIMPORT Marcinkowski & Wspólnicy Sp.j.;(54)2873109-12;;
PPH FeREX Sp. z o.o.;(12)6535321-24;;
PPH FeREX Sp. z o.o.;(12)6535320;;
PPHiT PLIMET;(34)3171719;;
PPHiT PLIMET;(34)3171726;;
PPHT ANNA;605046025;;
PPHT ANNA;(12)4129297;;
PPHU BINPOL;(46)8567393;;
PPHU BINPOL;500032830;;
PPHU ELEKTROMETAL Sp.j.;(32)2719131;;
PPHU ELEKTROMETAL Sp.j.;(32)2715052;;
PPHU ELEKTROMETAL Sp.j. Oddział Wałbrzych;(74)8425896;;
PPHU ELEKTROMETAL Sp.j. Oddział Wałbrzych;609941114;;
PPHU ELSTAL E.Gruchel, J.Gruchel Sp.j.;(32)2427007;;
PPHU ELSTAL E.Gruchel, J.Gruchel Sp.j.;(32)2428402;;
PPHU HAS Sp. z o.o.;(32)2671918;;
PPHU HAS Sp. z o.o.;(32)2671968;;
PPHU STAL-KOMFORT S.c.;(77)4061505;;
PPHU STAL-KOMFORT S.c.;(77)4061506;;
PPUH CERTO-STAL S.c.;(63)2610521;;
PPUH CERTO-STAL S.c.;(63)2619324;;
PPUH PROAL S.c.;(33)8100185;;
PPUH PROAL S.c.;(33)8165430;;
PPUH STAWEX;(25)6825794;;
PPUH STAWEX;(25)6825732;;
PPUH TECHSTAL;(32)2841555;;
PPUH TECHSTAL;(32)2840176;;
PRESTO STAL;(52)3951124;;
PRESTO STAL;(52)5652200;;
Profi-INV Sp. z o.o.;(12)4326810;;
PROFI-STAL;(22)7279141;;
PROFI-STAL;(22)7278398;;
PROFIT Sp. z o.o.;(74)6649240;;
PROFIT Sp. z o.o.;(74)6649268;;
PROMAT Wyroby Hutnicze;(17)8547604;;
PROMAT Wyroby Hutnicze;(17)8547399;;
PROMET Sp. z o.o.;(56)4622958;;
PROMET Sp. z o.o.;(56)4644542;;
PROSTOSTAL Agnieszka Majewska;601522601;;
PROSTOSTAL Agnieszka Majewska;692624465;;
PROWENT Rafał Boroń;(74)6649662;;
PROWENT Rafał Boroń;(74)6649663;;
Przedsiębiorstwo Handlowe DARWEX;(32)6710954;;
Przedsiębiorstwo Handlowe EKO-STAL;(56)6554476;;
Przedsiębiorstwo Handlowe EKO-STAL;698449449;;
Przedsiębiorstwo Handlowe SORTING S.c.;(32)2786105;;
Przedsiębiorstwo Handlowe SORTING S.c.;(32)2786103;;
Przedsiębiorstwo Handlowe STALMET;(24)3656468;;
Przedsiębiorstwo Handlowe STALMET;(24)3656467;;
Przedsiębiorstwo Handlowe Usługowe STAL-TECH Hurtownia Stali;(74)6632913;;
Przedsiębiorstwo Handlowe Usługowe STAL-TECH Hurtownia Stali;518644149;;
Przedsiębiorstwo Handlowo Usługowe Artur Plichta;602438522;;
Przedsiębiorstwo Handlowo Usługowe ROMAKS-STAL;(32)2168533;;
Przedsiębiorstwo Handlowo Usługowe ROMAKS-STAL;512287061;;
Przedsiębiorstwo Handlowo-Usługowe CHEMISTAL Sp. z o.o.;(71)3512997;;
Przedsiębiorstwo Handlowo-Usługowe CHEMISTAL Sp. z o.o.;(71)3510017;;
Przedsiębiorstwo Handlowo-Usługowe KKS STEEL;(61)8189615;;
Przedsiębiorstwo Handlowo-Usługowe KKS STEEL;602406647;;
Przedsiębiorstwo Handlowo-Usługowe KOSNOSTAL;(032)7614665;;
Przedsiębiorstwo Handlowo-Usługowe KOSNOSTAL;(032)2947628;;
Przedsiębiorstwo Handlowo-Usługowe PIOMAR Sp.j. Bożena Haberko, Piotr Jezioro;(12)2900306;;
Przedsiębiorstwo Handlowo-Usługowe PIOMAR Sp.j. Bożena Haberko, Piotr Jezioro;(12)2900307;;
Przedsiębiorstwo Inżynieryjno-Handlowe TOPOL Sp. z o.o.;(32)3166084;;
Przedsiębiorstwo Inżynieryjno-Handlowe TOPOL Sp. z o.o.;(32)3161135-38;;
Przedsiębiorstwo KREZUS M.Zarzycki Sp.j.;(32)2039450;;
Przedsiębiorstwo KREZUS M.Zarzycki Sp.j.;(32)2039435;;
Przedsiębiorstwo Obrotu Wyrobami Hutniczymi EUROSTAL S.A.;(32)3880660-61;;
Przedsiębiorstwo Obrotu Wyrobami Hutniczymi EUROSTAL S.A.;(32)3880688;;
Przedsiębiorstwo PRO-STAL Sp. z o.o.;(32)3632146;;
Przedsiębiorstwo PRO-STAL Sp. z o.o.;(32)4420039;;
Przedsiębiorstwo Produkcyjno Handlowo Usługowe KOMP-STAL Sp.j.;(71)3674635;;
Przedsiębiorstwo Produkcyjno Handlowo Usługowe KOMP-STAL Sp.j.;(071)3673086;;
Przedsiębiorstwo Produkcyjno-Handlowe MET-BUD Brygman;(54)2326365;;
Przedsiębiorstwo Produkcyjno-Handlowe MET-BUD Brygman;(54)4118242;;
Przedsiębiorstwo Produkcyjno-Handlowo-Usługowe ALMA;(76)8356657;;
Przedsiębiorstwo Produkcyjno-Handlowo-Usługowe ALMA;601748642;;
Przedsiębiorstwo PROF-TECH Tomasz Durski;(63)2113265;;
Przedsiębiorstwo PROF-TECH Tomasz Durski;(63)2113267;;
Przedsiębiorstwo Prywatne KOLTECH;(94)3167787;;
Przedsiębiorstwo Prywatne KOLTECH;603797641;;
Przedsiębiorstwo Usługowe HARISPAL Paulina Szilistowska;(32)2948039;;
Przedsiębiorstwo Usługowe HARISPAL Paulina Szilistowska;(32)2948040;;
Przedsiębiorstwo Usługowo-Handlowo-Produkcyjne KLINEX Ryszard Mrozek;607286951;;
Przedsiębiorstwo Usługowo-Handlowo-Produkcyjne KLINEX Ryszard Mrozek;(32)3902506;;
Przedsiębiorstwo Usługowo-Wytwórcze STOLMEX Sp.j.;(58)5623180;;
Przedsiębiorstwo Usługowo-Wytwórcze STOLMEX Sp.j.;(58)5620661;;
Przedsiębiorstwo Wielobranżowe A-B Włodzimierz Doch;(75)7131478;;
Przedsiębiorstwo Wielobranżowe A-B Włodzimierz Doch;(75)6482282;;
Przedsiębiorstwo Wielobranżowe Agrometal S.c. Jolanta Burek, Urszula Gamzera;(32)7688806;;
Przedsiębiorstwo Wielobranżowe Agrometal S.c. Jolanta Burek, Urszula Gamzera;(32)7688712;;
Przedsiębiorstwo Wielobranżowe BISTAR Sp.komandytowa;(85)6643320;;
Przedsiębiorstwo Wielobranżowe BISTAR Sp.komandytowa;(85)6643324;;
Przedsiębiorstwo Wielobranżowe CENTROSTAL S.A.;(94)3728900;;
Przedsiębiorstwo Wielobranżowe CENTROSTAL S.A.;(94)3743254;;
Przedsiębiorstwo Wielobranżowe FERKUT;(091)4829325;;
Przedsiębiorstwo Wielobranżowe FERKUT;502631327;;
Przedsiębiorstwo Wielobranżowe GOMAR;(32)4712481;;
Przedsiębiorstwo Wielobranżowe GOMAR;(32)4711378;;
Przedsiębiorstwo Wielobranżowe HURT-MET;(63)2619220;;
Przedsiębiorstwo Wielobranżowe HURT-MET;(63)2727968;;
Przedsiębiorstwo Wielobranżowe Hurtownia Stali SILWA;(61)4253423;;
Przedsiębiorstwo Wielobranżowe KASZMIR;(56)6550801;;
Przedsiębiorstwo Wielobranżowe KASZMIR;(56)6522662;;
Przedsiębiorstwo Wielobranżowe STAL;796790957;;
Przedsiębiorstwo Wielobranżowe WABER Roman Wabnic;(63)2610517;;
Przedsiębiorstwo Wielobranżowe WABER Roman Wabnic;(63)2729701;;
Przedsiębiorstwo Wielobranżowe WIND-STAL S.c. Dariusz Kowalczyk, Dorota Kowalczyk;(63)2610439;;
Przedsiębiorstwo Wielobranżowe WIND-STAL S.c. Dariusz Kowalczyk, Dorota Kowalczyk;693204111;;
PTHU PROFIT Przedsiębiorstwo Obrotu Metalami;602298888;;
PTHU PROFIT Przedsiębiorstwo Obrotu Metalami;(42)6428003;;
PUH Komplex;(74)6659888;;
PUH Komplex;(74)6659998;;
PUH SIM S.c.;(22)6518515;;
PUH SIM S.c.;(22)6427808;;
PUSTUŁ Ślusarstwo Produkcyjno Usługowe Sp.j.;(34)3613944;;
PUSTUŁ Ślusarstwo Produkcyjno Usługowe Sp.j.;(34)3664558;;
Quest Investment Sp. z o.o.;(32)2849026;;
Radex-Stal Sp. z o.o.;(32)2836900;;
Radex-Stal Sp. z o.o.;(32)2836903;;
Radex-Stal Sp. z o.o.;(32)2836900;;
Radex-Stal Sp. z o.o.;(32)2836903;;
RAFSTAL Sp. z o.o.;(32)7676000;;
RAFSTAL Sp. z o.o.;(32)7676123;;
RDS STAL;(24)2667777;;
RDS STAL;(24)2667788;;
REMUS Zakład Usługowo-Handlowy;(32)2329503;;
REMUS Zakład Usługowo-Handlowy;607939793;;
Restal GCS Sp. z o.o. Sp.k.;(17)8538240;;
Restal GCS Sp. z o.o. Sp.k.;(17)8537123;;
ROLLS-ROLLS Inc.;(12)6372335;;
ROLLS-ROLLS Inc.;(12)6369173;;
RS-STAL Zakład Prefabrykacji Stali Zbrojeniowej;504147868;;
RS-STAL Zakład Prefabrykacji Stali Zbrojeniowej;516037779;;
Salzgitter Mannesmann Stahlhandel Sp. z o.o.;(63)2743800;;
Salzgitter Mannesmann Stahlhandel Sp. z o.o.;(63)2743808;;
Sambud-2 Filia Radom;(48)3652496;;
Sambud-2 Filia Radom;(48)3653497;;
SAMBUD-2 K.Stępak i Wspólnicy Sp.j.;(12)4259292;;
SAMBUD-2 K.Stępak i Wspólnicy Sp.j.;(12)6449292;;
SAPstal;512142245;;
SEMI 2 Sp. z o.o. i Wspólnicy Sp.j.;(42)6392460;;
SEMI 2 Sp. z o.o. i Wspólnicy Sp.j.;(42)6392461;;
Serwis Polska Sp. z o.o.;(32)2221669;;
Serwis Polska Sp. z o.o.;(32)2221820;;
SIMSTAL Sp. z o.o.;(32)3813371-79;;
SIMSTAL Sp. z o.o.;(32)2842993;;
SKAAP Sp. z o.o.;(32)3454595;;
SKAAP Sp. z o.o.;(32)3454596;;
Skład Wyrobów Stalowych HSS Sp. z o.o.;(32)4194199;;
Skład Wyrobów Stalowych HSS Sp. z o.o.;(32)4194433;;
Składnica Wyrobów Hutniczych i Innych Sp. z o.o.;(71)3557855;;
SOPOL Solewodzińscy Sp.j.;(32)7797379;;
SOPOL Solewodzińscy Sp.j.;(32)2028504;;
STABAU;600022434;;
STADAM;(94)3120686;;
STADAM;(94)7213087;;
STAL INSTAL;798557146;;
Stal Inwest;(12)2653460;;
Stal Inwest;(12)6230711;;
STAL SERVICE Sp. z o.o.;(22)7724825;;
STAL SERVICE Sp. z o.o.;(22)7725025;;
STAL SERWIS;(22)4903112;;
STAL SERWIS;600500921;;
STAL-BET;(91)3870647;;
STAL-BET;694632421;;
Stal-Bud;(89)5357337;;
Stal-Bud;608458460;;
STAL-CZAR Wyroby Hutnicze;(52)3879510;;
STAL-CZAR Wyroby Hutnicze;604774087;;
STAL-GAT;(24)2629292;;
STAL-GAT;(24)2685499;;
Stal-Hut-Produkt Sp. z o.o.;(32)2585639;;
Stal-Hut-Produkt Sp. z o.o.;(32)2598721;;
STAL-KOM;609990459;;
STAL-MET;(42)7161007;;
STAL-MET;(42)7168631;;
STAL-MET OBORNIKI Sp. z o.o.;(61)2964602;;
STAL-MET OBORNIKI Sp. z o.o.;604107522;;
STAL-NET Danuta i Bohdan Mołodij;(32)7684800;;
STAL-NET Danuta i Bohdan Mołodij;(32)7684801;;
STAL-PRODUKT Sp.j.;(34)3137055;;
STAL-PRODUKT Sp.j.;(34)3131049;;
STALBOK Krzysztof Borysiuk;(22)7515171;;
STALBOK Krzysztof Borysiuk;602761338;;
Stale Nierdzewne BODEX;(33)4742961;;
Stale Nierdzewne BODEX;604182100;;
STALER MARKET Sp. z o.o.;(54)2333750;;
STALER MARKET Sp. z o.o.;(54)2333438;;
STALER pręty żeliwne, odkuwki swobodnie kute i matrycowe;(63)2616775;;
STALER pręty żeliwne, odkuwki swobodnie kute i matrycowe;(63)2205740;;
STALER Towarzystwo Gospodarcze;(56)6122174;;
STALER Towarzystwo Gospodarcze;(56)6122110;;
Stalesia Sp. z o.o.;(12)2601065;;
Stalesia Sp. z o.o.;(12)2638988;;
STALEXPERT Stal Jakościowa;(32)7756065;;
STALEXPERT Stal Jakościowa;(32)7578827;;
STALKAT Sp. z o.o.;(71)3670527;;
STALKAT Sp. z o.o.;(71)3361584;;
STALMAG Sp. z o.o.;(32)7712801;;
STALMAG Sp. z o.o.;(32)7712800;;
STALMAK;(44)6824205;;
STALMAK;504030150;;
STALMAX Sp.j. - Wyroby Hutnicze;(24)2359120;;
STALMAX Sp.j. - Wyroby Hutnicze;(24)2359121;;
STALMAX Wyroby Hutnicze Roman Kamiński;(58)6818699;;
STALMER;(32)2816088;;
STALMER;519088182;;
STALMET Nekla Wyroby Hutnicze;(61)4386310;;
STALPOL R.Rozyn, J.Olszowy Sp.j.;(81)7451304;;
STALPOL R.Rozyn, J.Olszowy Sp.j.;(81)7451305;;
STALPRODUKT S.A.;(14)6151000;;
STALPRODUKT S.A.;(14)6151118;;
Stalprodukt-Centrostal Kraków Sp. z o.o.;(12)6151900;;
Stalprodukt-Centrostal Kraków Sp. z o.o.;(12)6151935;;
STALREX Sp.j.;(32)2118016;;
STALREX Sp.j.;(32)2119569;;
STALSERWIS - CHOJNICE S.A.;(52)3950510;;
STALSERWIS - CHOJNICE S.A.;(52)3951172;;
Stalton Sp. z o.o.;(17)8542761;;
Stalton Sp. z o.o.;(17)8542703;;
STAM - stal;(74)8499035;;
STAM - stal;(74)8466031;;
Steel Wechta Sp. z o.o. Sp.j.;(61)8677321;;
Steel Wechta Sp. z o.o. Sp.j.;(61)8689104;;
STEEL-BOX;(42)6558140;;
STEEL-BOX;(42)6405249;;
STRONG STEEL POLAND;513447144;;
Śląski Handel Metalami Sp. z o.o.;(33)3339083;;
Śląski Handel Metalami Sp. z o.o.;(33)3339088;;
Tad-Met Sp.j.;(58)6862195;;
Techmaprojekt Sp. z o.o.;(58)3431111;;
Techmaprojekt Sp. z o.o.;(58)3421900;;
TECHNOSTAL S.c.;790230700;;
TECHNOSTAL S.c.;(63)2204431;;
Techservice Sp. z o.o.;(32)6082719;;
Techservice Sp. z o.o.;(32)6082715;;
TECO-STAL Rafał Naperty;(58)3201391;;
TECO-STAL Rafał Naperty;(58)3220631;;
TENER Sp. z o.o.;(32)2000127;;
TESKO STEEL Sp. z o.o.;(32)4238878;;
TESKO STEEL Sp. z o.o.;(32)4329131;;
Theis Polska Sp. z o.o.;(32)7069713;;
Theis Polska Sp. z o.o.;(32)7069710;;
ThyssenKrupp Energostal S.A. Filia Koszalin;(94)3439460;;
ThyssenKrupp Energostal S.A. Filia Koszalin;(94)3439463;;
ThyssenKrupp Energostal S.A. Filia Lubin;(76)8440804;;
ThyssenKrupp Energostal S.A. Filia Lubin;(76)8440801;;
ThyssenKrupp Energostal S.A. Filia Olsztyn;(89)5322011;;
ThyssenKrupp Energostal S.A. Filia Olsztyn;(89)5320992;;
ThyssenKrupp Energostal S.A. Oddział Lublin;(81)7101551;;
ThyssenKrupp Energostal S.A. Oddział Lublin;(81)7101561;;
TOM STAL;502693283;;
TOM STAL;502285171;;
TOM-STAL;509156141;;
Transtal;(14)6421565;;
Transtal;(14)6428643;;
UNIONSTAL Sp. z o.o.;(32)6080328;;
UNIONSTAL Sp. z o.o.;(32)6080337;;
Univers S.c.;(91)4829067;;
Univers S.c.;(91)4829071;;
UNIVERSAL-STAL Sp. z o.o.;(32)3449700;;
UNIVERSAL-STAL Sp. z o.o.;(32)2443722;;
USAT Usługi Ślusarskie Arkadiusz Turlej;(22)8125638;;
USAT Usługi Ślusarskie Arkadiusz Turlej;605407819;;
VEROSTAL Sp. z o.o.;(32)7521831;;
VEROSTAL Sp. z o.o.;(32)6155920;;
Virmet Sp. z o.o.;(81)5174200;;
Virmet Sp. z o.o.;(81)5175840;;
VISTAL S.A.;(071)3488311;;
VISTAL S.A.;(071)3488313;;
W.R. MASTALERZ WYROBY HUTNICZE PRZEMYSŁOWE;(41)3428030;;
W.R. MASTALERZ WYROBY HUTNICZE PRZEMYSŁOWE;(41)3692788;;
WESTOL Woźniak Sp.j.;(62)7618415;;
WESTOL Woźniak Sp.j.;(62)7619931;;
WISTAL Sp.j.;(74)8522642;;
WISTAL Sp.j.;(74)8521274;;
WOBI-STAL Sp. z o.o.;(15)8134100;;
WOBI-STAL Sp. z o.o.;(15)8134101;;
WOLFTEN Siemieniec, Wróblewski Sp.j.;(71)3334716;;
WOLFTEN Siemieniec, Wróblewski Sp.j.;(71)3632187;;
WOMM-STAL S.c.;602295510;;
WOMM-STAL S.c.;602295878;;
Wyroby Hutnicze DOFAK II S.c. M.Dobisz, A.Dobisz;(33)4887829;;
Wyroby Hutnicze DOFAK II S.c. M.Dobisz, A.Dobisz;(33)4887831;;
WYROBY HUTNICZE Grzegorz Gomulak i S-ka Sp.j.;(12)2737499;;
WYROBY HUTNICZE Grzegorz Gomulak i S-ka Sp.j.;(12)2737702;;
Wyroby Hutnicze STALPOZ;(61)6502611;;
Wyroby Hutnicze STALPOZ;(61)8741897;;
Wyroby Hutnicze W-F;(62)7644440;;
Wyroby Hutnicze W-F;(62)7644446;;
Z.H.U. Mar-Kam;(56)6570325;;
Z.H.U. Mar-Kam;(56)6570326;;
Z.H.U.P. STALSERWIS S.c.;(33)4975953;;
Z.H.U.P. STALSERWIS S.c.;(33)4975954;;
Z.P.H. STAL;(67)2619029;;
Z.P.H. STAL;509694545;;
Z.U.H. MAX Hurtownia Stali, Skład Opału, Skup Złomu;(76)8353867;;
Zakład Handlowo-Usługowo-Produkcyjny MARLON-STAL;(33)8104838;;
Zakład Handlowo-Usługowo-Produkcyjny MARLON-STAL;(33)8151021;;
Zakład Techniki Odlewniczej PROMET Sp. z o.o.;(74)8408312;;
Zakład Techniki Odlewniczej PROMET Sp. z o.o.;(74)8408315;;
Zakład Walcowniczy PROFIL S.A.;(12)6802400;;
Zakład Walcowniczy PROFIL S.A.;(12)6802405;;
Zakłady Górniczo-Hutnicze BOLESŁAW S.A.;(32)2955100;;
Zakłady Górniczo-Hutnicze BOLESŁAW S.A.;(32)2955000;;
Zakłady Magnezytowe ROPCZYCE S.A.;(17)2229222;;
Zakłady Magnezytowe ROPCZYCE S.A.;(17)2218593;;
Zarmen FPA Sp. z o.o.;(77)5457000;;
Zarmen FPA Sp. z o.o.;(77)5457099;;
ZBISTAL;(74)8153315;;
ZBISTAL;(74)8153456;;
ZM Invest S.A.;(17)2229578;;
ZM Invest S.A.;(17)2229579;;
ZM SILESIA S.A.;(32)3587400;;
ZM SILESIA S.A.;(32)2598331;;
Zof-Stal;(32)3762835;;
Zof-Stal;(32)3762836;;
ZPRH PROHUTREM Sp. z o.o.;(32)6711900-05;;
ZPRH PROHUTREM Sp. z o.o.;(32)6711903;;
Zystal Marcin Zyska;(22)3896272;;
Zystal Marcin Zyska;(22)3000900;;
P.H.U. OMAN;695266472;;
SANDC Steel and Constructions Sp. z o.o.;570645750;;
ABR Sp. z o.o.;(32)3260621;;
ABR Sp. z o.o.;(32)3260625;;
AKROSTAL;(61)6601010-60;;
Almagna Sp. z o.o.;(71)7950345;;
Almagna Sp. z o.o.;(71)7950346-47;;
ALMEX Sp. z o.o.;(91)4624862;;
ALMEX Sp. z o.o.;(91)4623717;;
AMBIT Sp. z o.o.;(85)7197796;;
AMBIT Sp. z o.o.;(85)7197542;;
ANGA;(22)7738117;;
ANGA;504133295;;
ANGO Odlewnia Metali Nieżelaznych;(22)6101810;;
ANGO Odlewnia Metali Nieżelaznych;601992234;;
Armatura Przemysłowa i Pompy MAR-MAG;(56)6553493;;
Armatura Przemysłowa i Pompy MAR-MAG;(56)6231360;;
ARMEM-STAL S.c.;(77)4582045;;
BE Group Sp. z o.o.;(58)6694100;;
BE Group Sp. z o.o.;(58)6694130;;
BIAGLASS Huta Szkła Białystok Sp. z o.o.;(85)6539917-18;;
BIAGLASS Huta Szkła Białystok Sp. z o.o.;(85)6539919;;
BioCore Recycling Sp. z o.o.;(32)2568264;;
BLOK-BUD Sp.j. Krawczykowski Fabian;(44)6826141;;
BLOK-BUD Sp.j. Krawczykowski Fabian;(44)6826779;;
BRELSKI Handel i Usługi Transportowe Wojciech Brelski;(052)3982269;;
BUD-METALLCO Przedsiębiorstwo Wielobranżowe Sp. z o.o.;(32)3362752;;
BUD-METALLCO Przedsiębiorstwo Wielobranżowe Sp. z o.o.;(32)3362753;;
Budo-Market Sp.j.;(22)7811707;;
Budo-Market Sp.j.;(22)7811677;;
BUDO-STAL E&R R.Gąsiorowski E.Gąsiorowska J.Gąsiorowska S.c.;(43)6752047;;
BUDO-STAL E&R R.Gąsiorowski E.Gąsiorowska J.Gąsiorowska S.c.;604566995;;
BUDOMAT PRUS Sp.j.;(22)7577614;;
BUDOMAT PRUS Sp.j.;607042071;;
BUDWAL Sp. z o.o.;(24)2754781;;
BUDWAL Sp. z o.o.;(24)2757928;;
BWB;(44)6334349;;
BWB;(44)6330858;;
CARBO-PORT Sp. z o.o.;(32)4230450;;
CARBO-PORT Sp. z o.o.;(32)4235552;;
Centrala Zaopatrzenia Górnictwa S.A.;(32)7573900;;
Centrala Zaopatrzenia Górnictwa S.A.;(32)7573901;;
Centropłyt Sp. z o.o.;(94)3741972;;
Centropłyt Sp. z o.o.;(94)3742025;;
CENTROZŁOM WROCŁAW S.A.;(71)3566600;;
CENTROZŁOM WROCŁAW S.A.;(71)3566666;;
CENTROZŁOM WROCŁAW S.A. Oddział Konin;(63)2202379;;
CENTROZŁOM WROCŁAW S.A. Oddział Konin;(63)2466677;;
Centrum Usług Serwisowych Polska Sp. z o.o.;(32)3567453;;
CERTUS Sp.j.;(15)8430133;;
CERTUS Sp.j.;(15)8445885;;
CHEMAL;693360597;;
CHEMAL;(34)3297011;;
CSM Sp. z o.o.;(58)6640110;;
CSM Sp. z o.o.;(58)6230712;;
Dalmond Trading Polska Sp. z o.o.;(58)5555250;;
Dalmond Trading Polska Sp. z o.o.;(58)5555255;;
DARKMET Dariusz Jagodziński;663763861;;
DARKMET Dariusz Jagodziński;(42)2128362;;
DDM Surowce Dominik Małecki;606831370;;
DDM Surowce Dominik Małecki;604751643;;
DEGA-PLUS Sp. z o.o. Izolacja Rur Przewodowych;(32)2487225;;
DEGA-PLUS Sp. z o.o. Izolacja Rur Przewodowych;(32)2486900;;
Dolnośląskie Towarzystwo Gospodarcze Sp. z o.o.;537077228;;
DOMBUD Hurtownia Materiałów Budowlanych S.c.;(59)8343344;;
DOMBUD Hurtownia Materiałów Budowlanych S.c.;602341484;;
DOSTAL Andrzej Dostatni, Wojciech Dostatni Sp.j.;(22)7205645;;
DOSTAL Andrzej Dostatni, Wojciech Dostatni Sp.j.;601444588;;
EcoRecycling Poland Sp. z o.o.;(85)6635246;;
EcoRecycling Poland Sp. z o.o.;(85)6635266;;
EKOINSTAL JAN KLUSKO I PARTNERZY Sp.j.;(32)3888900;;
EKOINSTAL JAN KLUSKO I PARTNERZY Sp.j.;(32)3888950;;
EL-BUD;(61)2836520;;
EL-BUD;(61)2836427;;
Ematech S.A.;(32)2238304;;
Ematech S.A.;(32)2253942;;
EuroPanels Sp. z o.o.;(54)4132015;;
EuroPanels Sp. z o.o.;(54)4132067;;
EVCOM-TRADE Minerals Sp. z o.o.;896707777;;
EVRO Sp. z o.o.;(12)2925029;;
EVRO Sp. z o.o.;(12)2925030;;
F.H.P. DEKORMET S.c.;(12)2723295;;
F.H.P. DEKORMET S.c.;(12)2720347;;
F.H.U. ARTMET;501477388;;
F.H.U. WISBUD;(77)4633633;;
F.U.H. Echo-Test;(32)3409103wew.212;;
F.U.H. Echo-Test;(32)2482850ul.Przedszkolna;;
FB Centrum Stali S.c.;(42)6300848;;
FB Centrum Stali S.c.;(42)6301031;;
FERRUM S.A.;(32)7304453;;
FERRUM S.A.;(32)7304799;;
FHU INSBUD;(34)3513235;;
FHU INSBUD;(34)3513237;;
FHU METAL-MAR S.c. Antoni i Ireneusz Marcinkiewicz;(32)2675421;;
FHU METAL-MAR S.c. Antoni i Ireneusz Marcinkiewicz;(32)2676272;;
FHUP TEWAK S.c.;(17)2256180;;
FHUP TEWAK S.c.;(17)2258226;;
Finco-Stal Serwis Sp. z o.o.;(46)8579000;;
Finco-Stal Serwis Sp. z o.o.;(46)8579001;;
Firma Handlowa ZAJKOWSKA;(85)7455029;;
Firma Handlowa ZAJKOWSKA;(85)7455910;;
Firma Handlowo-Usługowa CESTAL R.Hryciuk, M.Wiczuk Sp.j.;(25)7596564;;
Firma Handlowo-Usługowa CESTAL R.Hryciuk, M.Wiczuk Sp.j.;(25)7596563;;
Firma Produkcyjno Usługowa Systemy Aluminiowe-SystemyAlu.pl;601254018;;
Firma Produkcyjno Usługowa Systemy Aluminiowe-SystemyAlu.pl;510101472;;
Firma RAMSTAL;606233080;;
Firma SŁAWEX Zbigniew Sławiński;(84)6644054;;
Firma SŁAWEX Zbigniew Sławiński;(84)6658529;;
Firma Usługowo-Handlowa Metale Szlachetne;793005143;;
Firma Usługowo-Handlowa Metale Szlachetne;513325476;;
ForFaktor Sp. z o.o.;(32)2622223;;
ForFaktor Sp. z o.o.;509036860;;
GAZBUT;(58)5361494;;
Gminna Spółdzielnia SAMOPOMOC CHŁOPSKA w Skoczowie;(33)8533383-85;;
Gminna Spółdzielnia SAMOPOMOC CHŁOPSKA w Skoczowie;(33)8533517;;
Górnicze Zakłady Dolomitowe S.A.;(32)6744300;;
Górnicze Zakłady Dolomitowe S.A.;(32)6744350;;
GRG-STAL Sp. z o.o.;(32)7259196;;
GRG-STAL Sp. z o.o.;(32)7209793;;
Grupa NESTA;(56)6603232;;
Grupa NESTA;(56)6603233;;
GWARANT Grupa Kapitałowa S.A.;(32)3593800-05;;
GWARANT Grupa Kapitałowa S.A.;(32)3593806;;
HAROL;(68)3852255;;
HAROL;607083143;;
HTM Zygmunt;(17)2429878;;
HTM Zygmunt;(17)2403130;;
HTS Spaczyńscy Sp. z o.o. Oddział Chorzów;(32)2460951;;
HTS Spaczyńscy Sp. z o.o. Oddział Chorzów;(32)2460953;;
Huta Buczek Sp. z o.o.;(32)7215200w.100;;
Huta Buczek Sp. z o.o.;(32)7215200w.110;;
Huta Szkła FENIKS 2 Sp. z o.o.;(44)7326834;;
Huta Szkła FENIKS 2 Sp. z o.o.;(44)7323612;;
HUTMEN S.A.;(71)3348300;;
HUTMEN S.A.;(71)3390347;;
HUTNIK Sp. z o.o.;(33)8446647;;
HUTNIK Sp. z o.o.;(33)8455133;;
HUTPOL - kompleksowe zaopatrzenie przemysłu;887850870;;
HUTPOL - kompleksowe zaopatrzenie przemysłu;(32)2733090;;
IMPOSTAL Sp. z o.o.;(52)5246342;;
IMPOSTAL Sp. z o.o.;(52)5610079;;
IN SPE Sp. z o.o.;(12)3871403;;
IN SPE Sp. z o.o.;(12)3871049;;
INDUSTRA POLSKA Bogumiła Niekrasz;697569969;;
Invest Metal Sp. z o.o. Sp.komandytowa;(58)7463754;;
Invest Metal Sp. z o.o. Sp.komandytowa;(58)7463756;;
Invest-Tech Sp. z o.o.;(56)6563937;;
Invest-Tech Sp. z o.o.;(56)6570865;;
IVARONI Robert Zaorski;535092091;;
IVARONI Robert Zaorski;500340306;;
IZOSTAL S.A.;(77)4056500;;
IZOSTAL S.A.;(77)4056501;;
J-STAL;601833738;;
JAWA Skład Budowlany;(75)7348435;;
JAWA Skład Budowlany;(75)7320524;;
K&M STEEL Maciej Majchrzak;(61)2224625;;
K&M STEEL Maciej Majchrzak;790716715;;
KAFRA;(22)6696456;;
KAFRA;(22)8350644;;
KAN-POL Producent Blachodachówek;(17)7729906;;
KAN-POL Producent Blachodachówek;(17)7729894;;
KBH AKORD Hernas, Komorowski Sp.j.;(12)6431175;;
KBH AKORD Hernas, Komorowski Sp.j.;(12)6446359;;
KBH Akord Metale Kolorowe Sp. z o.o. Oddział Kraków;(12)4113786;;
KBH Akord Metale Kolorowe Sp. z o.o. Oddział Kraków;(12)4229625;;
KBH Akord Metale Kolorowe Sp. z o.o. Oddział Tarnów;(14)6278705;;
KBH Akord Metale Kolorowe Sp. z o.o. Oddział Tarnów;(14)6273930;;
KGHM Polska Miedź S.A.;(76)7478200;;
KGHM Polska Miedź S.A.;(76)7478500;;
Kielecka Centrala Materiałów Budowlanych Teresa i Lech Markowicz;(41)3465513;;
Kielecka Centrala Materiałów Budowlanych Teresa i Lech Markowicz;695051714;;
KJK HANDEL;(15)6494534;;
KJK HANDEL;664434770;;
KLAR GLASS Sp. z o.o.;(61)8177017;;
KLAR GLASS Sp. z o.o.;(61)8177081;;
KM METAL MACHOŃ Sp.j.;(34)3268200;;
KM METAL MACHOŃ Sp.j.;(34)3268209;;
Konkurencyjne P.P.U.H. CZYSTOŚĆ;(76)8553573;;
Kowalstwo Artystyczne Bogdan Pluta;(44)6317471;;
Kowalstwo Artystyczne Bogdan Pluta;602381498;;
Kowstal Sp.j.;(61)8182059;;
Kowstal Sp.j.;(61)8182058;;
KRYSMET Anna Kopczyńska;(12)2645875;;
KRYSMET Anna Kopczyńska;(12)2926637;;
Leadpol Sp. z o.o.;(82)5452340;;
Leadpol Sp. z o.o.;(82)5452341;;
LUBAR Sp.j.;(32)4331635;;
LUBAR Sp.j.;(32)4331630;;
LYRMET;664439085;;
MADEX Sp. z o.o.;(22)7569781;;
MARKET ABC-Wyroby Hutnicze;(32)4714579;;
MARKET ABC-Wyroby Hutnicze;(32)4714487;;
MARKHEN Sp. z o.o.;(61)2923751;;
MARKHEN Sp. z o.o.;(61)2923719;;
MARYKOMA;(062)7216985;;
MARYKOMA;601070085;;
MASZYNOHURT;533777999;;
Materbud PHU S.c.;(24)2313057;;
Materbud PHU S.c.;602447542;;
MEBLO-STYL ECRU;(34)3288348;;
MEBLO-STYL ECRU;601190223;;
Metal Recykling Sp. z o.o.;(12)2762826;;
Metal-Max S.c.;(12)2882025;;
Metal-Max S.c.;606652403;;
METAL-TOP Odlewnia Żeliwa;(25)6856136;;
METAL-TOP Odlewnia Żeliwa;601443327;;
METAL-TRANS Sp. z o.o.;(34)3697121;;
METAL-TRANS Sp. z o.o.;(34)3697130;;
MetalCo Sp. z o.o.;(32)7834750;;
MetalCo Sp. z o.o.;(32)7834720-29;;
METALIKA stal nierdzewna;695403273;;
METALL-EXPRES Sp. z o.o.;(17)8603400;;
METALL-EXPRES Sp. z o.o.;(17)8603404;;
METALTECH-Piasecki Sp.j.;(23)7850110;;
METALTECH-Piasecki Sp.j.;(23)7850310;;
METALZBYT Polska Sp. z o.o.;(17)8609060;;
METALZBYT Polska Sp. z o.o.;(17)8609061;;
MetZłom Sp.j.;(59)8457071;;
MetZłom Sp.j.;509670793;;
MicroAge Robomatic Sp. z o.o.;(32)3291176;;
MicroAge Robomatic Sp. z o.o.;(32)3291232;;
Miner Sp.j.;(32)2633307;;
Miner Sp.j.;(32)2980035;;
MOBI Sp. z o.o.;(71)3608400;;
MOBI Sp. z o.o.;(71)3608403;;
Mont-Bud Sp. z o.o.;(91)4340645-46;;
Mont-Bud Sp. z o.o.;609691560;;
MONTOCHEM-OŚWIĘCIM Sp. z o.o.;(33)8422817;;
MONTOCHEM-OŚWIĘCIM Sp. z o.o.;(33)8473750;;
MOTOR ENERGY Sp. z o.o.;(22)8406748-50;;
MOTOR ENERGY Sp. z o.o.;(22)8406747;;
MT Metale Toruń S.c. Hurtownia Metali Kolorowych;(56)6548034;;
MT Metale Toruń S.c. Hurtownia Metali Kolorowych;601696699;;
NEW AGE Poland Sp. z o.o.;(56)6236435;;
NEW AGE Poland Sp. z o.o.;(56)6238381;;
Norma Bis;(22)7714565;;
Norma Bis;(22)7714495;;
Norton Sp. z o.o.;(32)2828472-73;;
Norton Sp. z o.o.;(32)2890517w.20;;
NOVA TRADING S.A. Stal Nierdzewna, Aluminium, Centrum Serwisowe;(56)6108888;;
NOVA TRADING S.A. Stal Nierdzewna, Aluminium, Centrum Serwisowe;(56)6108899;;
NTK Trade Sp. z o.o.;(67)3533929;;
NTK Trade Sp. z o.o.;734173938;;
ONURIS Sp. z o.o.;(12)4420045;;
P.H.P.U. Dominikana;(32)2170047;;
P.H.P.U. Dominikana;501447917;;
P.H.U RANIŚ;(68)3842031;;
P.H.U RANIŚ;(68)3470085;;
P.H.U. GREGOR;(52)3976867;;
P.H.U. GREGOR;(52)5651100;;
P.H.U. METAL-ZBYT S.c.;(32)2684624;;
P.H.U. METAL-ZBYT S.c.;604592666;;
P.H.U. OBAG A. i J.Kiełbasa Sp.j.;(74)8313053;;
P.H.U. OBAG A. i J.Kiełbasa Sp.j.;(74)8310045;;
P.H.U. Walter;783925837;;
P.H.U. Walter;602152973;;
P.H.U. WEGABUD;530886880;;
P.H.U. WEGABUD;(52)5824703;;
P.P.H. DREWNOSTAL;(34)3502193;;
P.P.H. DREWNOSTAL;(34)3502187;;
P.P.H. Energo-Silesia Sp. z o.o.;(77)4620160;;
P.P.H. Energo-Silesia Sp. z o.o.;(77)4049641;;
P.P.H.U. HANPOL Andrzej Holota;(14)6117779;;
P.P.H.U. HANPOL Andrzej Holota;(14)6119622;;
P.P.H.U. NIRO-TECH Krzysztof Szatkowski;(32)6164923;;
P.P.H.U. NIRO-TECH Krzysztof Szatkowski;(32)6164924;;
P.P.H.U. ORSTAL Jacek Orlikowski;(34)3289733;;
P.P.H.U. ORSTAL Jacek Orlikowski;(34)3287902;;
P.P.H.U. ROL-BUD Sp.j.;(52)3818060;;
P.P.H.U. ROL-BUD Sp.j.;(52)3649619;;
P.P.H.U. STAL-BUD Majcher-Wojtas Sp.j.;(16)6488300;;
P.P.H.U. Stalwit Sp.j.;(62)7632944;;
P.P.H.U. Stalwit Sp.j.;(62)2443844;;
P.P.M. DOMET Sp. z o.o.;(63)2113178;;
P.P.M. DOMET Sp. z o.o.;(63)2113450;;
P.P.U.H. STALMONT;(32)3455404;;
P.P.U.H. STALMONT;(32)2486048;;
P.U.H. Bodex;(32)2634118;;
P.U.H. Bodex;(32)7614771;;
P.U.H. PROMEN Sp.j.;(32)6177264;;
P.U.H. PROMEN Sp.j.;(32)6141548;;
P.W. ADACHIP;(81)5660884;;
P.W. ADACHIP;698691683;;
P.W. Marcin Ławicki;(056)6784310;;
P.W. Marcin Ławicki;601633708;;
P.W. VA-GIT;600323456;;
P.W. VA-GIT;(85)7438938;;
PANTRA Sp.j.;(15)6420344;;
PANTRA Sp.j.;(15)8444145;;
PASZKIEWICZ HOLDING Spółka z ograniczoną odpowiedzialnością Sp.komandytowa;(87)5650122;;
PASZKIEWICZ HOLDING Spółka z ograniczoną odpowiedzialnością Sp.komandytowa;(87)5653890;;
Patentus S.A.;(32)2101100;;
Patentus S.A.;(32)2101150;;
PAZGAN Sp. z o.o.;(22)6981454-55;;
PAZGAN Sp. z o.o.;(22)6981422;;
Permet S.c.;(41)2735300;;
Permet S.c.;694402466-67;;
PETROBUD Jędrzejewski Piotr;509571847;;
PETROBUD Jędrzejewski Piotr;825637340;;
PETROFER Polska Sp. z o.o.;(41)3465282;;
PETROFER Polska Sp. z o.o.;(41)3465248;;
PH EWMAR-NESS Sp. z o.o.;(32)2961100;;
PH EWMAR-NESS Sp. z o.o.;(32)2961133;;
PHU MERCUS BIS Sp. z o.o.;(12)2783433;;
PHU MERCUS BIS Sp. z o.o.;(12)2781441;;
PHU PARSTAL;(89)6462021;;
PHUP BUDMAR Sp. z o.o.;(95)7483630;;
PHUP BUDMAR Sp. z o.o.;(95)7484903;;
PIECEXPORT-PIECBUD Sp. z o.o.;322616501;;
PIECEXPORT-PIECBUD Sp. z o.o.;322616510;;
PK MET;512040594;;
PK MET;(52)3810660;;
Plimet S.c.;606444222;;
Plimet S.c.;602113232;;
POL-AM-PACK S.A.;(12)6623478;;
POL-AM-PACK S.A.;(12)6623477;;
POLAND ALLOYS Sp. z o.o.;(32)7359900;;
POLAND ALLOYS Sp. z o.o.;(32)7359922;;
POLCOPPER Sp. z o.o.;(65)5129908;;
POLCOPPER Sp. z o.o.;(65)5129828;;
POLHYDRO Sp.j.;(63)2112814;;
POLHYDRO Sp.j.;(63)2113165;;
POLMET Skup Złomu, Wyroby Hutnicze;(74)8678802;;
POLMET Skup Złomu, Wyroby Hutnicze;(74)8673453;;
POLODLEW Andrzej Kokosza;601395252;;
POLODLEW Andrzej Kokosza;605564024;;
PPH MIRMET Mieczysław Serek;(41)3725058;;
PPH MIRMET Mieczysław Serek;603982490;;
PPHU Lenax;(76)8786341;;
PPHU Lenax;(76)8786456;;
PPHU Magmar;668382433;;
PPHU METAL-MET;790320260;;
PPHU POM Sp. z o.o.;(17)2421453;;
PPHU POM Sp. z o.o.;(17)2426170;;
PPHU Silesia Sp. z o.o.;(33)8610317-19;;
PPHU Silesia Sp. z o.o.;(33)8612965;;
PPSiL Zygmunt Łotoszyński;(52)3872739;;
PPSiL Zygmunt Łotoszyński;601618143;;
Profactor Sp. z o.o.;(32)6709374;;
Profactor Sp. z o.o.;605313445;;
Przedsiębiorstwo Budowlane AMBIT Sp. z o.o.;(65)5389900;;
Przedsiębiorstwo Budowlane AMBIT Sp. z o.o.;(65)5389901;;
Przedsiębiorstwo Budownictwa i Handlu UNIPOL Sp. z o.o.;(34)3249209;;
Przedsiębiorstwo Budownictwa i Handlu UNIPOL Sp. z o.o.;(34)3654469;;
Przedsiębiorstwo Handlowo-Usługowe ROBSTAL;(62)7226717;;
Przedsiębiorstwo Handlowo-Usługowe ROBSTAL;(62)7227685;;
Przedsiębiorstwo Handlowo-Usługowe TORA Tomasz Sikorski;501556064;;
Przedsiębiorstwo Modernizacji Obiektów Przemysłowych CEMA S.A.;(77)4566486;;
Przedsiębiorstwo Modernizacji Obiektów Przemysłowych CEMA S.A.;(77)4538611;;
Przedsiębiorstwo Produkcyjno Handlowe BIAL-MET;(83)3443349;;
Przedsiębiorstwo Produkcyjno Handlowe BIAL-MET;(83)3447498;;
Przedsiębiorstwo Produkcyjno-Handlowo-Usługowe Zamech;(32)2651702;;
Przedsiębiorstwo Produkcyjno-Handlowo-Usługowe Zamech;(32)2658712;;
Przedsiębiorstwo Produkcyjno-Usługowo-Handlowe DUDPOL;(32)2668211;;
Przedsiębiorstwo Produkcyjno-Usługowo-Handlowe DUDPOL;503387158;;
Przedsiębiorstwo Produkcyjno-Usługowo-Handlowe ERMET-bis;(34)3630692;;
Przedsiębiorstwo Produkcyjno-Usługowo-Handlowe ERMET-bis;509738202;;
Przedsiębiorstwo Produkcyjno-Usługowo-Handlowe WIR Ryszard Chrabąszcz;(41)3722461;;
Przedsiębiorstwo Produkcyjno-Usługowo-Handlowe WIR Ryszard Chrabąszcz;(41)3722631;;
Przedsiębiorstwo Usługowo-Handlowo-Produkcyjne PIOSTAMAR Sp.j.;(52)3311329;;
Przedsiębiorstwo Usługowo-Handlowo-Produkcyjne PIOSTAMAR Sp.j.;(52)3316668;;
Przedsiębiorstwo Wielobranżowe ESPACE Małgorzata Sirko;609311312;;
Przedsiębiorstwo Wielobranżowe ESPACE Małgorzata Sirko;693423447;;
Przedsiębiorstwo Wielobranżowe MAT;(91)4308683;;
Przedsiębiorstwo Wielobranżowe MAT;(91)4308682;;
Przedsiębiorstwo Wielobranżowe POL-ZŁOM Sp.j.;(52)3187351;;
Przedsiębiorstwo Wielobranżowe POL-ZŁOM Sp.j.;(52)3187124;;
Przedsiębiorstwo Wielobranżowe REMEK;607063448;;
Przedsiębiorstwo Wielobranżowe Wtórmet;(41)3464708;;
Przedsiębiorstwo Wielobranżowe Wtórmet;(41)3465128;;
PU Agromax Marzena Perlak;(52)3853160;;
PUCHATEX;(58)5364400;;
PUCHATEX;(58)5360064;;
PUH JOWISZ Sp.j.;(18)3376120;;
PUH JOWISZ Sp.j.;(18)3378340;;
PZM WIMET - znaki drogowe;(22)7893115;;
PZM WIMET - znaki drogowe;(22)7893132;;
PZT UNIKOL Sp. z o.o.;(32)2784141;;
PZT UNIKOL Sp. z o.o.;(32)2716740;;
RAPZ Sp. z o.o.;(32)2625079;;
RAPZ Sp. z o.o.;(32)2622505;;
Reno-Tech Grzegorz Gałęzia;(41)2665834;;
SESTAL S.C.;(32)4416737;;
SESTAL S.C.;517976018;;
Skład Materiałów Budowlanych i Artykułów do Produkcji Rolnej Szczygieł Henryka i Mieczysław;(81)8552373;;
Skład Materiałów Budowlanych i Artykułów do Produkcji Rolnej Szczygieł Henryka i Mieczysław;(81)8546460;;
Skład Materiałów Budowlanych i Przemysłowych BUDOMEX Wojciech Sikora;(82)5724524;;
Składnica Artykułów Masowych WĘGLOPASZ Sp.j.;(52)3818540;;
Składnica Artykułów Masowych WĘGLOPASZ Sp.j.;(52)3818654;;
Solidus Sp. z o.o.;887040004;;
Solidus Sp. z o.o.;(32)7724636;;
Spółka Pracowników FLOREX S.A.;(32)7706090w.74,76;;
Spółka Pracowników FLOREX S.A.;(32)7706091;;
Stabilex S.c.;(42)6491558;;
Stabilex S.c.;602117386;;
STAL EXPERT POLSKA;(61)6707546;;
STAL EXPERT POLSKA;(61)6773729;;
STAL-ROL;(17)2262389;;
STAL-ROL;(17)2262605;;
STALBET S.c. Stalowe Konstrukcje;(85)7301122;;
STALBET S.c. Stalowe Konstrukcje;502235264;;
Stalconex;(33)8533407;;
Stalconex;(33)4793630;;
Stalpex Sp.j.;(63)2724484;;
Stalpex Sp.j.;(63)2724480;;
STEELMET Sp. z o.o. Sp.komandytowa;(71)3360547;;
STEELMET Sp. z o.o. Sp.komandytowa;(71)7893311;;
Sylwester Kozak - Ogrodzenia, Barierki, Balustrady, Metaloplastyka;664939816;;
SZAR S.A.;(34)3651795;;
SZAR S.A.;(34)3651619;;
TARGOR Rutkowscy Sp.j.;(29)7609271;;
TARGOR Rutkowscy Sp.j.;(29)7603816;;
TECHMAPROJEKT Sp. z o.o.;(22)3043300;;
TECHMAPROJEKT Sp. z o.o.;(22)3043302;;
TECHMET;(17)8543600;;
TECHMET;(17)8640650;;
ThyssenKrupp Eneregostal S.A. Oddział Łódź;(42)6771500;;
ThyssenKrupp Eneregostal S.A. Oddział Łódź;(42)6771501;;
ThyssenKrupp Energostal S.A.;(56)6119494;;
ThyssenKrupp Energostal S.A.;(56)6119575;;
ThyssenKrupp Energostal S.A. Filia Kalisz;(62)7674601;;
ThyssenKrupp Energostal S.A. Filia Kalisz;(62)7674603;;
ThyssenKrupp Energostal S.A. Filia Kielce;(41)3340297;;
ThyssenKrupp Energostal S.A. Filia Kielce;(41)3340299;;
ThyssenKrupp Energostal S.A. Filia Sosnowiec;(32)3639190;;
ThyssenKrupp Energostal S.A. Filia Sosnowiec;(32)3639199;;
ThyssenKrupp Energostal S.A. Oddział Białystok;(85)6644920;;
ThyssenKrupp Energostal S.A. Oddział Białystok;(85)6644929;;
ThyssenKrupp Energostal S.A. Oddział Błonie;(22)5940820;;
ThyssenKrupp Energostal S.A. Oddział Błonie;(22)5940822;;
ThyssenKrupp Energostal S.A. Oddział Dąbrowa Górnicza;(32)6395500;;
ThyssenKrupp Energostal S.A. Oddział Dąbrowa Górnicza;(32)6395562;;
ThyssenKrupp Energostal S.A. Oddział Gdańsk;(58)5226500;;
ThyssenKrupp Energostal S.A. Oddział Gdańsk;(58)5226504-05;;
ThyssenKrupp Energostal S.A. Oddział Kraków;(12)6886503;;
ThyssenKrupp Energostal S.A. Oddział Kraków;(12)6886501;;
ThyssenKrupp Energostal S.A. Oddział Łódź;(42)6771500;;
ThyssenKrupp Energostal S.A. Oddział Łódź;(42)6771501;;
ThyssenKrupp Energostal S.A. Oddział Poznań;(61)8404210;;
ThyssenKrupp Energostal S.A. Oddział Poznań;(61)8404202;;
ThyssenKrupp Energostal S.A. Oddział Rzeszów;(17)8642630;;
ThyssenKrupp Energostal S.A. Oddział Rzeszów;(17)8642640;;
ThyssenKrupp Energostal S.A. Oddział Szczecin;(91)4865163;;
ThyssenKrupp Energostal S.A. Oddział Szczecin;(91)4865180;;
ThyssenKrupp Energostal S.A. Oddział Wrocław;(71)3604730;;
ThyssenKrupp Energostal S.A. Oddział Wrocław;(71)3604746;;
TRAMET;(41)3470970;;
TRAMET;(41)3470971;;
TRANSBUD Skład Materiałów Budowlanych i Hutniczych;(48)6145142;;
TRANSBUD Skład Materiałów Budowlanych i Hutniczych;(48)6143159;;
TREKO LASER Sp. z o.o.;(12)2560001;;
TREKO LASER Sp. z o.o.;(12)2560058;;
Ulamex;(44)7109109;;
Ulamex;(44)7109101;;
UNIPOL CARBON-STEEL Sp. z o.o.;(32)3052036;;
VKM INWEST Sp.j.;(63)2408040;;
VKM INWEST Sp.j.;(63)2408041;;
Walcownia Metali DZIEDZICE S.A.;(32)7143000;;
Walcownia Metali DZIEDZICE S.A.;(32)7143100;;
WĘGLO-ZŁOM Sp. z o.o.;(52)3858755;;
WĘGLO-ZŁOM Sp. z o.o.;(52)3856126;;
Wielobranżowe Przedsiębiorstwo Handlowo-Produkcyjne Korax Franciszek Grabowski;(91)3173017;;
Wielobranżowe Przedsiębiorstwo Handlowo-Produkcyjne Korax Franciszek Grabowski;(91)3173117;;
WŁOZAMOT Panel Sp. z o.o.;(54)4132019;;
WŁOZAMOT Panel Sp. z o.o.;(54)4132015;;
XSTAL Sp. z o.o.;505222952;;
ZAKŁAD ODLEWNICZY Łukasz Zwias;(33)8541039;;
Zakład Produkcji Śrub MET-MARK Sp. z o.o.;(48)6175961-62;;
Zakład Produkcji Śrub MET-MARK Sp. z o.o.;(48)6170420;;
Zakład Produkcyjno-Handlowo-Usługowy RURMEX Dariusz Kuc;(34)3220033;;
Zakład Produkcyjno-Handlowo-Usługowy RURMEX Dariusz Kuc;695403433;;
Zakład Produkcyjny STALEM;(32)7664212;;
ZK Company;(22)8363090;;
ZK Company;608072595;;
Złom Edex;698903254;;
ŻELBET Sp. z o.o. Sp.komandytowa;531778500;;
ŻELBET Sp. z o.o. Sp.komandytowa;691677486;;
