MONOLIT Zespół Szkół Prywatnych dla Dorosłych Agnieszka Zawierucha;(41)3623974;;
MONOLIT Zespół Szkół Prywatnych dla Dorosłych Agnieszka Zawierucha;602622405;;
Zespół Szkół Zawodowych nr 2 w Białymstoku;(85)7416143;;
Zespół Szkół Zawodowych nr 2 w Białymstoku;(85)7329444;;
Centrum Kształcenia Dorosłych Sp. z o.o.;505115104;;
Centrum Usług Szkoleniowych LIDER Sp. z o.o.;(81)5328231;;
Centrum Usług Szkoleniowych LIDER Sp. z o.o.;(81)5328333;;
EURO-SZKOŁA BIS;(15)8231036;;
I Liceum Ogólnokształcące im. Stefana Żeromskiego w Kielcach;(41)3676157;;
I Liceum Ogólnokształcące im. Stefana Żeromskiego w Kielcach;(41)3676960;;
Prywatne Technikum Gastronomiczne E.T. Mazurek;500744801;;
Prywatne Technikum Gastronomiczne E.T. Mazurek;512584066;;
Publiczne Liceum Ogólnokształcące Nr II z Oddziałami Dwujęzycznymi im. Marii Konopnickiej w Opolu;(77)4542286;;
Publiczne Liceum Ogólnokształcące Nr II z Oddziałami Dwujęzycznymi im. Marii Konopnickiej w Opolu;(77)4021887;;
Zachodnipomorskie Centrum Kształcenia Zawodowego i Ustawicznego w Świnoujściu;(91)3214949;;
Zaoczne Liceum Ogólnokształcące dla Dorosłych YORK;(12)4227079;;
Zaoczne Liceum Ogólnokształcące dla Dorosłych YORK;666921920;;
Zespół Szkoł Prywatnych;(52)3493391;;
Zespół Szkoł Prywatnych;(52)3222020;;
Zespół Szkół Elektronicznych w Lublinie;(81)5371552;;
Zespół Szkół Elektronicznych w Lublinie;(81)5256691;;
Zespół Szkół Elektrycznych nr 1 w Krakowie;(12)6551293;;
Zespół Szkół Elektrycznych nr 1 w Krakowie;(12)6556009;;
Zespół Szkół nr 5 im. Tadeusza Tańskiego w Stargardzie;(91)5772727;;
Zespół Szkół Samochodowych w Toruniu;(56)6543220;;
Zespół Szkół Samochodowych w Toruniu;(56)6544725Warsztat;;
Prywatne Liceum Ogólnokształcące im. Melchiora Wańkowicza;(32)2549194;;
Bydgoskie Liceum Ogólnokształcące dla Dorosłych nr 1;(52)3455866;;
Bydgoskie Liceum Ogólnokształcące dla Dorosłych nr 1;(52)3222020;;
Liceum Ogólnokształcące SOKRATES z Oddziałami Dwujęzycznymi;(52)3493391;;
Menedżerskie Liceum Ogólnokształcące;(52)3493391;;
Technikum Menedżerskie;(52)3222020;;
Technikum Menedżerskie;501102410;;
Zasadnicza Szkoła Zawodowa START;(52)3493391;;
Zasadnicza Szkoła Zawodowa START;509018729;;
ZDZ Zakład Doskonalenia Zawodowego Katowice;(32)6037711;;
ZDZ Zakład Doskonalenia Zawodowego Katowice;(32)6037761;;
ZDZ Zakład Doskonalenia Zawodowego w Warszawie;(22)6356175;;
ZDZ Zakład Doskonalenia Zawodowego w Warszawie;(22)8310081w.131;;
Ośrodek Szkolenia Zawodowego w Łomży;(86)2162550;;
Wyższa Szkoła Finansów i Prawa;(33)8297212sekretariat;;
Wyższa Szkoła Finansów i Prawa;(33)8297226dziekanatIstopnia;;
AXON Centrum Edukacyjno-Medyczne Leszek Twarowski;(85)7166221;;
AXON Centrum Edukacyjno-Medyczne Leszek Twarowski;(85)7438863;;
Centrum Edukacji Dorosłych;(56)6596686;;
Centrum Edukacji Dorosłych;(56)6225143;;
Centrum Szkoleniowe HEROS;(22)4248484;;
Centrum Szkoleniowe HEROS;0801002428;;
CEZ Centrum Edukacji Zawodowej;603773208;;
COPACABANA Szkoła Fryzjerska;(71)3400391;;
COPACABANA Szkoła Fryzjerska;721495077;;
Niepubliczna Szkoła Biznesu;(17)8500260;;
Niepubliczna Szkoła Biznesu;(14)6275015;;
ProEdukacja Zespół Szkół dla Dorosłych;(32)3088282;;
ProEdukacja Zespół Szkół dla Dorosłych;(32)7976658;;
Prywatne Przedszkole Tygryski & Nowoczesne Szkoły Prywatne SIGMA;(71)3213635;;
Regionalne Centrum Edukacji Zawodowej;(84)6867978;;
Regionalne Centrum Edukacji Zawodowej;(84)6867988;;
Szkoła Policealna dla Dorosłych, Liceum Ogólnokształcące Zaoczne dla Dorosłych;(85)7420469;;
Szkoły Otwartego Myślenia;(32)2662960;;
Szkoły Otwartego Myślenia;606615455;;
Zespół Szkół Ponadgimnazjalnych we Wrocławiu;(71)3678666;;
Zespół Szkół Ponadgimnazjalnych we Wrocławiu;(71)3676210;;
Zespół Szkół Publicznych im. Jana Pawła II w Kudowie-Zdroju;(74)8661700;;
Zespół Szkół Publicznych im. Jana Pawła II w Kudowie-Zdroju;(74)8661294;;
Zespół Szkół Rolniczych Centrum Kształcenia Praktycznego;(58)5882236;;
Zespół Szkół Rolniczych Centrum Kształcenia Praktycznego;(58)5860084;;
Complex of Silesian International Schools;(32)2549194;;
Liceum Ogólnokształcące Społeczne Nr 17;(22)8254001;;
1 LO im. Stanisława Staszica w Lublinie;(81)4411460;;
1 LO im. Stanisława Staszica w Lublinie;(81)4411461;;
21 Społeczne Liceum Ogólnokształcące im. Jerzego Grotowskiego;(22)6543535;;
21 Społeczne Liceum Ogólnokształcące im. Jerzego Grotowskiego;(22)6543040;;
6 Liceum Ogólnokształcące w Zespole Szkół Nr 1 im. Ambrożego Towarnickiego w Rzeszowie;(17)7482150;;
6 Liceum Ogólnokształcące w Zespole Szkół Nr 1 im. Ambrożego Towarnickiego w Rzeszowie;(17)7482175;;
ADTI - Akademia Doskonalenia Technik Informatycznych;(61)8241651;;
ADTI - Akademia Doskonalenia Technik Informatycznych;(61)8241671;;
ALA Autorskie Licea Artystyczne i Akademickie;(71)3591413;;
ALA Autorskie Licea Artystyczne i Akademickie;(71)3591444;;
Aurelus Edukacja;(75)7327960;;
Aurelus Edukacja;883317012;;
Bielska Szkoła Przemysłowa;(33)8228216;;
Bielska Szkoła Przemysłowa;(33)8228217;;
Business School;(22)8644747;;
Business School;(22)6205247;;
C.K.K. INDEKS;(32)6166333;;
C.K.K. INDEKS;724200101;;
Cech Rzemieślników i Przedsiębiorców;(83)3433435;;
Cech Rzemieślników i Przedsiębiorców;(83)3444230;;
Centrum Edukacji ALFA;(22)6411010;;
Centrum Edukacji ALFA;608338863;;
CENTRUM EDUKACJI SIÓDEMKA;(32)7773001;;
CENTRUM EDUKACJI Sp. z o.o.;(48)3629757;;
CENTRUM EDUKACJI Sp. z o.o.;(48)3402317;;
Centrum Edukacji SZANSA;(32)2860848;;
Centrum Edukacji w Zabrzu;(32)2710553;;
Centrum Edukacji w Zabrzu;(32)2714207;;
Centrum Edukacji ZDROJE;(91)4613303;;
Centrum Edukacyjne Archidiecezji Warmińskiej;(89)5239120;;
Centrum Edukacyjne Archidiecezji Warmińskiej;(89)5238007;;
Centrum Edukacyjne TECHNIK;(59)8417108;;
Centrum Edukacyjne TECHNIK;(59)8417109;;
Centrum Edukacyjne ZIELONA;(91)3926691;;
Centrum Kształcenia PRYMUS;(32)7761350;;
Centrum Kształcenia Ustawicznego i Praktycznego we Wschowie;(65)5402292;;
Centrum Kształcenia Ustawicznego i Praktycznego we Wschowie;(65)5407510;;
Centrum Kształcenia Ustawicznego im.Jana Matejki;(12)6445166;;
Centrum Kształcenia Ustawicznego Nr 5;(22)8187021;;
Centrum Kształcenia Ustawicznego w Łodzi;(42)6849195;;
Centrum Kształcenia Ustawicznego w Łodzi;(42)6843073;;
Centrum Kształcenia Zawodowego i Ustawicznego w Niepołomicach;(12)2810021;;
Centrum Kształcenia Zawodowego i Ustawicznego w Sosnowcu;(32)2660682;;
Centrum Kształcenia Zawodowego i Ustawicznego w Sosnowcu;(32)2912094;;
Centrum Kształcenia Zawodowego i Ustawicznego w Strzelinie;(71)3920008;;
Centrum Kształcenia Zawodowego i Ustawicznego w Strzelinie;(71)3964880;;
Centrum Kształcenia Zawodowego i Ustawicznego w Wyrzysku;(67)2867709;;
Edukacja Dorosłych ALBERT Sp. z o.o.;(52)3225351;;
EURO-SZKOŁA Jan Chmielowiec;608063165;;
EURO-SZKOŁA Jan Chmielowiec;(15)6415174;;
Futura Edukacja;(22)8929905-06;;
Futura Edukacja;(22)8260418;;
Gdyńskie Liceum Autorskie STO im. Edwarda Stachury;(58)6203223;;
Gdyńskie Liceum Autorskie STO im. Edwarda Stachury;(58)6614466;;
Gimnazjum i Liceum Ogólnokształcące z Oddziałami Dwujęzycznymi im. W.Kopalińskiego w Bielsku-Białej;(33)8165240;;
Gimnazjum nr 2 w Zespole Szkół Ogólnokształcących nr 5 w Zabrzu;(32)2712724;;
I i II Zaoczne Liceum Ogólnokształcące PEGAZ;(85)7444774;;
I i II Zaoczne Liceum Ogólnokształcące PEGAZ;609852721;;
I Liceum Ogólnokształcące im. Bolesława Krzywoustego;(59)8422217;;
I Liceum Ogólnokształcące im. Henryka Sienkiewicza,Powiatowe Gimnazjum Publiczne w Płońsku;(23)6622145;;
I Liceum Ogólnokształcące im. Henryka Sienkiewicza,Powiatowe Gimnazjum Publiczne w Płońsku;(23)6622685;;
I Liceum Ogólnokształcące im. J.I.Kraszewskiego w Białej Podlaskiej;(83)3433812;;
I Liceum Ogólnokształcące im. Jana Smolenia w Bytomiu;(32)2810377;;
I Liceum Ogólnokształcące im. Juliusza Słowackiego;(16)6769570;;
I Liceum Ogólnokształcące im. Juliusza Słowackiego;(16)6769572;;
I Liceum Ogólnokształcące im. Kazimierza Brodzińskiego w Tarnowie;(14)6888440;;
I Liceum Ogólnokształcące im. Kazimierza Jagiellończyka;(43)8271425;;
I Liceum Ogólnokształcące im. M. Kopernika;(42)6362722;;
I Liceum Ogólnokształcące im. M.Kopernika;(33)8122574;;
I Liceum Ogólnokształcące im. M.Kopernika;(33)8114483;;
I Liceum Ogólnokształcące im. Marii Skłodowskiej-Curie;(58)5310525;;
I Liceum Ogólnokształcące im. Marii Skłodowskiej-Curie;(91)4841872;;
I Liceum Ogólnokształcące im. Mikołaja Kopernika;(58)3016734;;
I Liceum Ogólnokształcące im. Oskara Kolberga;(65)5120404;;
I Liceum Ogólnokształcące im. Powstańców Wielkopolskich;(62)7216060;;
I Liceum Ogólnokształcące im. St.Dubois;(94)3423829;;
I Liceum Ogólnokształcące im. Tadeusza Kościuszki;(32)6163846;;
I Liceum Ogólnokształcące im. W.Broniewskiego;(81)7515713;;
I Liceum Ogólnokształcące im. W.Broniewskiego;(81)7515714;;
I Liceum Ogólnokształcące im.ks. J.Kompałły i W.Lipskiego;(62)7366291;;
I LO im. Antoniego Osuchowskiego;(33)8521139;;
I Prywatne Liceum Ogólnokształcące;(84)6389846;;
I Społeczne Liceum Ogólnokształcące Społecznego Towarzystwa Oświatowego;(48)3661949;;
I Społeczne Liceum Ogólnokształcące w Sanoku;(13)4649106;;
I Społeczne Liceum Ogólnokształcące w Sanoku;(13)4630039;;
II Liceum im. Krzysztofa Kamila Baczyńskiego;(63)2425265;;
II Liceum im. Krzysztofa Kamila Baczyńskiego;(63)2426389;;
II Liceum Ogólnokształcące im. Adama Asnyka w Bielsku-Białej;(033)8122165;;
II Liceum Ogólnokształcące im. Adama Asnyka w Bielsku-Białej;(033)8157871;;
II Liceum Ogólnokształcące im. Gabriela Narutowicza w Łodzi;(042)6741999;;
II Liceum Ogólnokształcące im. gen. Władysława Andersa;(52)3972021;;
II Liceum Ogólnokształcące im. Jana Kasprowicza;(24)3557430;;
II Liceum Ogólnokształcące im. Jana Kasprowicza;(24)3557433;;
II Liceum Ogólnokształcące im. Marii Konopnickiej w Radomiu;(48)3641180;;
II Liceum Ogólnokształcące im. Marii Skłodowskiej-Curie;(95)7228438;;
II Liceum Ogólnokształcące im. Marii Skłodowskiej-Curie;667659203;;
II Liceum Ogólnokształcące im. Marii Skłodowskiej-Curie;(13)4653930;;
II Liceum Ogólnokształcące im. Marii Skłodowskiej-Curie;(13)4653938;;
II Liceum Ogólnokształcące im. Mieszka I;(91)4336117;;
II Liceum Ogólnokształcące im. Mikołaja Kopernika, Gimnazjum Nr 46;(52)3487503;;
II Liceum Ogólnokształcące im. płk. Leopolda Lisa-Kuli;(17)7482840;;
II Liceum Ogólnokształcące im. płk. Leopolda Lisa-Kuli;(17)7482844;;
II Liceum Ogólnokształcące im. Stefanii Sempołowskiej;(77)4362801;;
II Liceum Ogólnokształcące im. Walerego Wróblewskiego w Zespole Szkół Ogólnokształcących nr 3;(32)2311213;;
II Liceum Ogólnokształcące im. Walerego Wróblewskiego w Zespole Szkół Ogólnokształcących nr 3;(32)2312942;;
II Liceum Ogólnokształcące w Lubinie;(76)8497265;;
II Liceum Ogólnokształcące w Lubinie;(76)8497266;;
II LO im. C.K. Norwida w Krasnymstawie;(082)5762528;;
II Społeczne Liceum Ogólnokształcące im. K.K. Baczyńskiego;(52)3738258;;
III Liceum im. C.K.Norwida w Koninie;(63)2448707;;
III Liceum Ogólnokształcące im. Adama Mickiewicza;(32)2589305;;
III Liceum Ogólnokształcące im. Cypriana Kamila Norwida;(32)2674547;;
III Liceum Ogólnokształcące im. Marii Dąbrowskiej w Płocku;(024)3640640;;
III Liceum Ogólnokształcące im. Marii Dąbrowskiej w Płocku;(024)3640641;;
III Liceum Ogólnokształcące im. Marynarki Wojennej RP;(58)6221833;;
III Liceum Ogólnokształcące im. Mikołaja Kopernika w Olsztynie;(89)5264422;;
III Liceum Ogólnokształcące im. prof. Tadeusza Kotarbińskiego;(68)3270528;;
III Liceum Ogólnokształcące w Jaworznie;(32)6165149;;
III Liceum Ogólnokształcące w Łodzi;(42)6332283;;
III Liceum Ogólnokształcące w Łodzi;(42)6329012;;
III Liceum Ogólnokształcące w Sopocie im.Agnieszki Osieckiej;(58)5506981;;
III Liceum Ogólnokształcące w Sopocie im.Agnieszki Osieckiej;(58)5519690;;
III Liceum Ogólnokształcące z Oddziałami Integracyjnymi im. Cypriana Kamila Norwida w Kielcach;(41)3684648;;
III Liceum Ogólnokształcące z Oddziałami Integracyjnymi im. Cypriana Kamila Norwida w Kielcach;(41)3684649;;
III LO w Łomży;(86)2166720;;
III Prywatne Liceum Ogólnokształcące;(12)4220075;;
IV Liceum Ogólnokształcące im. Bolesława Prusa;(91)4834244;;
IV Liceum Ogólnokształcące im. dra Tytusa Chałubińskiego w Radomiu;(48)3627485;;
IV Liceum Ogólnokształcące im. dra Tytusa Chałubińskiego w Radomiu;(48)3851918-19;;
IV Liceum Ogólnokształcące im. Fryderyka Chopina;(62)5919450;;
IV Liceum Ogólnokształcące im. Fryderyka Chopina;(62)5919449;;
IV Liceum Ogólnokształcące im. Hetmana Stanisława Żółkiewskiego w Siedlcach;(25)6447897;;
IV Liceum Ogólnokształcące im. Hetmana Stanisława Żółkiewskiego w Siedlcach;(25)6442936;;
IV Liceum Ogólnokształcące im. Tadeusza Kościuszki;(56)6221228;;
IV Liceum Ogólnokształcące im. Tadeusza Kościuszki;(56)6222457;;
IX Liceum Ogólnokształcące im. Henryka Sienkiewicza;(032)2541258;;
IX Liceum Ogólnokształcące im. Klementyny Hoffmanowej;(22)6280545;;
IX Liceum Ogólnokształcące im. Klementyny Hoffmanowej;(22)6214020;;
Katolickie Liceum Ogólnokształcące im. Bł.Ks.R.Archutowskiego;(22)8390840;;
Katolickie Liceum Ogólnokształcące im. Bł.Ks.R.Archutowskiego;(22)8390870;;
Katolickie Liceum Ogólnokształcące im. NMP Pośredniczki Łask;(71)3545929;;
Katolickie Liceum Ogólnokształcące im. NMP Pośredniczki Łask;(71)3736535;;
Katolickie Liceum Ogólnokształcące im. Papieża Jana Pawła II w Biłgoraju;(84)6867475;;
Kolegium Europejskie;(12)6322542;;
Kolegium Europejskie;(12)6324629;;
Licea Ogólnokształcące im. Elizy Orzeszkowej w Lublinie;(81)5349930;;
Liceum dla Dorosłych;(42)6741724;;
Liceum i Gimnazjum Języków Obcych i Informatyki SAPIENTIA;(91)4345885;;
Liceum i Gimnazjum Języków Obcych i Informatyki SAPIENTIA;505800800;;
Liceum Ogólnoksztalcące im. J. I. Kraszewskiego w Drohiczynie;(85)6557025;;
Liceum Ogólnokształcące dla Dorosłych;(16)6211535;;
Liceum Ogólnokształcące dla Dorosłych;723141777;;
Liceum Ogólnokształcące dla Dorosłych EDUKATOR w Wieluniu;(43)6595417;;
Liceum Ogólnokształcące dla Dorosłych EDUKATOR w Wieluniu;606246740;;
Liceum Ogólnokształcące dla Dorosłych w Piszu;(87)4235566;;
Liceum Ogólnokształcące dla Dorosłych w Piszu;500898991;;
Liceum Ogólnokształcące EPROM;(89)5277580;;
Liceum Ogólnokształcące EPROM;662033995;;
Liceum Ogólnokształcące im. I Dywizji Kościuszkowskiej w Piasecznie;(22)7567413;;
Liceum Ogólnokształcące im. I Dywizji Kościuszkowskiej w Piasecznie;(22)7355659;;
Liceum Ogólnokształcące im. Jana Kochanowskiego;(87)5234183;;
Liceum Ogólnokształcące im. Jana Matejki w Wieliczce;(12)2783277;;
Liceum Ogólnokształcące im. Johna F. Kennedy`ego;(32)2525210;;
Liceum Ogólnokształcące im. Johna F. Kennedy`ego;605253883;;
LICEUM OGÓLNOKSZTAŁCĄCE im. Juliusza Słowackiego;(61)4445398;;
LICEUM OGÓLNOKSZTAŁCĄCE im. Juliusza Słowackiego;(61)4445397;;
Liceum Ogólnokształcące im. Juliusza Słowackiego w Chorzowie;(032)2411712;;
Liceum Ogólnokształcące im. Juliusza Słowackiego w Chorzowie;(032)2417294;;
Liceum Ogólnokształcące im. K.I.Gałczyńskiego;(77)4315156;;
Liceum Ogólnokształcące im. Marszałka Józefa Piłsudskiego;(81)8204023;;
Liceum Ogólnokształcące im. Stefana Banacha;(68)3772885;;
Liceum Ogólnokształcące im. Stefana Banacha;(68)3772727;;
Liceum Ogólnokształcące Niepubliczne nr 16;(22)6710398;;
Liceum Ogólnokształcące Niepubliczne nr 16;(22)6727518;;
Liceum Ogólnokształcące Niepubliczne nr 27;(22)7733377;;
Liceum Ogólnokształcące Nr 1;(71)3214608;;
Liceum Ogólnokształcące nr 1 im. mjra H.Sucharskiego w Kępnie;(62)7822294;;
Liceum Ogólnokształcące nr 13 w Warszawie;(22)6690332;;
Liceum Ogólnokształcące nr VIII im. Hanny Chrzanowskiej w Bielsku-Białej;(33)8122758;;
Liceum Ogólnokształcące nr VIII im. Hanny Chrzanowskiej w Bielsku-Białej;(33)8122760;;
Liceum Ogólnokształcące Św. Marii Magdaleny;(61)8527705;;
Liceum Ogólnokształcące Umiejętności Twórczych;(42)6315920;;
Liceum Ogólnokształcące w Mońkach;(85)7162738;;
Liceum Plastyczne im. Artura Grottgera w Supraślu;(85)7183216;;
Liceum Plastyczne im. Artura Grottgera w Supraślu;(85)7108925;;
Liceum Plastyczne im. Jana Matejki w Nowym Wiśniczu;(14)6855650;;
Liceum Plastyczne im. Jana Matejki w Nowym Wiśniczu;(14)6855651;;
Liceum Plastyczne im. Józefa Chełmońskiego w Nałęczowie;(81)5014554;;
Liceum Plastyczne im. Józefa Chełmońskiego w Nałęczowie;(81)5015793;;
Liceum Plastyczne im. Piotra Potworowskiego w Poznaniu;(61)8684868;;
Liceum Plastyczne im.Tadeusza Brzozowskiego w Krośnie;(13)4323172;;
Liceum Plastyczne w Oliwie;(58)5524188;;
Liceum Plastyczne w Oliwie;(58)3413354;;
Liceum Profilowane dla Młodzieży;(42)6741724;;
Liceum Profilowane dla Młodzieży;508309571;;
Liceum Zaoczne;(58)5582512;;
Liceum Zaoczne;795581470;;
Lubelskie Centrum Kształcenia Zawodowego i Ustawicznego im. K. K. Baczyńskiego (LCKZiU);(81)7470378;;
LVI Liceum Ogólnokształcace im. Leona Kruczkowskiego;(22)6626412;;
LXIII Liceum Ogólnokształcące im. Lajosa Kossutha;(22)6431077;;
LXIII Liceum Ogólnokształcące im. Lajosa Kossutha;(22)6445445;;
Łódzka Szkoła Mody Kosmetologii Fryzjerstwa ANAGRA;(42)6521766;;
Łódzka Szkoła Mody Kosmetologii Fryzjerstwa ANAGRA;(42)6325060;;
Małopolskie Centrum Edukacji EUREKA w Tarnowie;(14)6201555;;
Małopolskie Centrum Edukacji EUREKA w Tarnowie;(14)6201515;;
Medyczne Studium Zawodowe w Suchej Beskidzkiej;(33)8744381;;
NEO TM SCHOOL;690010022;;
NEO TM SCHOOL;690950022;;
Niepubliczne Centrum Kształcenia;(14)6122119;;
Niepubliczne Centrum Kształcenia;(14)6123535;;
Niepubliczne Internetowe Szkoły dla Dorosłych ALFA;606730580;;
Niepubliczne Internetowe Szkoły dla Dorosłych ALFA;692878327;;
NOVA Centrum Edukacyjne;(22)5942494;;
NOVA Centrum Edukacyjne;(22)5942495;;
Ogólnokształcąca Szkoła Baletowa im. Ludomira Różyckiego;(32)7870101-02;;
Ogólnokształcąca Szkoła Plastyczna w Białymstoku;(85)6513494;;
Ogólnokształcące Liceum i Gimnazjum Programów Indywidualnych;(58)5524188;;
Ogólnokształcące Liceum i Gimnazjum Programów Indywidualnych;(58)3413354;;
Ogólnokształcące Szkoły Sportowe;(58)5571741;;
Ogólnokształcące Szkoły Sportowe;(58)5572962;;
Ogólnopolski Ośrodek Rozwoju Zawodowego PROGRES;(32)2306319;;
Ogólnopolski Ośrodek Rozwoju Zawodowego PROGRES;(32)2322045;;
Ośrodek Kształcenia Ustawicznego i Promocji Ekstern;(33)8145444;;
Ośrodek Kształcenia Ustawicznego i Promocji Ekstern;(33)8166565;;
Ośrodek Szkolenia i Dokształcania w Kościanie;(65)5119462;;
Ośrodek Szkolenia i Dokształcania w Kościanie;601244405;;
Państwowe Szkoły Budownictwa i Geodezji w Lublinie;(81)5338831;;
Policealna Szkoła Zawodowa EDUKATOR w Ozorkowie;(42)2796336;;
Policealna Szkoła Zawodowa EDUKATOR w Ozorkowie;606246740;;
Ponadgimnazjalny Zespół Szkół Ekonomicznych im. E.Kwiatkowskiego;(15)8323541;;
Ponadgimnazjalny Zespół Szkół Ekonomicznych im. E.Kwiatkowskiego;(15)8323956;;
Powiatowy Zespół Placówek Szkoła Mistrzostwa Sportowego Szczyrk;(33)8177300;;
Powiatowy Zespół Szkół Nr 2 im. Piotra Włostowica;(71)3120485;;
Powiatowy Zespół Szkół Nr 2 im. Piotra Włostowica;(71)3120488;;
Powiatowy Zespół Szkół nr 2 w Kościerzynie im. Komisji Edukacji Narodowej;(58)6863586;;
Powiatowy Zespół Szkół nr 6 Zawodowych i Ogólnokształcących w Brzeszczach;(32)2109340;;
Powiatowy Zespół Szkół nr 6 Zawodowych i Ogólnokształcących w Brzeszczach;(32)2109341-42;;
Prywante Szkoły im. Stanisława Wyspiańskiego w Bielsku-Białej;(33)8157517;;
Prywante Szkoły im. Stanisława Wyspiańskiego w Bielsku-Białej;(33)8168766;;
Prywatna Szkoła Handlowa EkoHa, Centrum Rozwoju Zawodowego EKOHA;(76)8332402;;
Prywatna Szkoła Handlowa EkoHa, Centrum Rozwoju Zawodowego EKOHA;509864512;;
Prywatna Szkoła Średnia NESTOR;(32)2627476;;
Prywatna Szkoła Średnia NESTOR;601418360;;
Prywatne Gimnazjum i Liceum im. Królowej Jadwigi w Lublinie;(81)5338946;;
Prywatne Liceum dla Dorosłych;(61)6611218;;
Prywatne Liceum dla Dorosłych;(61)8641206;;
Prywatne Liceum Ogólnokształcące dla Dorosłych;(12)4220075;;
Prywatne Liceum Ogólnokształcące dla Dorosłych im. Marka Twain`a;(22)8878484;;
Prywatne Liceum Ogólnokształcące dla Dorosłych im. Marka Twain`a;509867553;;
Prywatne Liceum Ogólnokształcące dla Dorosłych Twoja-Szkoła w Stalowej Woli;(15)8423157;;
Prywatne Liceum Ogólnokształcące im. Ignacego Jana Paderewskiego w Lublinie;(81)7407543;;
Prywatne Liceum Ogólnokształcące im. Ignacego Jana Paderewskiego w Lublinie;(81)4419936;;
Prywatne Liceum Ogólnokształcące Magnus;(71)3484296;;
Prywatne Liceum Ogólnokształcące Magnus;(71)3484297;;
Prywatne Szkoły Średnie im. Prof.Jana Venuleta;(18)2667534;;
Prywatne Szkoły Średnie im. Prof.Jana Venuleta;(18)2666677;;
Prywatne Szkoły Zaoczne mgra Stefana Kwietniowskiego S.c.;(12)2765091;;
Prywatne Szkoły Zaoczne mgra Stefana Kwietniowskiego S.c.;604266151;;
Prywatne Szkoły Zawodowe;(91)3973190;;
Prywatne Technikum Zawodowe;(32)2628875;;
Prywatny Zespół Szkół EDUKATOR;(71)3102856;;
Prywatny Zespół Szkół EDUKATOR;507044568;;
Prywatny Zespół Szkół w Czarnkowie;(67)2554481;;
Prywatny Zespół Szkół w Słupsku;(59)8400666;;
Prywatny Zespół Szkół Zaocznych OPTIMA;(94)3445119;;
Prywatny Zespół Szkół Zaocznych OPTIMA;(94)3403972;;
Publiczne Liceum Ogólnokształcące im. Orła Białego;(25)7810334;;
Publiczne Liceum Ogólnokształcące Nr VI im. Generała Leopolda Okulickiego Niedźwiadka;(77)4578489;;
Publiczne Liceum Ogólnokształcące w Bielsku-Białej;(33)8118181;;
Publiczne Liceum Ogólnokształcące w Bielsku-Białej;(33)8117181;;
Publiczne Salezjańskie Szkoły w Poznaniu;(61)8756230;;
Publiczne Salezjańskie Szkoły w Poznaniu;(61)8756240;;
Społeczne Liceum Ogólnokształcące w Żarach;(68)3636939;;
Społeczne Liceum Ogólnokształcące w Żarach;(68)3639044;;
SUKCES EDUKACJA;(32)7333703;;
SUKCES EDUKACJA;660725100;;
Szkoła Handlowa;(22)8448333;;
Szkoła Handlowa;(22)2434686;;
Szkoła Mistrzostwa Sportowego im. Kazimierza Górskiego w Łodzi;(42)2540570;;
Szkoła Mistrzostwa Sportowego im. Kazimierza Górskiego w Łodzi;(42)2540599;;
Szkoła PIKAR;(34)3111676;;
Szkoła PIKAR;604435305;;
Szkoły AKADEMIA Liceum Ogólnokształcące;(61)8189104;;
Szkoły Europejskie we Wrocławiu;(71)3504806;;
Szkoły Prusa Gdańsk;586822101;;
Szkoły Prusa Gdańsk;516667004;;
SZKOŁY PRYWATNE Bogumiła Baran;(12)2515555;;
SZKOŁY PRYWATNE Bogumiła Baran;(12)2514922;;
Szkoły w Kętach;(33)8453106;;
Szkoły w Kętach;(33)8451241;;
Szkoły w Wadowicach;(33)8731474;;
Średnie Studium Edukacyjne w Starachowicach;(41)2747267;;
TEB Edukacja Sp. z o.o.;(61)8853434;;
Technikum Centrum Szkół Technicznych Zamość;(84)6271577;;
Technikum Leśne w Rogozińcu;(68)3840241;;
Towarzystwo Absolwentów i Przyjaciół Liceum Ogólnokształcącego im. Henryka Sienkiewicza we Wrześni;(61)4360230;;
Towarzystwo Absolwentów i Przyjaciół Liceum Ogólnokształcącego im. Henryka Sienkiewicza we Wrześni;(61)6401245;;
Towarzystwo Edukacji dla Dorosłych i Młodzieży TEDiM;(59)7281444;;
UniLingua;(29)6456797;;
UniLingua;794045250;;
V Liceum im. Księcia Józefa Poniatowskiego w Warszawie;(22)8314804;;
V Liceum Ogólnokształcące im. Janusza Korczaka;(14)6210514;;
V Liceum Ogólnokształcące im. Kanclerza Jana Zamoyskiego;(32)2623758;;
V Liceum Ogólnokształcące im. Kanclerza Jana Zamoyskiego;(32)2622767;;
V Liceum Ogólnokształcące im. Krzysztofa Kieślowskiego;(68)4707010;;
V Liceum Ogólnokształcące im. Krzysztofa Kieślowskiego;(68)4707011;;
VI Liceum Ogólnokształcące im. Hugona Kołłątaja;(81)7440737;;
VI Liceum Ogólnokształcące im. Juliusza Słowackiego w Kielcach;(041)3615556;;
VI Liceum Ogólnokształcące im. Juliusza Słowackiego w Kielcach;(041)3613473;;
VII Liceum Ogólnokształcące im. K.K.Baczyńskiego;(91)4877751;;
VII Liceum Ogólnokształcące im. K.K.Baczyńskiego;(48)3441060;;
VIII Liceum Ogólnokształcące z Oddziałami Dwujęzycznymi im. Marii Skłodowskiej-Curie;(32)2539432;;
VIII LO i 58 Gimnazjum im. Króla Władysława IV;(22)6192745;;
VIII LO i 58 Gimnazjum im. Króla Władysława IV;(22)7410732;;
Warszawskie Centrum Edukacyjne MATEL SERVICE;(22)6206750;;
Warszawskie Centrum Edukacyjne MATEL SERVICE;(22)6549895;;
X LO im. I.J.Paderewskiego;(32)2597759;;
XIV LO im. S.Staszica;(22)8251325;;
XIV LO im. S.Staszica;(22)8256899;;
XIX LO im. Powstańców Warszawy;(22)8103829;;
XLII Liceum Ogólnokształcące im. Marii Konopnickiej;(22)8496964;;
XLIII Liceum Ogólnokształcące im. Kazimierza Wielkiego;(22)8440085;;
XLIII Liceum Ogólnokształcące im. Kazimierza Wielkiego;(22)8444426;;
XLIV Liceum Ogólnokształcące im Antoniego Dobiszewskiego;(22)8403648;;
XLIV Liceum Ogólnokształcące im Antoniego Dobiszewskiego;(22)8417598;;
XLIX Liceum Ogólnokształcące im. Johanna Wolfganga Goethego;(22)8441321;;
XLIX Liceum Ogólnokształcące im. Johanna Wolfganga Goethego;(22)6468140;;
XLV Liceum Ogólnokształcącego w Łodzi;(42)6347092;;
XLVI Liceum Ogólnokształcące im. Stefana Czarnieckiego w Warszawie;(22)8110263;;
XLVI Liceum Ogólnokształcące im. Stefana Czarnieckiego w Warszawie;(22)8112403;;
XLVII LO w Zespole Szkół Ogólnokształcących nr 8 im. Stanisława Staszica;(42)6738683;;
XLVII LO w Zespole Szkół Ogólnokształcących nr 8 im. Stanisława Staszica;(42)6737207;;
XVIII Liceum Ogólnokształcące im. Jana Zamoyskiego;(22)8278949;;
XXI Liceum Ogólnokształcące im. Bolesława Prusa;(42)6366854;;
XXIV Liceum Ogólnokształcące im Marii Skłodowskiej-Curie;(62)6574930;;
XXVI Liceum Ogólnokształcące im.gen. Henryka Jankowskiego Kuby;(022)8121103;;
XXVI Liceum Ogólnokształcące im.gen. Henryka Jankowskiego Kuby;(022)8121104;;
XXVII Liceum Ogólnokształcące im. Tadeusza Czackiego;(22)8256409;;
XXVII Liceum Ogólnokształcące im. Tadeusza Czackiego;(22)8251314;;
XXXI LO im. Ludwika Zamenhofa w Łodzi;(42)6431415;;
XXXIII Liceum Ogólnokształcące Dwujęzyczne im. Mikołaja Kopernika;(22)6327570;;
XXXIII Liceum Ogólnokształcące Dwujęzyczne im. Mikołaja Kopernika;(22)6327570w.28;;
XXXIX Liceum Ogólnokształcące im. Lotnictwa Polskiego;(22)8343360;;
Zaoczne Liceum Ogólnokształcące dla Dorosłych JAMA;(71)3272658;;
Zaoczne Liceum Ogólnokształcące dla Dorosłych JAMA;(71)7271132;;
Zespół Prywatnych Szkół Ponadgimnazjalnych w Chodzieży;(67)2829969;;
Zespół Prywatnych Szkół Średnich;(65)5296706;;
Zespół Sportowych Szkół Ogólnokształcących;(58)6205655;;
Zespół Szkól Budowlanych w Poznaniu;(61)6618888;;
Zespół Szkól Budowlanych w Poznaniu;(61)6618888wew.233;;
Zespół Szkól Ekonomicznych;(25)7582886;;
Zespół Szkól Ekonomicznych;(25)7584708;;
Zespół Szkół Agrobiznesu;(59)8342507;;
Zespół Szkół Agrotechnicznych i Ogólnokształcących im. Stanisława Staszica w Swarożynie;(58)5369393;;
Zespół Szkół Architektury Krajobrazu i Handlowo-Usługowych w Gdańsku im. Władysława Szafera;(58)5597989;;
Zespół Szkół Budowlano-Elektrycznych im. Jana III Sobieskiego w Świdnicy;(74)8521005;;
Zespół Szkół Budowlanych im. gen. Stefana Grota Roweckiego;(33)8580756;;
Zespół Szkół Budowlanych im. gen. Stefana Grota Roweckiego;(33)8582345;;
Zespół Szkół Budowlanych w Dąbrowie Górniczej;(032)2641268;;
Zespół Szkół Budowlanych we Włocławku;(54)2323204;;
Zespół Szkół Centrum Kształcenia Rolniczego w Kamieniu Małym;(95)7515826;;
Zespół Szkół Centrum Kształcenia Rolniczego w Potoczku;(15)8740268;;
Zespół Szkół Chemicznych i Ogólnokształcących im. Jędrzeja Śniadeckiego w Olsztynie;(89)5331855;;
Zespół Szkół Chemicznych i Ogólnokształcących im. Jędrzeja Śniadeckiego w Olsztynie;(89)5331983;;
Zespół Szkół Chemicznych im. M.Skłodowskiej-Curie;(12)4223220;;
Zespół Szkół Drzewnych i Ochrony Środowiska;(44)6822378;;
Zespół Szkół Drzewnych i Ochrony Środowiska;(44)6822395;;
Zespół Szkół Ekonomiczno-Usługowych im. Króla Stanisława Augusta Poniatowskiego;(32)2315236;;
Zespół Szkół Ekonomiczno-Usługowych im. Króla Stanisława Augusta Poniatowskiego;(32)2314270;;
Zespół Szkół Ekonomicznych;(18)4438756;;
Zespół Szkół Ekonomicznych;(18)4437731;;
Zespół Szkół Ekonomicznych;(77)4162794;;
Zespół Szkół Ekonomicznych;(77)4162130;;
Zespół Szkół Ekonomicznych;(14)6702574;;
Zespół Szkół Ekonomicznych;(14)6703807;;
Zespół Szkół Ekonomicznych i Ogólnokształcących im. Marii Dąbrowskiej;(16)6212311;;
Zespół Szkół Ekonomicznych im. Oskara Langego w Chorzowie;(32)2411723;;
Zespół Szkół Ekonomicznych im.Karola Adamieckiego;(32)2623137;;
Zespół Szkół Ekonomicznych im.Karola Adamieckiego;(32)2624327;;
Zespół Szkół Ekonomicznych im.Mikołaja Kopernika;(41)2538672;;
Zespół Szkół Ekonomicznych im.Mikołaja Kopernika;(41)2538678;;
Zespół Szkół Elektro-Mechanicznych w Złotowie;(67)2633041;;
Zespół Szkół Elektronicznych i Telekomunikacyjnych;(89)5279265;;
Zespół Szkół Elektronicznych i Telekomunikacyjnych;(89)5275191;;
Zespół Szkół Elektronicznych im. Wojska Polskiego w Bydgoszczy;(52)3414444;;
Zespół Szkół Elektronicznych nr 9;(33)8117999;;
Zespół Szkół Elektronicznych nr 9;(33)8151387;;
Zespół Szkół Elektronicznych w Bolesławcu;(75)6494560;;
Zespół Szkół Elektronicznych w Bolesławcu;(75)6494561;;
Zespół Szkół Elektryczno-Elektronicznych;(91)4226481;;
Zespół Szkół Elektryczno-Elektronicznych;(91)4226482;;
Zespół Szkół Elektryczno-Elektronicznych w Bytomiu;(32)2814210;;
Zespół Szkół Elektryczno-Elektronicznych w Bytomiu;(32)2810729;;
Zespół Szkół Elektryczno-Elektronicznych w Radomsku;(44)6832673;;
Zespół Szkół Elektryczno-Elektronicznych w Radomsku;(44)6837955;;
Zespół Szkół Elektrycznych;(95)7223639;;
Zespół Szkół Elektrycznych;(95)7225941;;
Zespół Szkół Elektrycznych nr 2 w Poznaniu im. ks. Piotra Wawrzyniaka;(61)8616700;;
Zespół Szkół Elektrycznych nr 2 w Poznaniu im. ks. Piotra Wawrzyniaka;(61)8676262;;
Zespół Szkół Gastronomiczno-Hotelarskich w Gdańsku;(58)3413639;;
Zespół Szkół Gastronomicznych im. I Armii Wojska Polskiego;(42)6367544;;
Zespół Szkół Gastronomicznych im. I Armii Wojska Polskiego;(42)6361233;;
Zespół Szkół Gastronomicznych Nr 2 w Krakowie;(12)6560404;;
Zespół Szkół Geodezyjno-Drogowych im. Rudolfa Modrzejewskiego;(61)8672680;;
Zespół Szkół Geodezyjno-Drogowych im. Rudolfa Modrzejewskiego;(61)8673203;;
Zespół Szkół Handlowych i Usługowych im. Jana Kochanowskiego;(75)7322825;;
Zespół Szkół Handlowych i Usługowych im. Jana Kochanowskiego;(75)7320534;;
Zespół Szkół i Placówek Oświatowych ROLNIK;(77)4310466-67;;
Zespół Szkół im. A.Fredry w Nienadowej;(16)6511016;;
Zespół Szkół im. A.Fredry w Nienadowej;(16)6511077;;
Zespół Szkół im. Armii Krajowej w Andrychowie;(33)8752013;;
Zespół Szkół im. Armii Krajowej w Andrychowie;(33)8753122;;
Zespół Szkół im. inż. Stanisława Wysockiego d. KOLEJÓWKA;(22)8223252;;
Zespół Szkół im. inż. Stanisława Wysockiego d. KOLEJÓWKA;(22)8223253;;
ZESPÓŁ SZKÓŁ im. Króla Kazimierza Jagiellończyka w Łęcznej;(81)7521091;;
Zespół Szkół im. Macieja Rataja w Reszlu;(89)7550040;;
Zespół Szkół im. Marii Skłodowskiej-Curie;(95)7523224;;
Zespół Szkół im. Marii Skłodowskiej-Curie;(95)7525210;;
Zespół Szkół im. Mikołaja Kopernika;(63)2424557;;
Zespół Szkół im. Orląt Lwowskich w Tychach;(32)3270880;;
ZESPÓŁ SZKÓŁ im. Stanisława Prosińskiego;(74)6669905;;
Zespół Szkół im. Wisławy Szymborskiej w Częstochowie;(34)3659369;;
Zespół Szkół im. Wisławy Szymborskiej w Częstochowie;(34)3658853;;
Zespół Szkół im. Wł. Szybińskiego w Cieszynie;(33)8520184;;
Zespół Szkół im. Wł. Szybińskiego w Cieszynie;(33)8520284;;
Zespół Szkół im.Korpusu Ochrony Pogranicza;(48)6170012;;
Zespół Szkół im.Korpusu Ochrony Pogranicza;(48)6170433;;
Zespół Szkół Inżynierii Środowiska i Usług im. Mikołaja Kopernika;(55)6256481;;
Zespół Szkół Inżynierii Środowiska i Usług im. Mikołaja Kopernika;(55)6256483;;
Zespół Szkół Kształcenia Ustawicznego;(17)8520943;;
Zespół Szkół Kujawsko-Pomorskiego Centrum Kształcenia;(52)3454012;;
Zespół Szkół Kujawsko-Pomorskiego Centrum Kształcenia;(52)3454013;;
Zespół Szkół Leśnych im. prof. Stanisława Sokołowskiego w Warcinie;(59)8576601-02;;
Zespół Szkół Licealno-Gimnazjalnych w Ratajach;(67)2845370;;
Zespół Szkół Licealno-Technicznych;(61)8320033;;
Zespół Szkół Licealnych i Agrotechnicznych w Tucholi im. Leona Janty-Połczyńskiego;(52)3348483;;
Zespół Szkół Licealnych i Agrotechnicznych w Tucholi im. Leona Janty-Połczyńskiego;(52)3348976;;
Zespół Szkół Licealnych i Technicznych im. Juliusza Słowackiego;(16)6216339;;
Zespół Szkół Licealnych i Technicznych nr 1;(22)6464499;;
Zespół Szkół Licealnych i Technicznych nr 1;(22)6464498;;
Zespół Szkół Licealnych i Zawodowych w Olecku;(87)5202251-52;;
Zespół Szkół Licealnych im. Bolesława Chrobrego w Leżajsku;(17)2420019;;
Zespół Szkół Licealnych im. Bolesława Chrobrego w Leżajsku;(17)2427628;;
Zespół Szkół Łączności;(12)2691557;;
Zespół Szkół Łączności;(12)2676544;;
Zespół Szkół Łączności im. Obrońców Poczty Polskiej w Gdańsku;(58)3016714;;
Zespół Szkół Łączności im. Obrońców Poczty Polskiej w Gdańsku;(58)3011377;;
Zespół Szkół Łączności im. Obrońców Poczty Polskiej w Gdańsku IV Liceum Profilowane;(32)2588314;;
Zespół Szkół Łączności w Poznaniu im. Mikołaja Kopernika;(61)8250011;;
Zespół Szkół Łączności w Poznaniu im. Mikołaja Kopernika;(61)8202492;;
Zespół Szkół Mechanicznych im. Komisji Edukacji Narodowej;(61)8321949;;
Zespół Szkół Mechanicznych im. Komisji Edukacji Narodowej;(61)8323421;;
Zespół Szkół Medycznych;(76)7233746;;
Zespół Szkół Medycznych;(76)7233744;;
Zespół Szkół Medycznych im. Janusza Korczaka w Prudniku;(77)4362784;;
Zespół Szkół Medycznych w Bydgoszczy;(52)3423753;;
Zespół Szkół Medycznych w Bydgoszczy;(52)3425500;;
Zespół Szkół Nr 1;(84)6963338;;
Zespół Szkół Nr 1;(22)7567432;;
Zespół Szkół Nr 1;(22)7567766;;
Zespół Szkół Nr 1;(74)8520700;;
Zespół Szkół Nr 1;(71)3550874;;
Zespół Szkół Nr 1;(71)3550875;;
Zespół Szkół nr 1 im. Bolesława Krzywoustego;(95)7652496;;
Zespół Szkół Nr 1 im. Gen. Jerzego Ziętka;(32)2552084;;
Zespół Szkół Nr 1 im. Jana Pawła II;(58)6740441;;
Zespół Szkół Nr 1 im. Melchiora Wańkowicza w Błoniu;(22)7254848;;
Zespół Szkół nr 1 im. Powstańców Wielkopolskich w Swarzędzu;(61)8175704;;
Zespół Szkół nr 1 im. Powstańców Wielkopolskich w Swarzędzu;(61)8159046;;
Zespół Szkół Nr 1 im. prof. Bolesława Krupińskiego w Lubinie;(76)7463050;;
Zespół Szkół Nr 1 im. prof. Wilhelma Rotkiewicza w Dzierżoniowie;(74)8313749;;
Zespół Szkół nr 1 im. Stefanii Sempołowskiej;(81)8863821;;
Zespół Szkół Nr 1 im. Władysława Orkana;(18)2662866;;
Zespół Szkół Nr 1 im. Władysława Orkana;(18)2662713;;
Zespół Szkół nr 1 im. Władysława Stanisława Reymonta w Zakrzówku;(81)8215035;;
Zespół Szkół nr 1 im. Władysława Stanisława Reymonta w Zakrzówku;(81)8215143;;
Zespół Szkół nr 1 im.Powstańców Śląskich;(77)4825950;;
Zespół Szkół nr 1 im.Powstańców Śląskich;(77)4825952;;
Zespół Szkół nr 1 w Krakowie Technikum Komunikacyjne;(12)4119600;;
Zespół Szkół Nr 1 w Limanowej im. Józefa Piłsudskiego;(18)3371760;;
Zespół Szkół nr 1 w Łęcznej;(81)7520026;;
Zespół Szkół nr 1 w Milanówku;(22)7558804;;
Zespół Szkół nr 1 w Milanówku;(22)7248844;;
Zespół Szkół nr 1 w Pszczynie;(32)2103620;;
Zespół Szkół nr 1 w Żyrardowie;(46)8554081;;
Zespół Szkół nr 10 w Zabrzu;(32)2711177;;
ZESPÓŁ SZKÓŁ NR 118 XLI Liceum Ogólnokształcące im. Joachima Lelewela, Gimnazjum 165;(22)8331333;;
Zespół Szkół nr 16 we Wrocławiu;(71)3512345;;
Zespół Szkół Nr 2;(56)6832549;;
Zespół Szkół Nr 2;(56)6834707;;
Zespół Szkół Nr 2;(76)8497233;;
Zespół Szkół nr 2 im H.Kołłątaja w Myszkowie;(34)3138181;;
Zespół Szkół nr 2 im H.Kołłątaja w Myszkowie;(34)3138058;;
Zespół Szkół Nr 2 im. 9 Pułku Strzelców Konnych;(86)2723181;;
Zespół Szkół Nr 2 im. Adama Mickiewicza;(56)6861710;;
Zespół Szkół Nr 2 im. Adama Mickiewicza;(56)6861720;;
Zespół Szkół Nr 2 im. Aleksandra Świętochowskiego;(25)7986634;;
Zespół Szkół Nr 2 im. Jana Kochanowskiego w Łańcucie;(17)2252582;;
Zespół Szkół Nr 2 im. Jana Kochanowskiego w Łańcucie;(17)2250163;;
Zespół Szkół nr 2 im. K.K. Baczyńskiego w Ełku;(87)6104323;;
Zespół Szkół nr 2 im. Konstytucji 3 Maja w Bielsku Podlaskim;(85)8332736;;
Zespół Szkół nr 2 im. Konstytucji 3 Maja w Bielsku Podlaskim;(85)8332735;;
Zespół Szkół Nr 2 im. Księcia Warcisława IV;(94)3740246;;
Zespół Szkół Nr 2 im. Księcia Warcisława IV;(94)3740281;;
Zespół Szkół nr 2 im.Emilii Plater;503754833;;
Zespół Szkół nr 2 w Dukli;(13)4330008;;
Zespół Szkół nr 2 w Janowcu;(81)8815302;;
Zespół Szkół nr 2 w Rypinie im. Unii Europejskiej;(54)2803161;;
Zespół Szkół nr 20 im. gen. Józefa Bema;(22)8433713;;
Zespół Szkół nr 22;(71)3484296;;
Zespół Szkół Nr 23 we Wrocławiu;(71)7986899;;
Zespół Szkół Nr 23 we Wrocławiu;(71)7175466;;
Zespół Szkół Nr 3;(85)8332749;;
Zespół Szkół nr 3;(67)3494102;;
Zespół Szkół nr 3;(81)8863762;;
Zespół Szkół nr 3;(81)8863838;;
Zespół Szkół Nr 3 im. 2 Armii Wojska Polskiego;(22)8446663;;
Zespół Szkół Nr 3 im. 2 Armii Wojska Polskiego;(22)8447514;;
Zespół Szkół nr 3 im. J.H.Małeckich;(87)6204332;;
Zespół Szkół nr 3 im. J.H.Małeckich;693369033;;
Zespół Szkół Nr 3 im. Legionistów Miasta Pabianic;(42)2154339;;
Zespół Szkół nr 3 im. Stanisława Pawłowskiego w Jaśle;(13)4483547;;
Zespół Szkół nr 3 im. Stanisława Pawłowskiego w Jaśle;(13)4483542;;
Zespół Szkół Nr 3 im. Św. Jadwigi Królowej;(18)2664075;;
Zespół Szkół Nr 3 im. Św. Jadwigi Królowej;(18)2649987;;
Zespół Szkół Nr 3 w Międzychodzie;(95)7482478;;
Zespół Szkół Nr 3 w Szczecinku;(94)3742708;;
Zespół Szkół nr 3 w Szczytnie;(89)6242818;;
Zespół Szkół Nr 4 im. Jarosława Dąbrowskiego w Tomaszowie Lubelskim;(84)6659015;;
Zespół Szkół Nr 4 im. Jarosława Dąbrowskiego w Tomaszowie Lubelskim;(84)6659983;;
Zespół Szkół Nr 4 im. Ziemi Podlaskiej;(85)8332737;;
Zespół Szkół nr 4 Rolnicze Centrum Kształcenia Ustawicznego;(67)2583059;;
Zespół Szkół nr 4 w Bydgoszczy;(52)3610885;;
Zespół Szkół nr 4 w Suwałkach;(87)5664239;;
Zespół Szkół nr 4 w Suwałkach;(87)5667769;;
Zespół Szkół Nr 4 we Wrocławiu;(71)3617071;;
Zespół Szkół Nr 4 we Wrocławiu;(71)3617062;;
Zespół Szkół Nr 5;(71)3435279w.31;;
Zespół Szkół Nr 5;(71)7986904w.100;;
Zespół Szkół Nr 5;(87)6102331;;
Zespół Szkół Nr 5 im. Ignacego Łukasiewicza w Sanoku;(13)4632385;;
Zespół Szkół Nr 51 im. Ignacego Domeyki;(22)8640891;;
Zespół Szkół Nr 51 im. Ignacego Domeyki;(22)8345854;;
ZESPÓŁ SZKÓŁ NR 6;(32)2170091;;
Zespół Szkół Nr 6 im. Mikołaja Reja;(91)4333520;;
Zespół Szkół Nr 6 im. Mikołaja Reja;(91)4489541;;
Zespół Szkół Nr 8;(94)3432421;;
Zespół Szkół Nr 8;(94)3438071;;
Zespół Szkół Nr 9 im. Romualda Traugutta;(94)3425308;;
Zespół Szkół Nr 9 im. Romualda Traugutta;(94)3424423;;
Zespół Szkół nr. 10 im. Stanisława Staszica;(22)8332868;;
Zespół Szkół nr3 im. Rawickiego Korpusu Kadetów w Rawiczu;(65)5452620;;
Zespół Szkół nr3 im. Rawickiego Korpusu Kadetów w Rawiczu;(65)5453498;;
ZESPÓŁ SZKÓŁ ODZIEŻOWYCH NR 1 im. Stanisława Wyspiańskiego;(12)4224775;;
ZESPÓŁ SZKÓŁ ODZIEŻOWYCH NR 1 im. Stanisława Wyspiańskiego;(12)4228656;;
Zespół Szkół Ogólnokształcących;(87)4232587;;
Zespół Szkół Ogólnokształcących;(87)4232836;;
ZESPÓŁ SZKÓŁ OGÓLNOKSZTAŁCĄCYCH I MISTRZOSTWA SPORTOWEGO im. Jana Izydora Sztaudyngera;(75)7173055;;
ZESPÓŁ SZKÓŁ OGÓLNOKSZTAŁCĄCYCH I MISTRZOSTWA SPORTOWEGO im. Jana Izydora Sztaudyngera;(75)7172206;;
Zespół Szkół Ogólnokształcących i Zawodowych im. Adama Mickiewicza w Radymnie;(16)6281021;;
Zespół Szkół Ogólnokształcących im. H. Sienkiewicza w Myśliszewicach;(48)3848483;;
Zespół Szkół Ogólnokształcących im. ONZ;(84)6860442;;
Zespół Szkół Ogólnokształcących im.Stanisława Staszica w Zgierzu;(42)7190879;;
Zespół Szkół Ogólnokształcących im.Stanisława Staszica w Zgierzu;(42)7190804;;
Zespół Szkół Ogólnokształcących nr 1;(32)2313225;;
Zespół Szkół Ogólnokształcących nr 1;(95)7204842;;
Zespół Szkół Ogólnokształcących nr 1;(95)7204964;;
Zespół Szkół Ogólnokształcących NR 1 w Nowogardzie;(91)3920213;;
Zespół Szkół Ogólnokształcących Nr 1 w Poznaniu;(61)8480671;;
Zespół Szkół Ogólnokształcących Nr 1 w Poznaniu;(61)8464922;;
Zespół Szkół Ogólnokształcących nr 10;(32)2314732;;
Zespół Szkół Ogólnokształcących nr 11;(32)2310793;;
Zespół Szkół Ogólnokształcących nr 11 w Zabrzu;(32)2715980;;
Zespół Szkół Ogólnokształcących nr 12;(32)2722222;;
Zespół Szkół Ogólnokształcących nr 2 w Gdyni;(58)6201750;;
Zespół Szkół Ogólnokształcących nr 2 w Szczecinie;(91)4895310;;
Zespół Szkół Ogólnokształcących nr 2 w Szczecinie;(91)4895319;;
Zespół Szkół Ogólnokształcących Nr 4 im. Bohdana Ihora Antonycza;(76)7233106;;
Zespół Szkół Ogólnokształcących nr 4 im. Piastów Śląskich w Gliwicach;(32)2705557;;
Zespół Szkół Ogólnokształcących nr 6 im. Jana Kochanowskiego w Radomiu;(48)3632396;;
Zespół Szkół Ogólnokształcących nr 6 im. Jana Kochanowskiego w Radomiu;(48)3622052;;
Zespół Szkół Ogólnokształcących nr 6 w Szczecinie;(91)4336760;;
Zespół Szkół Ogólnokształcących nr 9, XXIII LO oraz Gimnazjum nr 11;(12)4110525;;
Zespół Szkół Ogólnokształcących Towarzystwa Absolwentów KUL im. św. Pawła z Tarsu;(22)7891402;;
Zespół Szkół Ogólnokształcących w Dobrej;(18)3330009;;
Zespół Szkół Ogólnokształcących w Głubczycach;(77)4852701;;
Zespół Szkół Ogólnokształcących w Głubczycach;(77)4850610;;
Zespół Szkół Ogólnokształcących w Godzianowie;(46)8311123;;
Zespół Szkół Ogólnokształcących w Krośnie;(13)4320450;;
Zespół Szkół Plastycznych im. Piotra Michałowskiego;(17)7482970;;
Zespół Szkół Plastycznych im. Piotra Michałowskiego;(17)7482980;;
Zespół Szkół Plastycznych im.Tadeusza Kantora;(32)2603240;;
Zespół Szkół Plastycznych im.Tadeusza Kantora;(32)2602868;;
Zespół Szkół Politechnicznych ENERGETYK;(74)8426008;;
Zespół Szkół Politechnicznych ENERGETYK;(74)8426009;;
Zespół Szkół Ponadgimnazjalnych;(58)6819695;;
Zespół Szkół Ponadgimnazjalnych;(52)3882107;;
Zespół Szkół Ponadgimnazjalnych;(52)3883972;;
Zespół Szkół Ponadgimnazjalnych;(74)8722242;;
Zespół Szkół Ponadgimnazjalnych;(74)8729414;;
Zespół Szkół Ponadgimnazjalnych im. Adama Mickiewicza;(75)6465116;;
Zespół Szkół Ponadgimnazjalnych im. Eugeniusza Kwiatkowskiego;(061)4445401;;
Zespół Szkół Ponadgimnazjalnych im. Eugeniusza Kwiatkowskiego;(061)4448544;;
Zespół Szkół Ponadgimnazjalnych im. Hipolita Cegielskiego w Trzemesznie;(61)4240792;;
Zespół Szkół Ponadgimnazjalnych im. Hipolita Cegielskiego w Trzemesznie;(61)4154361;;
Zespół Szkół Ponadgimnazjalnych im. Kombatantów Ziemi Lubańskiej;(75)7222530;;
Zespół Szkół Ponadgimnazjalnych im. Osadników Wojskowych w Mieszkowicach;(91)4145441;;
Zespół Szkół Ponadgimnazjalnych im. Stanisława Staszica;(52)3852586;;
Zespół Szkół Ponadgimnazjalnych im. Stanisława Staszica w Wieruszowie;(62)7841321;;
Zespół Szkół Ponadgimnazjalnych im. Stanisława Staszica w Wieruszowie;(62)7831071;;
Zespół Szkół Ponadgimnazjalnych im. Władysława St. Reymonta;(18)4449059;;
Zespół Szkół Ponadgimnazjalnych Nr 1;(41)3450851-53;;
Zespół Szkół Ponadgimnazjalnych nr 1 im. Bohaterów Westerplatte w Strzelinie;(71)3920008;;
Zespół Szkół Ponadgimnazjalnych Nr 1 im. gen. Jerzego Ziętka w Mysłowicach;(32)2225015;;
Zespół Szkół Ponadgimnazjalnych Nr 1 im. gen. Jerzego Ziętka w Mysłowicach;(32)2222641;;
Zespół Szkół Ponadgimnazjalnych Nr 1 im. I Armii Wojska Polskiego w Praszce;(34)3591196;;
Zespół Szkół Ponadgimnazjalnych Nr 1 im. I Armii Wojska Polskiego w Praszce;(34)3591953;;
Zespół Szkół Ponadgimnazjalnych nr 1 im. Stanisława Staszica;(44)7552998;;
Zespół Szkół Ponadgimnazjalnych nr 1 im. Stanisława Staszica w Siedlcach;(25)6327308;;
Zespół Szkół Ponadgimnazjalnych nr 1 im. Tadeusza Kościuszki;(82)5763755;;
Zespół Szkół Ponadgimnazjalnych nr 10 im. Jana Szczepanika;(42)6562911;;
Zespół Szkół Ponadgimnazjalnych nr 10 im. Jana Szczepanika;(42)6562976;;
Zespół Szkół Ponadgimnazjalnych nr 19 im. Karola Wojtyły w Łodzi;(42)6377278;;
Zespół Szkół Ponadgimnazjalnych nr 19 im. Karola Wojtyły w Łodzi;(42)6377279;;
Zespół Szkół Ponadgimnazjalnych nr 2;(62)7472240;;
Zespół Szkół Ponadgimnazjalnych nr 2 im. K. F. Libelta w Krotoszynie;(62)7252228;;
Zespół Szkół Ponadgimnazjalnych nr 2 im. K. F. Libelta w Krotoszynie;(62)7252028;;
Zespół Szkół Ponadgimnazjalnych Nr 2 im. Tadeusza Kościuszki w Stalowej Woli;(15)8420640;;
Zespół Szkół Ponadgimnazjalnych Nr 2 im. Tadeusza Kościuszki w Stalowej Woli;(15)8422691;;
Zespół Szkół Ponadgimnazjalnych nr 2 w Kielcach;(41)3676185;;
Zespół Szkół Ponadgimnazjalnych nr 2 w Kielcach;(41)3676975;;
Zespół Szkół Ponadgimnazjalnych Nr 2 w Krośnie;(13)4322319;;
Zespół Szkół Ponadgimnazjalnych Nr 2 w Krośnie;(13)4368948;;
Zespół Szkół Ponadgimnazjalnych Nr 2 w Lubaniu;(75)7222678;;
Zespół Szkół Ponadgimnazjalnych nr 20;(42)6521860;;
Zespół Szkół Ponadgimnazjalnych nr 3;(68)4565683;;
Zespół Szkół Ponadgimnazjalnych Nr 3;(55)6460630;;
Zespół Szkół Ponadgimnazjalnych Nr 3;(55)6460631;;
Zespół Szkół Ponadgimnazjalnych nr 3;(61)4263153;;
Zespół Szkół Ponadgimnazjalnych nr 3;(44)6325711;;
Zespół Szkół Ponadgimnazjalnych nr 3;(44)6323156;;
Zespół Szkół Ponadgimnazjalnych nr 3 im. Jana Pawła II;(44)7245641;;
ZESPÓŁ SZKÓŁ PONADGIMNAZJALNYCH NR 4 w Jaworznie;(32)6155715;;
Zespół Szkół Ponadgimnazjalnych nr 5;(13)4743860;;
Zespół Szkół Ponadgimnazjalnych nr 5;(13)4743861;;
Zespół Szkół Ponadgimnazjalnych nr 5;(55)2715648;;
Zespół Szkół Ponadgimnazjalnych nr 5;(55)2715052;;
Zespół Szkół Ponadgimnazjalnych Nr 5 w Łopusznie;(41)3914926;;
Zespół Szkół Ponadgimnazjalnych Nr 5 w Łopusznie;(41)3914025;;
Zespół Szkół Ponadgimnazjalnych Nr 6 im. Gen. Józefa Bema w Siedlcach;(25)6322654;;
Zespół Szkół Ponadgimnazjalnych Nr 6 im. Gen. Józefa Bema w Siedlcach;(25)6334524;;
Zespół Szkół Ponadgimnazjalnych Nr 7;(42)6512462;;
Zespół Szkół Ponadgimnazjalnych Nr 7;(42)6515486;;
Zespół Szkół Ponadgimnazjalnych nr 9 im. Komisji Edukacji Narodowej;(42)6843975;;
Zespół Szkół Ponadgimnazjalnych w Pszowie;(32)4557165;;
Zespół Szkół Ponadgimnazjalnych w Pszowie;(32)4558947;;
Zespół Szkół Ponadgimnazjalnych w Słupi pod Kępnem;(62)7818778;;
Zespół Szkół Powiatowych w Troszynie;(29)7671058;;
Zespół Szkół Przyrodniczo-Politechnicznych Centrum Kształcenia Ustawicznego w Marszewie;(62)7421361;;
Zespół Szkół Rolniczych;(56)4745333;;
Zespół Szkół Rolniczych Centrum Kształcenia Praktycznego;(77)4155294;;
Zespół Szkół Rolniczych Centrum Kształcenia Praktycznego;(63)2898421;;
Zespół Szkół Rolniczych Centrum Kształcenia Praktycznego;(63)2898410;;
Zespół Szkół Rolniczych im. Powstańców Wielkopolskich;(65)5456231;;
Zespół Szkół Rolniczych im. Powstańców Wielkopolskich;(65)5456343;;
Zespół Szkół Rzemieślniczych;(91)4821531;;
Zespół Szkół Rzemiosła i Handlu im. Bandery Polskiej w Gdyni;(58)6253859;;
Zespół Szkół Rzemiosła i Handlu im. Bandery Polskiej w Gdyni;(58)6658000;;
Zespół Szkół Samochodowych i Budowlanych im. Leonarda da Vinci w Glogowie;(76)7277121;;
Zespół Szkół Samochodowych i Budowlanych im. Leonarda da Vinci w Glogowie;(76)7277120;;
Zespół Szkół Samochodowych i Licealnych Nr 1;(22)8240545;;
Zespół Szkół Samochodowych i Licealnych nr 2;(22)8387021;;
Zespół Szkół Samochodowych i Licealnych nr 3 im. I.J.Paderewskiego;(22)6633255;;
Zespół Szkół Samochodowych i Licealnych nr 3 im. I.J.Paderewskiego;(22)6633038;;
Zespół Szkół Samochodowych im. Ge. J. Bema w Pszczynie;(032)2103624;;
Zespół Szkół Samochodowych im. Ge. J. Bema w Pszczynie;(032)2103272;;
Zespół Szkół Samochodowych w Radomiu;(48)3623186;;
Zespół Szkół Sportowych Nr 50 im. Janusza Kusocińskiego;(22)8342157;;
Zespół Szkół Sportowych Nr 50 im. Janusza Kusocińskiego;(22)8344022;;
Zespół Szkół Spożywczych im. Stanisława Staszica w Krajence;(67)2638179;;
Zespół Szkół Spożywczych im. Stanisława Staszica w Krajence;(67)2638178;;
Zespół Szkół Techniczno-Ekonomicznych;(12)2761522;;
Zespół Szkół Techniczno-Ekonomicznych;(12)2763451;;
Zespół Szkół Technicznych;(32)2813858;;
Zespół Szkół Technicznych i Licealnych im. Stanisława Staszica;(32)2152927-29;;
Zespół Szkół Technicznych i Licealnych im. Stanisława Staszica;(32)2152876;;
Zespół Szkół Technicznych i Ogólnokształcacych MERITUM;(32)2290914;;
Zespół Szkół Technicznych i Ogólnokształcących;(95)7320309;;
Zespół Szkół Technicznych i Ogólnokształcących;(95)7320182;;
Zespół Szkół Technicznych i Ogólnokształcących im. gen.dr. Romana Abrahama we Wrześni;(61)4360677;;
Zespół Szkół Technicznych i Ogólnokształcących im. gen.dr. Romana Abrahama we Wrześni;(61)4360515;;
Zespół Szkół Technicznych i Ogólnokształcących nr 3 im. Edwarda Abramowskiego w Katowicach;(32)2028255;;
Zespół Szkół Technicznych i Ogólnokształcących Nr 4 im. Jędrzeja Śniadeckiego;(32)2411717;;
Zespół Szkół Technicznych im. Generała Profesora Sylwestra Kaliskiego;(63)2803612;;
Zespół Szkół Technicznych im. Generała Profesora Sylwestra Kaliskiego;(63)2803614;;
Zespół Szkół Technicznych w Poniatowej;(81)8205624;;
Zespół Szkół Transportowo-Elektrycznych CENTRUM KSZTAŁCENIA USTAWICZNEGO;(62)7366709;;
Zespół Szkół w Bielsku-Białej;(33)8144998;;
Zespół Szkół w Bytomiu;(32)2869631;;
Zespół Szkół w Chocianowie;(76)8185166;;
Zespół Szkół w Choroszczy;(85)7131480;;
Zespół Szkół w Choroszczy;(85)7191017;;
Zespół Szkół w Cieszynie;(33)8522343;;
Zespół Szkół w Katowicach;(32)2564115;;
Zespół Szkół w Katowicach;697818633;;
Zespół Szkół w Libiążu;(32)6277961;;
Zespół Szkół w Libiążu;(32)6277963;;
Zespół Szkół w Olkuszu;(32)6431655;;
Zespół Szkół w Rabce-Zdroju;(18)2677029;;
Zespół Szkół w Siedliszczu;(82)5692270;;
Zespół Szkół w Ulanowie;(15)8763013;;
Zespół Szkół w Wojkowicach;(32)7695762;;
Zespół Szkół w Żarowie;(74)8580403;;
Zespół Szkół Widnokrąg;(71)7981299;;
Zespół Szkół Zawodowych i Ogólnokształcących im. Stanisława Staszica w Nidzicy;(89)6252704;;
Zespół Szkół Zawodowych i Ogólnokształcących im. Stanisława Staszica w Nidzicy;(89)6252366;;
Zespół Szkół Zawodowych i Ogólnokształcących w Lubinie;(76)8497241;;
Zespół Szkół Zawodowych im. Piastów Opolskich;(77)4661338;;
Zespół Szkół Zawodowych im. Piastów Opolskich;(77)4661728;;
Zespół Szkół Zawodowych im.mjr Henryka Dobrzańskiego HUBALA;(48)3635700;;
Zespół Szkół Zawodowych im.mjr Henryka Dobrzańskiego HUBALA;(48)3636723;;
Zespół Szkół Zawodowych nr 1;(22)7752043;;
Zespół Szkół Zawodowych nr 1 im. Józefa Psarskiego w Ostrołęce;(29)7646882;;
Zespół Szkół Zawodowych Nr 4 im. Adama Chętnika;(29)7642127;;
Zespół Szkół Zawodowych nr 4 w Opolu;(77)4745360;;
Zespół Szkół Zawodowych nr 4 w Opolu;(77)4745359;;
Zespół Szkół Zawodowych nr 5 w Białymstoku im. Gen.Ignacego Prądzyńskiego;(085)6532455;;
Zespół Szkół Zawodowych nr 5 w Białymstoku im. Gen.Ignacego Prądzyńskiego;(085)6531278;;
Zespół Szkół Zawodowych Nr 6 im. J.Lelewela;(61)8522464;;
Zespół Szkół Zawodowych Nr 6 im. J.Lelewela;(61)8524378;;
Zespół Szkół Zawodowych Nr 9 im. prof. R.A.Cebertowicza;(58)5530515;;
Zespół Szkół Zawodowych w Goleniowie;(91)4182821;;
ZSTiO GlLIWICE Zespół Szkół Technicznych i Ogólnokształcących;(32)2313612;;
Akademia Pomorskie Centrum Edukacyjne;(58)7358940;;
Akademia Pomorskie Centrum Edukacyjne;(58)3252485;;
Akademickie Gimnazjum i Liceum Wyższej Szkoły Menedżerskiej w Warszawie;(22)5900876;;
Akademickie Gimnazjum i Liceum Wyższej Szkoły Menedżerskiej w Warszawie;(22)8188302;;
AKSA ATENA Sp. z o.o.;(89)3070027;;
AKSA ATENA Sp. z o.o.;504535896;;
Bezpłatne Szkoły dla Dorosłych AMICUS;(75)7522305;;
Bezpłatne Szkoły L.O. Edukacja;(76)7521007;;
Bezpłatne Szkoły L.O. Edukacja;(32)7261702;;
Bezpłatne Szkoły L.O. Edukacja;(44)7886551;;
Bezpłatne Szkoły L.O. Edukacja;608835263;;
BIO COSMETICS STUDIO;(89)5321342;;
BIO COSMETICS STUDIO;693866550;;
Centrum Edukacji EDUS;(22)7765006;;
Centrum Edukacji KORONA;(76)8313246;;
Centrum Edukacji KORONA;536863800;;
Centrum Edukacji MILENIUM;(46)8332885;;
Centrum Edukacji SIGMA;(14)6564704;;
Centrum Edukacji ZENIT;(54)2320418-19;;
Centrum Edukacji ZENIT;(54)2320420;;
Centrum Edukacyjne Royal College;(76)8443030;;
Centrum Edukacyjne Royal College;(76)7222255;;
Centrum Kształcenia;(12)4172139;;
Centrum Kształcenia;606663494;;
Centrum Kształcenia Ponadgimnazjalnego im. Kazimierza Sośnickiego;(58)3458274;;
Centrum Kształcenia Ponadgimnazjalnego im. Kazimierza Sośnickiego;(58)3489195;;
CENTRUM KSZTAŁCENIA USTAWICZNEGO ELITA;(41)3144004;;
CENTRUM KSZTAŁCENIA USTAWICZNEGO ELITA;607713050;;
Centrum Kształcenia Ustawicznego i Praktycznego w Zielonej Górze;(68)4530133;;
Centrum Kształcenia Ustawicznego i Praktycznego w Zielonej Górze;(68)4530160;;
Centrum Kształcenia Ustawicznego Pro Academika;(58)3080984;;
Centrum Kształcenia Ustawicznego Pro Academika;601223601;;
Centrum Kształcenia Ustawicznego w Toruniu;(56)6577490;;
Centrum Kształcenia Ustawicznego w Toruniu;(56)6577479;;
Centrum Kształcenia ZAWÓD i PRACA;609025131;;
Computer College;(94)3411741;;
Computer College;(94)3411329;;
COPERNICUS-Centrum Edukacji;(32)2810360;;
Educo BSH Sp. z o.o.;(81)5247082;;
Educo BSH Sp. z o.o.;785885301;;
Europejskie Centrum Kształcenia Pascal;(58)6610000;;
EXTERNUS Niepubliczna Zasadnicza Szkoła Zawodowa Dla Dorosłych w Kościerzynie;519737120;;
Fundacja Dla Dobra Publicznego;(77)4834895;;
Fundacja Dla Dobra Publicznego;(77)4834053;;
Gimnazjum i Liceum Ogólnokształcące im. św. Wincentego a Paulo w Pabianicach;(42)2153957;;
Gimnazjum i Liceum Ogólnokształcące Mistrzostwa Sportowego BTS Rekord Bielsko-Biała;(33)8166104;;
Gimnazjum i Liceum Ogólnokształcące Mistrzostwa Sportowego BTS Rekord Bielsko-Biała;795567875;;
Gimnazjum i Liceum Społeczne im. Hetmana Jana Zamoyskiego;(82)5764505;;
Gimnazjum nr 5 i XXIV LO im. Jana Pawła II;(12)4111102;;
Gimnazjum nr 5 i XXIV LO im. Jana Pawła II;(12)4121700;;
GLOKER Niepubliczna Szkoła Policealna;(91)4850786;;
GLOKER Niepubliczna Szkoła Policealna;(91)4850779;;
Górnośląskie Centrum Edukacyjne;(32)2313576;;
Górnośląskie Centrum Edukacyjne;(32)2307911;;
I Liceum im. T.Kościuszki w Koninie;(63)2428782;;
I Prywatne Liceum Ogólnokształcące im. Józefa Piłsudskiego;(12)6576619;;
I Prywatne Liceum Ogólnokształcące im. Józefa Piłsudskiego;(12)6583711;;
I Zespół Ogólnokształcących Szkół Społecznych im.Stanisława Konarskiego;(32)2512344;;
INTERLOGOS;(44)6322216;;
INTERLOGOS;(44)6322842;;
Katolickie Gimnazjum i Liceum Ogólnokształcące im. Jana Pawła II;(42)6131860;;
Katolickie Gimnazjum i Liceum Ogólnokształcące im. Jana Pawła II;(42)6131865;;
Konińskie Centrum Edukacyjne;(63)2429729;;
Konińskie Centrum Edukacyjne;(63)2467969;;
Konsorcjum Uczelni Wyższych FUTURUS;(22)5128444;;
Krakowska Spółdzielnia Pracy Oświata;(12)4305243;;
Krakowska Spółdzielnia Pracy Oświata;(12)4305104;;
L.O. EDUKATOR w Wieluniu i Policealna Szkoła Zawodowa EDUKATOR w Wieluniu;(43)6595417;;
L.O. EDUKATOR w Wieluniu i Policealna Szkoła Zawodowa EDUKATOR w Wieluniu;606246740;;
Liceum Ogólnokształcące dla Dorosłych EDUKACJA Liceum Uzupełniajace dla Dorosłych EDUKACJA;(71)3772155;;
Liceum Ogólnokształcące dla Dorosłych EDUKACJA Liceum Uzupełniajace dla Dorosłych EDUKACJA;(71)3772177;;
Międzynarodowa Szkoła Europejska w Warszawie;(22)8424448;;
Niepubliczna Szkoła Ogólnokształcąca i Zawodowa;(33)8618959;;
Niepubliczne Gimnazjum nr 1 Multimedialne Niepubliczne LO;(32)2999179;;
OSiD Ośrodek Szkolenia i Dokształcania;(33)8732023;;
OSiD Ośrodek Szkolenia i Dokształcania;502566801;;
Ostrołęckie Centrum Kształcenia;600443788;;
Ostrołęckie Centrum Kształcenia;(29)7600793;;
Ośrodek Kształcenia Cogito;(76)8415127;;
Ośrodek Kształcenia Cogito;(76)7497282;;
Ośrodek Szkoleniowy EKSPERT;(85)6626300;;
Ośrodek Szkoleniowy EKSPERT;504067823;;
Pallotyńskie Gimnazjum i Liceum Ogólnokształcące im. Stefana Batorego w Lublinie;(81)5338205;;
Pallotyńskie Gimnazjum i Liceum Ogólnokształcące im. Stefana Batorego w Lublinie;(81)5332028;;
Policealna Szkoła Akademia Sukcesu Oddział w Suwałkach;(87)7341738;;
Pomorskie Centrum Kształcenia Dorosłych;(58)3012307;;
Pomorskie Centrum Kształcenia Dorosłych;606459702;;
Powiatowe Centrum Kształcenia Ustawicznego;(32)4553593;;
Powiatowe Centrum Kształcenia Ustawicznego;(32)4530768-69;;
Prywatna Edukacja Młodzieży i Dorosłych;604853060;;
Prywatna Edukacja Młodzieży i Dorosłych;(94)3124169;;
Prywatna Szkoła Podstawowa, Gimnazjum, Liceum Ogólnokształcące CREATIVE;517777024;;
Prywatna Szkoła Podstawowa, Gimnazjum, Liceum Ogólnokształcące CREATIVE;537550004;;
Prywatne Akademickie Centrum Kształcenia;(12)6339657;;
Prywatne Gimnazjum i II Prywatne Liceum Ogólnokształcące w Kętrzynie;(89)7510545;;
Prywatne Gimnazjum i Liceum Ogólnokształcące Sióstr Nazaretanek w Warszawie;(22)8413854;;
Prywatne Gimnazjum i Liceum Ogólnokształcące Sióstr Nazaretanek w Warszawie;(22)8514170;;
Prywatne Gimnazjum i Liceum Sióstr Niepokalanek;(46)8649111;;
Prywatne Gimnazjum i Liceum Sióstr Niepokalanek;(46)8649110;;
Prywatne Gimnazjum i Prywatne Liceum Ogólnokształcące im. Józefa Czapskiego w Lublinie;(81)4442322;;
Prywatne Liceum Językowe OLIMP;(71)3594663;;
Prywatne Liceum Ogólnokształcące, Gimnazjum i Szkoła Podstawowa im. Marii Skłodowskiej-Curie;(32)2603500;;
Prywatne Liceum Ogólnokształcące, Gimnazjum i Szkoła Podstawowa im. Marii Skłodowskiej-Curie;(32)2641438;;
Prywatne Szkoły INSPIRACJA Sp. z o.o.;(12)4230798;;
Prywatne Szkoły PSKK;(68)3255422;;
Prywatne Szkoły PSKK;(68)3244703;;
Prywatne Żeńskie Szkoły im. Cecylii Plater-Zyberkówny;(22)6215254;;
Prywatne Żeńskie Szkoły im. Cecylii Plater-Zyberkówny;(22)6254061;;
Salezjańskie Liceum i Gimnazjum im. św. Jana Bosko w Legionowie;(22)7843177;;
Salezjańskie Liceum i Gimnazjum im. św. Jana Bosko w Legionowie;(22)7662380;;
SOSW dla Dzieci Niewidomych i Słabowidządzych;(12)2666680;;
SOSW dla Dzieci Niewidomych i Słabowidządzych;(12)2693125;;
Specjalny Ośrodek Szkolno-Wychowawczy im. Franciszka Ratajczaka;(65)5388592;;
Specjalny Ośrodek Szkolno-Wychowawczy im. Franciszka Ratajczaka;(65)5388589;;
Specjalny Ośrodek Szkolno-Wychowawczy nr 2;(12)6564603;;
Specjalny Ośrodek Szkolno-Wychowawczy nr 2;(12)4236233;;
Specjalny Ośrodek Szkolno-Wychowawczy w Lęborku;(59)8621577;;
Specjalny Ośrodek Szkolno-Wychowawczy w Lęborku;(59)8622185;;
Splot Zespół Szkół Społecznych;(18)4434339;;
Społeczne Gimnazjum i Liceum Ogólnokształcące im. W.Korfantego w Katowicach;(32)2551359;;
Szkoła Europejska;(42)6821210;;
Szkoła Europejska;(42)6823696;;
Szkoła Mistrzostwa Sportowego im. Żywieckich Habsburgów;(33)8666811;;
Szkoła Mistrzostwa Sportowego im. Żywieckich Habsburgów;509414110;;
Szkoła Policealna Awangarda;(34)3664575;;
Szkoła Policealna PROGRES;(89)5279958;;
Szkoła Policealna Wektor;(52)5243803;;
Szkoła Policealna Wektor;732789089;;
SZKOŁA ZAOCZNA dla Dorosłych w Grójcu;(48)6647449;;
SZKOŁA ZAOCZNA dla Dorosłych w Grójcu;509095010;;
Szkoły Delta;(91)4883666;;
Szkoły Delta;607920300;;
Szkoły Lotnicze w Katowicach;(32)3530123;;
Szkoły Podyplomowe, Technikum, Licea, Kursy Pedagogiczne;695390190;;
Szkoły Prywatne WIEDZA;(58)7751997;;
Toruńskie Stowarzyszenie Pomocy Szkole;(56)6225515;;
Toruńskie Stowarzyszenie Pomocy Szkole;(56)6223785;;
VII Prywatne Liceum Ogólnokształcące Prywatne Gimnazjum Nr 8 im. Mikołaja Reja w Krakowie;(12)4230372;;
VII Prywatne Liceum Ogólnokształcące Prywatne Gimnazjum Nr 8 im. Mikołaja Reja w Krakowie;(12)4230366;;
XIV Liceum Ogólnokształcące im. Kazimierza Wielkiego w Poznaniu;(61)8773632;;
Zakład Doskonalenia Zawodowego w Płocku;(24)2642277;;
Zakład Doskonalenia Zawodowego w Płocku;(24)2628689;;
Zespół Państwowych Placówek Kształcenia Plastycznego im. Jana Cybisa;(77)4566099;;
Zespół Państwowych Placówek Kształcenia Plastycznego im. Jana Cybisa;(77)4544525;;
Zespół Społecznych Integracyjnych Szkół AMIGO;(71)3615263;;
Zespół Społecznych Integracyjnych Szkół AMIGO;(71)3624040;;
Zespół Szkół Artystycznych i Akademickich ALA;(34)3680375;;
Zespół Szkół ATENA;(32)2668609;;
Zespół Szkół Centrum Kształcenia Rolniczego im. A. Świętochowskiego;(23)6713031;;
Zespół Szkół Centrum Kształcenia Rolniczego im. A. Świętochowskiego;(23)6713035;;
Zespół Szkół Centrum Kształcenia Rolniczego im. Wincentego Witosa w Mokrzeszowie;(74)8508736;;
Zespół Szkół Centrum Kształcenia Rolniczego im. Wincentego Witosa w Mokrzeszowie;(74)8508796;;
Zespół Szkół Ekonomiczno-Gastronomicznych im. Józefa Piłsudskiego w Tarnowie;(14)6361077;;
Zespół Szkół Ekonomiczno-Gastronomicznych im. Józefa Piłsudskiego w Tarnowie;(14)6361076;;
Zespół Szkół Ekonomiczno-Hotelarskich Centrum Kształcenia Praktycznego;(94)3545560;;
Zespół Szkół Ekonomiczno-Hotelarskich Centrum Kształcenia Praktycznego;(94)3545561;;
Zespół Szkół Ekonomicznych im. Oskara Langego w Kielcach;(41)3614361;;
Zespół Szkół Ekonomicznych im. Oskara Langego w Kielcach;(41)3618066;;
Zespół Szkół Ekonomicznych w Kaliszu;(62)5029444;;
Zespół Szkół Ekonomicznych w Kaliszu;(62)5029455;;
Zespół Szkół Elektronicznych im. Bohaterów Westerplatte w Radomiu;(48)3448116;;
Zespół Szkół Elektronicznych im. Bohaterów Westerplatte w Radomiu;(48)3440597;;
Zespół Szkół Gastronomiczno-Hotelarskich w Tarnowskich Górach;(32)2853861;;
Zespół Szkół Gastronomiczno-Hotelarskich w Toruniu;(056)6573777;;
Zespół Szkół im. Bolesława Chrobrego w Niemodlinie;(77)4606222;;
Zespół Szkół im. Juliusza Verne`a;(41)3003663;;
Zespół Szkół im. Juliusza Verne`a;666300696;;
Zespół Szkół im. Marii Skłodowskiej-Curie w Gostyninie;(24)2358910;;
Zespół Szkół im. Marii Skłodowskiej-Curie w Gostyninie;(24)2352445;;
Zespół Szkół im. św. Stanisława Kostki;(81)7477952;;
Zespół Szkół im. św. Stanisława Kostki;(81)7477952w.43;;
Zespół Szkół im. T.Kościuszki w Miliczu;(71)3840350;;
Zespół Szkół Katolickiego Stowarzyszenia Wychowawców w Libiążu;(32)6271189;;
Zespół Szkół Katolickiego Stowarzyszenia Wychowawców w Libiążu;(32)6271291;;
Zespół Szkół Mechanicznych w Rzeszowie;(17)7482250;;
Zespół Szkół Mechanicznych w Rzeszowie;(17)7482274;;
Zespół Szkół Mistrzostwa Sportowego;(61)6639800;;
Zespół Szkół Mistrzostwa Sportowego;(61)6639812;;
Zespół Szkół nr 1;(55)2472021;;
Zespół Szkół nr 1;(55)2472878;;
Zespół Szkół nr 1 im. Adama Mickiewicza;(34)3511433;;
Zespół Szkół nr 1 im. Adama Mickiewicza;782992645;;
Zespół Szkół nr 1 im. Marii Skłodowskiej-Curie;(33)8423954;;
Zespół Szkół Nr 11 im. Władysława Grabskiego;(22)6193058;;
Zespół Szkół Nr 11 im. Władysława Grabskiego;(22)6192666;;
Zespół Szkół nr 18 we Wrocławiu;(71)3551718;;
Zespół Szkół nr 18 we Wrocławiu;(71)3550058;;
Zespół Szkół nr 2 im. Stanisława Lema;(94)3424784;;
Zespół Szkół nr 2 im. Stanisława Lema;(94)3425321;;
Zespół Szkół nr 2 im. Stanisława Staszica;(61)2921559;;
Zespół Szkół Nr 2 w Ostrowi Mazowieckiej;(29)7453371;;
Zespół Szkół Nr 22 w Toruniu;(56)6518531;;
Zespół Szkół Nr 22 w Toruniu;(56)6619776;;
Zespół Szkół Nr 3 im. B.Barbackiego w Nowym Sączu;(18)4496090;;
Zespół Szkół Nr 3 im. B.Barbackiego w Nowym Sączu;(18)4496098;;
Zespół Szkół Nr 3 w Golubiu - Dobrzyniu;(56)6832553;;
Zespół Szkół Nr 4 im. Armii Krajowej;(91)4333076;;
Zespół Szkół Nr 4 w Jaśle;(13)4463469;;
Zespół Szkół Nr 4 w Jaśle;(13)4464403;;
Zespół Szkół Nr 4 w Nowym Sączu;(18)4437896;;
Zespół Szkół Nr 4 w Nowym Sączu;(18)4496088;;
Zespół Szkół Nr 5 im. Stefana Kisielewskiego w Warszawie;(22)8105423;;
Zespół Szkół Nr 5 im. Stefana Kisielewskiego w Warszawie;(22)8105427;;
Zespół Szkół nr 61 im. Tadeusza Reytana w Warszawie;(22)8441368;;
Zespół Szkół nr 61 im. Tadeusza Reytana w Warszawie;(22)6462780;;
Zespół Szkół nr 7 im. Stanisława Mastalerza;(32)2540626;;
Zespół Szkół nr 7 w Bydgoszczy;(52)3739746;;
Zespół Szkół nr 7 w Bydgoszczy;(52)3731131;;
Zespół Szkół Ogólnokształcących im. Adama Mickiewicza;(77)4181231;;
Zespół Szkół Ogólnokształcących im. Adama Mickiewicza;(77)4181270;;
Zespół Szkół Ogólnokształcących im. Adama Mickiewicza;(77)4181231;;
Zespół Szkół Ogólnokształcących im. Adama Mickiewicza;(77)4181270;;
Zespół Szkół Ogólnokształcących Mistrzostwa Sportowego im. Mikołaja Kopernika w Krakowie;(12)4112948;;
Zespół Szkół Ogólnokształcących Mistrzostwa Sportowego im. Mikołaja Kopernika w Krakowie;(12)4119295;;
Zespół Szkół Ogólnokształcących nr 13, Gimnazjum Nr 9 im. Stanisława Wyspiańskiego w Krakowie;(12)4133554;;
Zespół Szkół Ogólnokształcących Nr 4 w Bytomiu;(32)2865810;;
Zespół Szkół Ogólnokształcących Nr 7 w Gliwicach;(32)2314201;;
Zespół Szkół Ogólnokształcących w Nidzicy;(89)6252171;;
Zespół Szkół Ogólnokształcących w Nidzicy;(89)6252567;;
Zespół Szkół Ogólnokształcących w Nowogardzie;(91)3925107;;
Zespół Szkół Plastycznych w Kole;(63)2720741;;
Zespół Szkół Plastycznych w Kole;(63)2622900;;
Zespół Szkół Ponadgimnazjalnych we Wrocławiu;(71)3678666;;
Zespół Szkół Ponadgimnazjalnych we Wrocławiu;(71)3676210;;
Zespół Szkół PROMOTOR;(41)3358690;;
Zespół Szkół Prywtanych w Opocznie;(44)7555276;;
Zespół Szkół Prywtanych w Opocznie;601713242;;
Zespół Szkół Rolniczych im. Wincentego Witosa;(76)8506025;;
Zespół Szkół Społecznych;(74)8672457;;
Zespół Szkół Społecznych;(74)8670499;;
Zespół Szkół Sportowych im. J.Kusocińskiego;(32)2711823;;
Zespół Szkół Sportowych Nr 72;(22)8316753;;
Zespół Szkół Sportowych Nr 72;(22)8313643;;
Zespół Szkół TAK im. Ireny Sendlerowej;(77)4537766;;
Zespół Szkół TAK im. Ireny Sendlerowej;(77)4539958;;
Zespół Szkół Technicznych - Szkoła Mistrzostwa Sportowego w Płocku;(24)3642730;;
Zespół Szkół Technicznych - Szkoła Mistrzostwa Sportowego w Płocku;(24)3642739;;
Zespół Szkół Technicznych im. Tadeusza Kościuszki;(68)4769240;;
Zespół Szkół Technicznych im. Tadeusza Kościuszki;(68)4769241;;
Zespół Szkół Towarzystwa Salezjańskiego Collegium Salesianum;(91)4878255;;
Zespół Szkół Towarzystwa Salezjańskiego Collegium Salesianum;(91)4877432;;
Zespół Szkół Towarzystwa Salezjańskiego COLLEGIUM SALESIANUM w Bydgoszczy;(52)3766744;;
Zespół Szkół Towarzystwa Salezjańskiego COLLEGIUM SALESIANUM w Bydgoszczy;(52)3766711;;
Zespół Szkół w Bielicach;(56)4747746;;
Zespół Szkół w Dobrzeniu Wielkim;(77)4032820;;
Zespół Szkół w Dobrzeniu Wielkim;(77)4032829;;
Zespół Szkół w Kaliszu;(62)5025061;;
Zespół Szkół w Kaliszu;(62)5977959;;
Zespół Szkół w Rybniku;(32)4237880;;
Zespół Szkół w Rybniku;(32)4332602;;
Zespół Szkół w Sosnowcu;(32)2664905;;
Zespół Szkół w Świątnikach Górnych;(12)2705040;;
Zespół Szkół w Żarkach;(34)3148099;;
Zespół Szkół w Żarkach;(34)3148225;;
Zespół Szkół w Żywcu;(33)8612373;;
Zespół Szkół w Żywcu;(33)8614346;;
