Biuro Polowań Myśliwski Club ARTEMIS;602609530;;
Kieferle Tur-Tour S.c.;(22)6173572;;
Kieferle Tur-Tour S.c.;(22)6178868;;
HUBERTUS Sprzedaż Broni i Amunicji Roman Tołczyk;(85)6547707;;
HUBERTUS Sprzedaż Broni i Amunicji Roman Tołczyk;(85)6532225;;
Messer Sp. z o.o.;(22)6107733;;
Messer Sp. z o.o.;608517733;;
STRZELEC Sklep Myśliwski;(68)3257599;;
STRZELEC Sklep Myśliwski;(68)3243424;;
Artemis Sp. z o.o.;(94)3635930;;
Artemis Sp. z o.o.;608156217;;
Biuro TAJGA;601878800;;
Biuro TAJGA;601848801;;
Hummel Travel Sp. z o.o.;(22)7981127;;
Hummel Travel Sp. z o.o.;(22)3538299;;
P.P.H.U. GRANDEL Sp. z o.o.;(67)2126427;;
Hellfeier Sp. z o.o.;600371300militaria;;
Hellfeier Sp. z o.o.;600823929tłumaczenia;;
Agroturystyka Stary Dworek;(59)8105010;;
Agroturystyka Stary Dworek;609473578;;
Centrum Łucznicze S.c.;(33)4998909;;
Centrum Łucznicze S.c.;607828183;;
PPHU HUETTER;(014)6212664;;
PPHU HUETTER;(014)6223530;;
Pracownia Jubilerska Wąsowicz;516866142;;
Pracownia Jubilerska Wąsowicz;(14)6798209;;
Przedsiębiorstwo Produkcyjno-Handlowe POLSKÓR;(44)7246175;;
Rusznikarnia TOP GUN;(22)6164210;;
Rusznikarnia TOP GUN;603640101;;
TTA-Outdoor Sklep Myśliwski;735024214;;
VIPhuntingPL;502040107;;
VIPhuntingPL;0046704466890;;
Argali S.c.;(22)8534988;;
ARMS Obrót Bronią i Amunicją;(34)3470092;;
ARMS Obrót Bronią i Amunicją;796102006;;
ARTEMIDA;693830770;;
ARTEMIDA;(12)4139110;;
ARTEMIX;(22)8621452;;
ARTEMIX;(22)8621570;;
ASSA POLAND-Warszawa;(22)8141774;;
ASSA POLAND-Warszawa;(22)8141837;;
AVANT M&M Kowalscy Sp.j.;(17)8532504;;
AVANT M&M Kowalscy Sp.j.;(17)8529383;;
Biuro Organizacji Polowań FORET-POL Katarzyna Buniowska;(62)5881286;;
Biuro Organizacji Polowań FORET-POL Katarzyna Buniowska;606361626;;
Biuro Organizacji Polowań TRYTON;(61)6710288;;
Biuro Organizacji Polowań TRYTON;503074602;;
Biuro Polowań ARKU;608323595;;
Biuro Polowań ARKU;888696369;;
Biuro Polowań BARBARA;(67)2556179;;
Biuro Polowań BARBARA;(67)2557444;;
Biuro Polowań CONTACT;(22)8699290;;
Biuro Polowań Dewizowych Art-Hubert Sp. z o.o.;(17)2421790;;
Biuro Polowań Dewizowych PONOWA Grzegorz Michalak;605361922;;
Biuro Polowań Dewizowych PONOWA Grzegorz Michalak;693432375English;;
Biuro Polowań Dzikie Mazury;(87)4211550;;
Biuro Polowań Dzikie Mazury;(87)4211570;;
Biuro Polowań ForesTour;(86)4752864;;
Biuro Polowań ForesTour;(86)4752865;;
Biuro Polowań GLOBAL HUNTING AGENCY;600938258;;
Biuro Polowań GLOBAL HUNTING AGENCY;(43)8439052;;
Biuro Polowań Heltour;(22)2247180;;
Biuro Polowań Heltour;(22)4994394;;
Biuro Polowań HUBERT-HUNTING;503127487;;
Biuro Polowań HUBERT-HUNTING;509964646;;
Biuro Polowań i Turystyki IBEX Hubert Skwarek;(94)3421967;;
Biuro Polowań i Turystyki IBEX Hubert Skwarek;662214352;;
Biuro Polowań LUX;(74)8533888;;
Biuro Polowań LUX;(74)8513869;;
Biuro Polowań Marco Polo;784811482;;
Biuro Polowań Ostoja;505084079;;
Biuro Polowań Ostoja;(61)8436345;;
Biuro Polowań PUH Pommernjagd Sp.j.;(94)3450019;;
Biuro Polowań PUH Pommernjagd Sp.j.;(94)3430730;;
Biuro Polowań REMODEX JAG Sp. z o.o.;(62)7473619;;
Biuro Polowań REMODEX JAG Sp. z o.o.;691729921;;
Biuro Polowań TAXYDERMY;506342732;;
Biuro Polowań Ultimate Hunting;608810644;;
CENTRUM;(58)3411944;;
CENTRUM;(58)3414691sklep;;
Chassorbis;(022)6468543;;
Dębowa Aleja Sp. z o.o.;663333879;;
Diana-PZŁ Sp. z o.o.;(89)5351556;;
Diana-PZŁ Sp. z o.o.;(89)5279752;;
Dom Łowcy Sklep Myśliwski Pawlik Wojciech;(71)3541779;;
Dom Łowcy Sklep Myśliwski Pawlik Wojciech;(71)3541247;;
Elcolt-Hubertus Sp.j.;(14)6223222;;
Elcolt-Hubertus Sp.j.;(14)6216686;;
ELITE EXPEDITIONS Sp. z o.o.;(022)6584919;;
ELITE EXPEDITIONS Sp. z o.o.;(022)6584902;;
F.H. EDEX-Sklep Myśliwski;(13)4458339;;
F.H. EDEX-Sklep Myśliwski;781140111;;
F.H.U. MAKAMA;(77)4540715;;
F.H.U. MAKAMA;606206554;;
F.H.U. Profit;(22)4907933;;
F.H.U. Profit;889659816;;
Fabryka Amunicji Myśliwskiej FAM-PIONKI Sp. z o.o.;(48)3852342;;
Fabryka Amunicji Myśliwskiej FAM-PIONKI Sp. z o.o.;(48)3840052;;
FAUT Justyna Filipska;607418664;;
FHU ROM Jan Milewski;(91)4336977;;
FHU ROM Jan Milewski;694858693;;
Firma Handlowa KNIEJA;(12)4218233;;
Firma Handlowa KNIEJA;(12)2921020;;
FRAYA Sklep Myśliwski i Sportowy;(61)2862413;;
FRAYA Sklep Myśliwski i Sportowy;501302875;;
Galeria Myśliwska;(54)2355905;;
Galeria Myśliwska;(54)2354543;;
GRAFF;(67)2582277;;
GRAFF;(67)2500740;;
GREAT HUNTING Biuro Polowań;(95)7493093;;
GREAT HUNTING Biuro Polowań;728889385;;
GREEN HUNTING Biuro Polowań Sp.j.;(61)8533409;;
GREEN HUNTING Biuro Polowań Sp.j.;(61)8553604;;
GUNBROKER.PL Katarzyna Leśkiewicz;(43)8222147;;
GUNBROKER.PL Katarzyna Leśkiewicz;601994480;;
Hafex Sklep Myśliwski;(77)4568795;;
HUBERTECH Sp. z o.o.;(32)2054122;;
HUBERTECH Sp. z o.o.;(32)2051698;;
Hubertus Collection;(68)4555111;;
HUBERTUS GROUP Polowania;(91)4642500;;
HUBERTUS GROUP Polowania;(91)4643524;;
Hubertus Pro Hunting;(22)6548877;;
Hubertus Pro Hunting;(22)6548878;;
Jagdagentur VENATOR;(61)8194627;;
Jagdagentur VENATOR;601231477;;
Jerzy Jakusz;(58)5367625;;
Jerzy Jakusz;502547444;;
Koło Łowieckie Szarak w Tczewie;600330024;;
Koło Łowieckie Szarak w Tczewie;509023532;;
KOPROMED;(61)4422304;;
Mr.HUNTER Sp. z o.o.;(56)6841230;;
Mr.HUNTER Sp. z o.o.;(56)6840075;;
Ostoja - Sklep przemysłowy - broń amunicja, akcesoria;601795502;;
Ostoja - Sklep przemysłowy - broń amunicja, akcesoria;(91)8342404;;
P.H. BORSUK Sklep Myśliwsko-Jeździecki;(63)2458076;;
P.H. BORSUK Sklep Myśliwsko-Jeździecki;601299330;;
P.H.U. Kiefer;602447920;;
P.H.U. Kiefer;696127132;;
P.P.H.U. Emzzi;606305737;;
PPH TAMED GROUP;(89)5416426;;
PPH TAMED GROUP;(89)5242187;;
PPHU DANEX Hurtownia-Importer Artykułów Myśliwskich;500608500;;
PPHU EKOSYSTEM;(76)7497294;;
PPHU EKOSYSTEM;(76)7497295;;
Pracownia Preparowania Zwierząt Marek Krajewski;(85)6504581;;
Pracownia Preparowania Zwierząt Marek Krajewski;608106425;;
Pracownia Preparowania Zwierząt mgr inż. Bogdan Kieś;(32)2357181;;
Pracownia Preparowania Zwierząt mgr inż. Bogdan Kieś;602736869;;
Preparowanie Trofeów Łowieckich Robert Zagórski&Syn;(74)8450307;;
Preparowanie Zwierząt i Trofeów Łowieckich Tomasz Sokołowski;(75)7137398;;
Preparowanie Zwierząt i Trofeów Łowieckich Tomasz Sokołowski;693104396;;
PREPART - preparowanie trofeów myśliwskich i wędkarskich;(61)8433277;;
PREPART - preparowanie trofeów myśliwskich i wędkarskich;728832024;;
Prywatne Biuro Polowań TRAPER S.c.;(94)3645587;;
Prywatne Biuro Polowań TRAPER S.c.;(94)3645229;;
Przedsiębiorstwo Handlowo Usługowe BORUS;(58)3255446;;
Przedsiębiorstwo Zaopatrzenia Technicznego Leśnictwa SILVAPOL S.A.;(61)8663071;;
PZŁ ŁOWEX;(22)8267949;;
PZŁ ŁOWEX;(22)8288159;;
Robin Hood Hunting Biuro Polowań i Turystyki Sp. z o.o.;601385152;;
Robin Hood Hunting Biuro Polowań i Turystyki Sp. z o.o.;(71)3610722;;
Salon Myśliwski Krzysztof Drężewski;(24)2350067;;
Salon Myśliwski Krzysztof Drężewski;(24)2350060;;
Sklep Myśliwski BORSUK;(43)8271746;;
Sklep Myśliwski DARZ BÓR;(95)7632082;;
Sklep Myśliwski Diana;(52)3972009;;
SKLEP MYŚLIWSKI Janusz Siwiaszczyk;(42)6406394;;
SKLEP MYŚLIWSKI Janusz Siwiaszczyk;601217233;;
Sklep Myśliwski ŁOŚ;(52)3819699;;
Sklep Myśliwski ŁOŚ;783809100;;
Sklep Myśliwski Piotr Łazik;(62)7537100;;
Sklep Myśliwski RYŚ Teresa Skwarek;(94)3420601;;
Sklep Myśliwski RYŚ Teresa Skwarek;(94)3420800;;
Sklep Myśliwski Sokół;607633020;;
Sklep Myśliwski SZÓSTAK TOMASZ PILARZ;(43)8439052;;
Sklep Myśliwski SZÓSTAK TOMASZ PILARZ;600938258;;
Sklep Myśliwski WOJSKI;(52)3610237;;
Sklep Myśliwski WOJSKI;501339100;;
Sklep Myśliwski, Dealer Stihl P.Łazik;603636455;;
Sklep Myśliwsko Wędkarski BAŻANT;(32)4154451;;
Skład Myśliwski Św.Huberta;534011174;;
TRAPER Biuro Polowań;(12)4110139;;
TRAPER Małgorzata Roman;606288893;;
Waffen-Wiegand Sp. z o.o.;(95)7206430;;
Zakład Odzieżowy VITO;(56)4982764;;
Zakład Produkcyjno-Handlowy KNIEJA Sp. z o.o.;(87)5665724;;
Zakład Produkcyjny FORSPORT;(43)8241209;;
Zakład Produkcyjny FORSPORT;695842351;;
Zakład Rusznikarski Zenon Nowacki;(89)5350281;;
Zakład Rusznikarski Zenon Nowacki;601639530;;
Zielony Dąb Sp. z o.o.;(22)7741363;;
Zielony Dąb Sp. z o.o.;(22)7844365;;
ZOL TAGART;(15)8224818;;
ZOL TAGART;(15)8234458;;
Agroturystyka SEJSZA Beata i Andrzej Wróblowie;(59)8464320;;
Agroturystyka SEJSZA Beata i Andrzej Wróblowie;601690530;;
ARIPOL Sp. z o.o.;(22)8799281;;
ARIPOL Sp. z o.o.;(22)8797813;;
ASR Studio Agnieszka Szafarewicz Sklep Internetowy WODOODPORNE.pl;(77)4530321;;
ATRA;696610827;;
B-N Michał Sowiński;505403364;;
B-N Michał Sowiński;(22)8185536-magazyn;;
BHP MAX;602101206;;
Bowa-Net;(85)6575036;;
Bowa-Net;790706711;;
DZIKUN SKLEP.pl;(22)6114985;;
GunPower;(42)2966960;;
GunPower;502404770;;
Handel Zagraniczny Bogdan Łęski;(83)3437395;;
Handel Zagraniczny Bogdan Łęski;(83)3431413;;
Hubertus Łęczyca;603202501;;
KALIBER Sp. z o.o.;(22)6445767;;
KALIBER Sp. z o.o.;(22)6416046w.41;;
M.K.Szuster;(22)6161238;;
M.K.Szuster;(22)6176148;;
MIRO Pracownia Grawersko-Złotnicza Małgorzata Turzańska-Żochowska;(95)7685851;;
MIRO Pracownia Grawersko-Złotnicza Małgorzata Turzańska-Żochowska;668536682;;
Nadleśnictwo Głęboki Bród;(87)5165203;;
Nadleśnictwo Sarbia;(67)2551220;;
Nadleśnictwo Sarbia;602688815;;
Nadleśnictwo Stuposiany;(13)4610171;;
Nadleśnictwo Stuposiany;(13)4610173;;
Nadnotecka Hurtownia Sprzętu Myśliwskiego;(67)2820989;;
Nadnotecka Hurtownia Sprzętu Myśliwskiego;(67)2827400;;
Obrót Bronią i Amunicją;(22)6140512;;
Obrót Bronią i Amunicją;(22)6140439;;
OUTDOOR Jurczak-Pieniążek Sp.j;(22)4282888;;
OUTDOOR Jurczak-Pieniążek Sp.j;(22)7371191;;
P.H.U. ABSOLUTUS Zbigniew Fiut i Inni Sp.j.;(41)3617021;;
P.H.U. ABSOLUTUS Zbigniew Fiut i Inni Sp.j.;(41)3687558;;
PHU Diana & PHU Traper;(14)6300317;;
PHU Diana & PHU Traper;(14)6300318;;
PK-U Parabellum Sp. z o.o.;(22)7835777;;
PK-U Parabellum Sp. z o.o.;(22)7834777;;
Przedsiębiorstwo Usługowo Handlowe WITEK;513019746;;
Przedsiębiorstwo Usługowo Handlowe WITEK;513064692;;
Przedsiębiorstwo Wielobranżowe BRANTA Sp. z o.o.;(54)4121440;;
Przedsiębiorstwo Wielobranżowe BRANTA Sp. z o.o.;(54)4118616;;
QUMORO;(41)3454303;;
QUMORO;696969997;;
RANGER MILITARY SHOP;660883883;;
REMGOR Sp. z o.o. NATURA Turystyka Dla Aktywnych;(22)7568859;;
REMGOR Sp. z o.o. NATURA Turystyka Dla Aktywnych;(22)7569024;;
SEDYKO Sp. z o.o.;(48)3652939;;
SEDYKO Sp. z o.o.;(48)3650074;;
Sklep Internetowy WESOŁE ZWIERZAKI;667886199;;
Towarzystwo Strzeleckie Bractwo Kurkowe w Krakowie;(12)4211999;;
