Niepubliczny Żłobek Hula Hop;510606603;;
Akademia Malucha Słoneczny Kąt;607510789;;
BAJKOWY DOMEK Żłobek;604877285;;
BAJKOWY DOMEK Żłobek;(22)6716014;;
LaliBam;514827730;;
LaliBam;514827731;;
Prywatny Punkt Opieki ZACZAROWANE KREDKI;506937233;;
ŚWIAT MALUCHA;509143731;;
Żłobek i Przedszkole BRZDĄC;509028929;;
Żłobek KRASNAL;(48)3631818;;
Żłobek KRASNAL;600394419;;
Przedszkole aKuKu;798277466;;
Przedszkole aKuKu;508593935;;
Przedszkole Niepubliczne BRZDĄC;691870905ul.Dworcowa;;
Przedszkole Niepubliczne BRZDĄC;724371195ul.Chrobrego;;
Przedszkole Niepubliczne JANOWIACZEK S.c.;(58)6712971;;
Przedszkole Niepubliczne JANOWIACZEK S.c.;506451216;;
CMC Centrum Małego Człowieka;(22)7421853;;
CMC Centrum Małego Człowieka;606744833;;
KLUCHA Klub Aktywnego Malucha, Klub Przedszkolaka;798666302;;
MDS Centrum Wsparcia Biznesowego Mirella Doluk-Świerczek;512925500;;
MDS Centrum Wsparcia Biznesowego Mirella Doluk-Świerczek;501501998;;
MISTRZOWIE ZABAWY Niepubliczny Żłobek i Przedszkole;785499777;;
MISTRZOWIE ZABAWY Niepubliczny Żłobek i Przedszkole;697443600;;
Niepubliczne Przedszkole i Żłobek KOZIOŁKI;515275420;;
Niepubliczne Przedszkole Integracyjne i Językowe NIEZAPOMINAJKA;(22)8574254;;
Niepubliczne Przedszkole Integracyjne i Językowe NIEZAPOMINAJKA;606216777;;
Prywatne Przedszkole nr 16 DOMOWE PRZEDSZKOLE;(12)4153007;;
Prywatne Przedszkole nr 16 DOMOWE PRZEDSZKOLE;(12)4168860;;
Przedszkole Niepubliczne GRYFIK;504033008;;
Żłobek Niepubliczny OTO BAJKA;(71)3112841;;
Żłobek Niepubliczny OTO BAJKA;605289261;;
Żłobek Filemon;500385267;;
Żłobek Kropeczka;502047158;;
Żłobek Mali Geniusze;513304653;;
AGUGU Niepubliczny Żłobek;696130240;;
Akademia Dziecka MAŁY SMYK;668844853;;
Akademia Dziecka MAŁY SMYK;668109153;;
Akademia FIT KID;728545566;;
Akademia KINDER CENTRUM;606224563;;
Akademia KINDER CENTRUM;722345455;;
Akademia KOCHANA NIANIA;504555130;;
Akademia Kolorowej Ciuchci;692575191;;
Akademia Malucha AKUKU;790250200;;
Akademia Malucha Bajeczny Zakątek;600212509;;
Akademia Malucha Bajeczny Zakątek;693639680;;
Akademia Malucha ELE MELE DUTKI;882273656;;
Akademia Malucha ELE MELE DUTKI;501121918;;
Akademia Malucha KARMELEK;502586378;;
Akademia Malucha MALI ODKRYWCY;691486212;;
Akademia Malucha TUPTUŚ;798812890;;
Akademia Malucha TUPTUŚ;883430444;;
Akademia Malucha ZACZAROWANA KRAINA;602741180;;
Akademia Maluszka;(22)8444709;;
Akademia Maluszka ŻÓŁWIK;602229290;;
Akademia Małego Smyka;515926535;;
Akademia Rozwoju Dziecka CHICHOTEK;724630724;;
Akademia Wychowawczo-Edukacyjna KLEKS;503163169;;
ALADYN Niepubliczny Żłobek i Przedszkole;797847101;;
ALADYN Niepubliczny Żłobek i Przedszkole;(32)7578899;;
Artystyczna Akademia Malucha;695052095;;
Artystyczna Akademia Malucha;537474959;;
Artystyczny Żłobek Niepubliczny JAGODOWA KRAINA;530641480;;
BabyDream Całodobowa Opieka Dziecięca;697517846;;
BAJKA Niepubliczny Żłobek S.c.;722090620;;
BALBINKA Klub Malucha;609029119;;
BUBALU;500160401;;
Całodobowe Centrum Opieki nad Dzieckiem KANGUREK 24;666372424;;
Całodobowe Centrum Opieki nad Dzieckiem KANGUREK 24;(77)5472087;;
Centrum Edukacji SUKCES;662024040;;
Centrum Edukacji SUKCES;606406859;;
Centrum Kreatywności KREATYWNY ŻŁOBEK;511230471;;
Centrum Kreatywności KREATYWNY ŻŁOBEK;796377083;;
Centrum Opieki i Edukacji DINO;535346635;;
Centrum Opieki i Radosnej Edukacji Małego Dziecka NASZA BAJKA Małgorzata Błaszkiewicz;508122762;;
Centrum Opieki i Zabawy EKOMALUSZKI;504384623;;
Centrum Opieki i Zabawy EKOMALUSZKI;504384624;;
Centrum Opieki nad Dziećmi CHATKA PUCHATKA;728826080;;
Centrum Opiekuńczo-Edukacyjne KRAINA BAŚNI;880623197;;
Centrum Profesjonalnej Opieki Anita Bobula-Kurowska;517712837;;
Centrum Rozwoju Dziecka CZERWONY BALONIK;693053515;;
Centrum Rozwoju Dziecka MAŁE ŚMIESZKI;515858447;;
Centrum Rozwoju Rodziny Delfin S.c.;(22)8486209;;
Centrum Rozwoju Rodziny Delfin S.c.;662088840;;
Centrum Rozwoju Rodziny HORYZONT;794117786;;
Centrum Rozwoju Rodziny HORYZONT;666388234;;
Chata Skrzata;(22)6699044;;
Chata Skrzata;603129224;;
CHATA SKRZATA S.c. żłobek niepubliczny;665923050;;
CHATA SKRZATA S.c. żłobek niepubliczny;662494961;;
CHATKA KAJTKA Żłobek Prywatny;509444960;;
CHATKA KUBUSIA PUCHATKA;504560319;;
CHATKA PUCHATKA;782619001;;
CHERUBINY Prywatna Opieka nad Dziećmi;665758184;;
Chrześcijański Żłobek Ziarenko;792770972;;
Cudowne Lata OPPI Joanna Domżała;510818440;;
CYPISKOWO.PL Niepubliczny Żłobek i Przedszkole;602593463;;
DAYCARE;662662533;;
Dom Rozwoju Malucha Promyczek;664316160;;
Domek BamBam;530588320;;
Domek Malucha;724974273;;
Domek Malucha;536513087;;
DOMEK PUCHATKA.PL Żłobek Niepubliczny Opieka nad Dziećmi;665407127;;
DOMOWY ŻŁOBEK;(12)2677777;;
DOMOWY ŻŁOBEK;608229240;;
Domowy Żłobek AKUKU;504214740;;
Domowy Żłobek PLUSZOWY MIŚ;501564210;;
DZIARSKIE SMYKI;516018563;;
DZIECIACZKOWO;795059275;;
DZIECIACZKOWO;883435512;;
Dziecięca Akademia Edukacji i Zabawy TUTEK S.c.;660137145;;
Dziecięca Akademia Edukacji i Zabawy TUTEK S.c.;608580624;;
Dzienny Punkt Opieki Nad Dziećmi PINOKIO;507109146;;
Dzienny Punkt Opieki Nad Dziećmi PINOKIO;602315210;;
Edulandia;514858388;;
Edulandia;513728040;;
Elfiki z Baśniowej Krainy;697116988;;
ELMO Kraina Malucha;664018770;;
ELMO Kraina Malucha;604611354;;
FAMILY CARE;666829711;;
FIKU MIKU Prywatny Żłobek;726900700;;
Gdański Zespół Żłobków;(58)3414736;;
Gminny Żłobek Integracyjny U MISIA;728845950;;
Gminny Żłobek Integracyjny U MISIA;(52)5156606;;
Gminny Żłobek w Długołęce;(71)3375494;;
GUGA STUDIO;695429283;;
Happy Day;609656347;;
HIC & HOC EDUKACJA Sp. z o.o. MALUCHY I SPÓŁKA;539950539;;
HIC & HOC EDUKACJA Sp. z o.o. MALUCHY I SPÓŁKA;533217533;;
Incy-Wincy Żłobek Niepubliczny i Niepubliczne Przedszkole o profilu językowym;(22)7505420;;
Incy-Wincy Żłobek Niepubliczny i Niepubliczne Przedszkole o profilu językowym;510323030;;
Integracyjny Punkt Opieki nad Dzieckiem CALINECZKA;730010305;;
Integracyjny Żłobek Samorządowy nr 20 Pluszowy Miś;(12)6512670;;
Integracyjny Żłobek Samorządowy nr 20 Pluszowy Miś;(12)6512671;;
ISKIERKI Żłobek Niepubliczny;536596924;;
ISKIERKI Żłobek Niepubliczny;536596923;;
Językowy Klub Malucha;501391365;;
KALINKA Żłobek Nr 2;(61)8473700;;
KALINKA Żłobek Nr 2;(61)8437810;;
KANGUREK Żłobek-Klub Malucha;506787968;;
KIDS` HOUSE Akademia Małego Człowieka;501549653;;
Klub dla Maluszków NASZE POCIECHY;510216903;;
Klub dla Maluszków NASZE POCIECHY;508764523;;
Klub Dziecięcy FIKU-MIKU;519794676;;
Klub Dziecięcy Kolorowe Kredki;(22)7818236;;
Klub Dziecięcy SKARB MALUCHA;512386746;;
Klub Dziecięcy WISZĄCY OGRÓDEK - ENEKOM Sp. z o.o. Sp.komandytowa;500167733;;
Klub Dziecięcy ZUCHY MALUCHY;500586091;;
Klub KAKADU;502604580;;
Klub KOLOROWE MISIE Żłobek Daszyńskiego;781730294;;
Klub KOLOROWE MISIE Żłobek Daszyńskiego;571329013;;
Klub Kreatywnego Malucha POMPON Żłobek Domowy;(12)6390030;;
Klub Malucha;(14)6552925;;
Klub Malucha;608885744;;
KLUB MALUCHA;886166861;;
KLUB MALUCHA;880394869;;
Klub Malucha ABC Centrum Rozwoju Dziecka;791905060;;
Klub Malucha ABC Centrum Rozwoju Dziecka;663384862;;
Klub Malucha AKADEMIA BABCI NIANI;606437753;;
Klub Malucha AMELKA;882779557;;
Klub Malucha Anna Hudak-Miąsko;694878559;;
Klub Malucha Anna Hudak-Miąsko;608627571;;
Klub Malucha ANTECZEK;602266309;;
Klub Malucha BAJKOWA KRAINA;604934954;;
Klub Malucha Bajkowe Nutki;797063688;;
Klub Malucha Bajkowe Nutki;603757990;;
Klub Malucha BAŚNIOWA KRAINA;506100264;;
Klub Malucha BĄBELEK;605369883;;
Klub Malucha BĄBELKI;519898817;;
Klub Malucha BĄBELKI;(61)6710443;;
Klub Malucha Bąbelkowo;696706015;;
Klub Malucha BUZIAKOWO;601755005;;
Klub Malucha CHATKA PUCHATKA;667106800;;
Klub Malucha DUDUŚ;509918878;;
Klub Malucha DUDUŚ;504264425;;
Klub Malucha DZIECIAKI I SPÓŁKA;507142077;;
Klub Malucha DZIECIAKI I SPÓŁKA;501043017;;
Klub Malucha FANTAZJA;509958294;;
Klub Malucha GOLDI;606516892;;
Klub Malucha GZUBY S.c.;509997008;;
Klub Malucha GZUBY S.c.;602754691;;
Klub Malucha HAPPY DAYS;661962077;;
Klub Malucha K.M.K.U.;509590155;;
Klub Malucha K.M.K.U.;503012242;;
Klub Malucha KARUZELA;790874449;;
Klub Malucha KARUZELA;509254423;;
Klub Malucha KOKOSZKA;796996096;;
Klub Malucha Kolorowe Misie;694294863;;
Klub Malucha Kolorowe Misie;608286821;;
Klub Malucha Kot Filemon;504054476;;
Klub Malucha KOTEK PUSZEK;505106440;;
Klub Malucha Kraina Dźwięków;881927949;;
Klub Malucha LULUŚ;790874449;;
Klub Malucha LULUŚ;509254423;;
Klub Malucha MAGICZNE SAFARII;663609984;;
Klub Malucha MAJABAJA;530748498;;
Klub Malucha MAJABAJA;512266971;;
Klub Malucha Miki House;502587668;;
Klub Malucha MISIACZEK;792662557;;
Klub Malucha MISIAKOWO;886901907;;
Klub Malucha MISIAKOWO;513390739;;
Klub Malucha MISIOWY OGRÓDEK;603155083;;
Klub Malucha MIŚ USZATEK;(22)6134699;;
Klub Malucha MIŚ USZATEK;692859048;;
Klub Malucha MOTYLEK;694221348;;
Klub Malucha NEMO;(52)3494589;;
Klub Malucha NEMO;508613877;;
Klub Malucha Niebieski Kotek;601302515;;
Klub Malucha OLIWKA;511086062;;
Klub Malucha Piccolo;502222727;;
Klub Malucha POZNAJEMY ŚWIAT;507867002;;
Klub Malucha POZNAJEMY ŚWIAT;507017768;;
Klub Malucha Przytulne Gniazdko;(22)3940329;;
Klub Malucha Przytulne Gniazdko;511770100;;
Klub Malucha PSOTNE STÓPKI;790791664;;
Klub Malucha PSOTNE STÓPKI;669374734;;
Klub Malucha RADOSNA KRAINA;722219721;;
Klub Malucha SŁONECZKO;509452739;;
Klub Malucha SMOCZEK;534774299;;
Klub Malucha STOKROTKA;791719400;;
Klub Malucha Sucha Beskidzka;519142919;;
Klub Malucha Sucha Beskidzka;508229486;;
Klub Malucha Tęcza;518105986;;
Klub Malucha TĘCZOWE MISIE;728148655;;
Klub Malucha TĘCZOWY DOMEK;606262465;;
Klub Malucha TĘCZOWY DOMEK;662137881;;
Klub Malucha TROSKLIWE MISIE;535036397;;
Klub Malucha TUP-TUP;(12)6616477;;
Klub Malucha TUP-TUP;602454775;;
Klub Malucha URWISIE;501280746;;
Klub Malucha WESOŁE DINUSIE;600140533;;
Klub Malucha WESOŁE MALUSZKI;505534552;;
Klub Malucha WESOŁE ŻABKI;662217565;;
Klub Malucha WYSPA ODKRYWCÓW;605739522;;
Klub Malucha ZIELONA KRAINA;696722063;;
Klub Malucha ŻŁOBUŚ;660120205;;
Klub Maluszka CZTERY SŁONIE;665256046;;
Klub Maluszka GWIAZDOLANDIA;504242045;;
Klub Maluszka GWIAZDOLANDIA;509983750;;
Klub Maluszka HAPPY BOBO;507289607;;
Klub Maluszka Ludwika Krolikowska;667410408;;
Klub Maluszka MALI ODKRYWCY;884800170;;
Klub Maluszka MYSZKA;723925296;;
Klub Maluszka Pluszowy Miś;517405024;;
Klub Maluszka TĘCZA;607184607;;
Klub Maluszka TĘCZA;516129450;;
Klub Maluszka ZIELONA ŻABKA;603790890;;
Klub Maluszka ZIELONA ŻABKA;669547908;;
Klub Maluszka ŻABUCH;693210145;;
Klub Maluszka ŻABULINKI;663916587;;
Klub Maluszka ŻABULINKI;609317314;;
Klub Małego Ludka;603690900;;
Klub Małego Przedszkolaka MINI PYSIE;501585846;;
Klub Małego Przedszkolaka MINI PYSIE;505025009;;
Klub MAŁY ODKRYWCA;506172353;;
Klub Małych Odkrywców;509246368;;
Klub Opieki Nad Dziećmi Najlepsza Niania;600292475;;
Klub Przyjaciół Reksia;605693153;;
Klub Szczęśliwego Malucha Świderkowo;531261956;;
KLUB WESOŁEGO SMYKA;(58)5566661;;
KLUB WESOŁEGO SMYKA;505487514;;
KLUB ŻÓŁWIK;500214339;;
Klubik Malucha ABC;(33)4447207;;
Klubik Malucha ABC;607313160;;
Klubik Malucha KOLOROWA ŁĄKA;506118752;;
Kochany Maluch Anna Myśliwiec;(22)2991121;;
Kochany Maluch Anna Myśliwiec;694542731;;
Kotki Psotki-Żłobek Przedszkole;500450811;;
KRAINA BARANKA;514724491;;
KRAINA ELFÓW Niepubliczny Żłobek;(77)4553646;;
KRAINA ELFÓW Niepubliczny Żłobek;510639351;;
Kraina Malucha Olimpia Pytel;781061981;;
Kraina Maluszka BĄBELEK;603498850;;
Kraina Maluszków U ANIOŁKA STRÓŻA;602251492;;
Kraina Maluszków U ANIOŁKA STRÓŻA;787143702;;
KRAINA MAŁYCH STÓPEK;605888175;;
KUM KUM Opieka Nad Dziećmi;501770606;;
LALILU Muzyczny Żłobek;601191820;;
LUPIKOWO;(71)7271078;;
LUPIKOWO;662047160;;
Łączka Bączka;604622744;;
MAGICZNA TĘCZA Centrum Malucha;662073579;;
MAGICZNA TĘCZA Centrum Malucha;519657886;;
Mali Geniusze-Żłobek;509513477;;
Malinowa Kraina Żłobek Niepubliczny;(61)3070027;;
Malinowa Kraina Żłobek Niepubliczny;535573013;;
MALUSZEK Prywatna Opieka Żłobkowa nad Małym Dzieckiem;(58)3409426;;
MALUSZEK Prywatna Opieka Żłobkowa nad Małym Dzieckiem;500073820;;
Mały Żłobek Artystyczno-Językowy;(22)5788351;;
Mały Żłobek Artystyczno-Językowy;692569098;;
MAMAGU;505105222;;
Miejski Zespół Żłobków;(17)8543844;;
Miejski Żłobek Dzienny;(44)6468125;;
Miejski Żłobek Dzienny;(44)6468258;;
Miejski Żłobek Integracyjny;(46)8624047;;
Miejski Żłobek Integracyjny;690387024;;
Miejski Żłobek Nr 1 KRÓLA MACIUSIA w Pruszczu Gdańskim;(58)6830775;;
Miejski Żłobek Nr 1 KRÓLA MACIUSIA w Pruszczu Gdańskim;691041241;;
Miejski Żłobek w Siedlcach;(25)7943386;;
Miejski Żłobek w Siedlcach;(25)7943387;;
Miejski Żłobek w Żorach;(32)4352580;;
Międzynarodowa Akademia Malucha DAISY;(12)3531313;;
Międzynarodowa Akademia Malucha DAISY;518730818;;
Międzynarodowe Centrum Edukacji MONTESSORI;516104432;;
Międzynarodowe Centrum Edukacji MONTESSORI;506036739;;
Mini Przedszkole AKADEMIA KRASNOLUDKA;791378777;;
Mini Przedszkole AKADEMIA KRASNOLUDKA;507550252;;
Mini Żłobek BAJKOWA DOLINA Piotr Szydełko;663008889;;
Mini Żłobek BAJKOWA DOLINA Piotr Szydełko;696515704;;
Mini Żłobek Klub Malucha WESOŁE KRASNOLUDKI;790323977;;
Mini Żłobek Klub Malucha WESOŁE KRASNOLUDKI;690887861;;
Mini Żłobek TĘCZOWA KRAINA;797841969;;
Mini Żłobek TĘCZOWA KRAINA;514950289;;
Mini Żłobek ZAKĄTEK;512248411;;
Mini Żłobek ŻŁOBUŚ;(22)7565909;;
Mini Żłobek ŻŁOBUŚ;665257384;;
MISIO PISIO Niepubliczny Żłobek;515309903;;
Misiowy Zakątek;731741234;;
MIŚ Profesjonalna Opieka Nad Dziećmi;(22)6768319;;
MIŚ Profesjonalna Opieka Nad Dziećmi;502971803;;
MOMI KLUB Prywatny Żłobek;601081395;;
NASZ DOMEK Integracyjny Żłobek Muzyczny;510255986;;
Niepubliczne Przedszkole Abc;504011660;;
Niepubliczne Przedszkole i Żłobek STUMILOWY LAS;664198903;;
Niepubliczne Przedszkole NASZE KRASNOLUDKI;693728532;;
Niepubliczne Przedszkole NASZE KRASNOLUDKI;(85)6610234;;
Niepubliczny Żłobek ART SCHOOL;666351178;;
Niepubliczny Żłobek ART SCHOOL;606202910;;
Niepubliczny Żłobek BAJKA;535108688;;
Niepubliczny Żłobek BAJKA;535112776;;
Niepubliczny Żłobek BAJKOWE LUDKI;500156700;;
Niepubliczny Żłobek BAJKOWE LUDKI;505068224;;
Niepubliczny Żłobek Bambino;668447999;;
Niepubliczny Żłobek BAŚNIOWA KRAINA;792299950;;
Niepubliczny Żłobek BAŚNIOWA KRAINA;792732062;;
Niepubliczny Żłobek BOBO;792322022;;
Niepubliczny Żłobek BOBO;697729413;;
Niepubliczny Żłobek BYSTRY MALUSZEK;(32)2853032;;
Niepubliczny Żłobek BYSTRY MALUSZEK;606976038;;
Niepubliczny Żłobek CHILD HORIZONS-Dziecięce Horyzonty;796909895;;
Niepubliczny Żłobek FANTAZJA;790503790;;
Niepubliczny Żłobek i Przedszkole PAJACYK;(41)2628350;;
Niepubliczny Żłobek i Przedszkole SUCHOBOREK;(77)4592433;;
Niepubliczny Żłobek i Przedszkole SUCHOBOREK;662750144;;
Niepubliczny Żłobek i Przedszkole WESOŁE ROBACZKI;(85)7423711;;
Niepubliczny Żłobek i Przedszkole WESOŁE ROBACZKI;603607292;;
Niepubliczny Żłobek i Punkt Przedszkolny U PUCHATKA;509620449;;
Niepubliczny Żłobek i Punkt Przedszkolny U PUCHATKA;512240896;;
Niepubliczny Żłobek Infant House;604171961;;
Niepubliczny Żłobek KRASNAL;724630724;;
Niepubliczny Żłobek KRASNAL;502474224;;
Niepubliczny Żłobek MAJA;609191212;;
Niepubliczny Żłobek MALI ODKRYWCY;697709281;;
Niepubliczny Żłobek MALINOWY DOMEK;535773663;;
Niepubliczny Żłobek MAŁE NUTKI;535634636;;
Niepubliczny Żłobek MAŁY KSIĄŻĘ;693369316;;
Niepubliczny Żłobek Misio Bazik;661400422;;
Niepubliczny Żłobek NIKO;601800414;;
Niepubliczny Żłobek NIUTEK 1;698751923;;
Niepubliczny Żłobek PAPROTKA;500309610;;
Niepubliczny Żłobek Promyczek;781273281;;
Niepubliczny Żłobek PUCHATEK;606904902;;
Niepubliczny Żłobek PUCHATEK;604805202;;
Niepubliczny Żłobek SKRZAT;504588557;;
Niepubliczny Żłobek SŁONECZKO;609496171;;
Niepubliczny Żłobek SMOCZUŚ;695869753;;
Niepubliczny Żłobek TUPTUSIE;504986420;;
Niepubliczny Żłobek TUPTUSIE;513273994;;
Niepubliczny Żłobek ULICZKA KWIATOWA;507272222;;
Niepubliczny Żłobek WESOŁE KOZIOŁKI;503467887;;
NZOZ Żłobek BAJKA;(22)8143653;;
Olinkowy Ogródek;725817134;;
Opieka dzienna nad dziećmi Marcin Sobociński;793743433;;
PATRONUS Sp. z o.o. Żłobek i Przedszkole Niepubliczne NASZ DOMEK;(62)5913313;;
PATRONUS Sp. z o.o. Żłobek i Przedszkole Niepubliczne NASZ DOMEK;515196612;;
Petitek i Petitka-Klub Ciekawskiego Malucha i Aktywnej Mamy;605657974;;
Piccolo Leonardo polsko-włoski żłobek o profilu artystycznym;795122044;;
PIERWSZE KROCZKI;512055915;;
Placówka Oświatowo-Wychowawcza FIRST-STEP - Żłobek Sensoryczny PLANETA URWISÓW;505797087;;
Placówka Prywatna WESOŁA KRAINA;511604655;;
Placówka Prywatna WESOŁA KRAINA;513703177;;
POD BOCIANEM Niepubliczny Żłobek i Przedszkole;509644222;;
POZYTYWKA - Centrum Rozwoju Dziecka;516030103;;
POZYTYWKA Punkt Opiekuńczo-Edukacyjny;607150700;;
Pracownia Rozwoju KALEJDOSKOP;883240123;;
Projekt Edukacyjno-Artystyczny KARUZELA;512526737;;
PRYMUS Żłobek - Językowe Przedszkole - Językowa Szkoła Podstawowa i Gimnazjum;668580951;;
Prywatny Żłobek - Klub Malucha FORTE&PIANO;669808714;;
Prywatny Żłobek BRZDĄC;601353392;;
Prywatny Żłobek BRZDĄC;513034050;;
Prywatny Żłobek Centrum Malucha AGUGU;500415465;;
Prywatny Żłobek KRAINA MALUSZKA;600466847;;
Prywatny Żłobek KUBUSIOWY RAJ;790771928;;
Prywatny Żłobek KuGa;881292205;;
Prywatny Żłobek MAGICZNY ŚWIAT DZIECKA;600662194;;
Prywatny Żłobek Małpi Gaj;(61)8214012;;
Prywatny Żłobek Małpi Gaj;507065147;;
Prywatny Żłobek Mały Miś;(22)6447356;;
Prywatny Żłobek Mały Miś;504197503;;
Prywatny Żłobek PRZYTULNY KĄCIK;668665934;;
Prywatny Żłobek Puchatkowa Kraina;509899388;;
Prywatny Żłobek Puchatkowa Kraina;502571014;;
Prywatny Żłobek RAJ MALUSZKA-MAGICZNY OGRÓD;605939790;;
Prywatny Żłobek RAJ MALUSZKA-MAGICZNY OGRÓD;508390620;;
Prywatny Żłobek SKRZACIK;698949498;;
Prywatny Żłobek SKRZACIK;666021010;;
Prywatny Żłobek ŚWIAT DO 3 LAT;608308868;;
Prywatny Żłobek ŚWIAT DO 3 LAT;534914904;;
Prywatny Żłobek Tęczowe Misie;(12)3783889;;
Prywatny Żłobek Tęczowe Misie;888027888;;
Prywatny Żłobek TWÓRCZE SMYKI;605610781;;
Prywatny Żłobek WESOŁA KACZUSZKA;502360870;;
Przedszkole Akademia Przytulanka;519197173;;
Przedszkole Akademia Przytulanka;885663778;;
PRZYJACIELE Centrum Rozwoju Dziecka Żłobek Niepubliczny;504129423;;
Punkt Dziennej Opieki Nad Dziećmi SMERFUSIE;792359317;;
Punkt Opieki nad Dzieckiem MUSZELKA;608480995;;
Samorządowy Żłobek nr 12 Bajkowy Domek;(12)6484024;;
Samorządowy Żłobek nr 12 Bajkowy Domek;604200192;;
SKRZAT Niepubliczny Żłobek Montessori;(32)4227610;;
SŁONECZNA DOLINKA;668449053;;
Słoneczny Żłobek;790494434;;
SMERFUŚ;511533188;;
sobie...Rajski Domek 1;725119962;;
Specjalistyczny Żłobek Miejski Nr 5 SKRZACIKOWY ŻŁOBECZEK;(85)7320184;;
STAŚ I NEL Opieka nad Dziećmi;728966547;;
STAŚ I NEL Opieka nad Dziećmi;695120039;;
SZCZĘŚLIWE MISIE;(22)8239203;;
SZCZĘŚLIWE MISIE;600761641;;
ŚWIAT MALUCHA Prywatny Żłobek;(77)4355450;;
ŚWIAT MALUCHA Prywatny Żłobek;606986777;;
ŚWIAT MALUSZKA;791148878;;
TĘCZA S.c. Niepubliczny Żłobek TUPTUSIE;502412660;;
TĘCZA S.c. Niepubliczny Żłobek TUPTUSIE;662216525;;
TĘCZOWA KRAINA;792614482;;
TĘCZOWA KRAINA;795929676;;
TĘCZOWY ZAKĄTEK;516084387;;
TĘCZOWY ZAKĄTEK;600851509;;
TĘCZOWY ZAKĄTEK;(76)7449210;;
Tęczowy Żłobek;694777579;;
Tęczowy Żłobek;884385556;;
TOMGOF Tomasz Grzybowski Akademia Malucha Mała Panda;696460494;;
Troskliwe Misie;(22)2158427;;
Troskliwe Misie;502910921;;
TUP TUP Centrum Opieki nad Dzieckiem;732889825;;
TUP TUP Centrum Opieki nad Dzieckiem;732889826;;
VILLA BAMBINI Prywatne Przedszkole i Żłobek Montessori;512460073;;
VIVIENN Marta Główka;500539127;;
WESOŁA WYSPA Żłobek Niepubliczny nr 16;692068069;;
WESOŁE MINKI Żłobek;600939329;;
Wesołe Nutki Niepubliczny Żłobek;502230035;;
WESOŁE SŁONECZKO;730573288;;
WESOŁE ŻABKI Niepubliczny Żłobek;883225025;;
WidziMisie Żłobek i Klub Malucha;731313911;;
Wrocławski Zespół Żłobków;(71)3584646;;
Wrocławski Zespół Żłobków;(71)3584647;;
Wrocławskie Centrum Wspierania Rozwoju Dziecka BINGO;696833466;;
Wrocławskie Centrum Wspierania Rozwoju Dziecka BINGO;602612423;;
ZACZAROWANY MELONIK;(22)8395599;;
Zespół Żłobków m. st. Warszawy;(22)5652355;;
Zespół Żłobków m. st. Warszawy;(22)5652355;;
Zespół Żłobków nr 1 - żłobek KRECIK;(61)8223641;;
Zespół Żłobków nr 4 Żłobek MIŚ USZATEK;(61)8330621;;
Zespół Żłobków nr 4 Żłobek MIŚ USZATEK;(61)8353294;;
Zespół Żłobków Samorządowych Nr 2 - Integracyjny Żłobek Samorządowy Nr 2;(74)6642819;;
Zespół Żłobków Samorządowych Nr 2 - Integracyjny Żłobek Samorządowy Nr 2;(74)6642816;;
Zespół Żłobków w Tarnowie - Żłobek Nr 1;(14)6330638;;
Zespół Żłobków w Tarnowie - Żłobek Nr 1;(14)6217172;;
Żłobek Akademia Malucha;793266336;;
Żłobek BABY AT HOME;662142253;;
Żłobek BABY AT HOME;(12)2784777;;
Żłobek BAJKA;508229504;;
Żłobek Bajkolandia;530377886;;
Żłobek BAJKOLANDIA;504414413;;
Żłobek BAJKOLANDIA;537454212;;
Żłobek BAJKOWY RAJ;533672406;;
Żłobek BAJKOWY RAJ;533672407;;
Żłobek Baśniowy Dwór;509471626;;
Żłobek BĄBELEK;(56)4631014;;
Żłobek BĄBELEK;570932923;;
Żłobek BĄBELKI;784309057;;
Żłobek CENTRUM DZIECIĘCE JASIA I MAŁGOSI;662162286;;
Żłobek CHERUBINKOWO.PL;664157157;;
Żłobek CHERUBINKOWO.PL;693772520;;
Żłobek CHICHOTKI;600066276;;
ŻŁOBEK CIOCI ANI;505146745;;
Żłobek DOBRE DUSZKI;791569396;;
Żłobek DZIECIAKI;510985474;;
Żłobek EDU GPNT;503855116;;
Żłobek EDU GPNT;690855116;;
Żłobek ELFIK;(32)2660721;;
Żłobek ELFIK;604472570;;
Żłobek ELFIK;533307009;;
Żłobek ELFIK;533307008;;
Żłobek FIGLE;515770550;;
Żłobek FLEX KIDS - Flextronics International Poland Sp. z o.o.;(58)7777219;;
Żłobek FLEX KIDS - Flextronics International Poland Sp. z o.o.;696096390;;
Żłobek Gumisiowy Las;538437437;;
Żłobek HAPPY;788772102;;
Żłobek i Niepubliczne Przedszkole MALUTKOWO;781050570;;
Żłobek i Niepubliczne Przedszkole MALUTKOWO;(12)2948901;;
Żłobek i Przedszkole Akademia Odkrywców;(61)4152701;;
Żłobek i Przedszkole Akademia Odkrywców;795176456;;
Żłobek i Przedszkole BABY ACADEMY;510173666;;
Żłobek i Przedszkole BABY ACADEMY;791666206;;
Żłobek i Przedszkole KACZKA DZIWACZKA;512358376;;
Żłobek i Przedszkole KRAINA MARZEŃ;787883845;;
Żłobek i Przedszkole KRAINA MARZEŃ;774333093;;
Żłobek i Przedszkole TUPTUSIE;667667658;;
Żłobek i Przedszkole TUPTUSIE;667667699;;
Żłobek i Przedszkole TYGRYSKI;881088250;;
Żłobek i Przedszkole z Oddziałami Integracyjnymi BAJKOWA KRAINA;517301355;;
Żłobek i Przedszkole z Oddziałami Integracyjnymi BAJKOWA KRAINA;508782689;;
Żłobek i Punkt Przedszkolny JAŚ i MAŁGOSIA;518044771;;
Żłobek Integracyjny;(52)3482878;;
Żłobek Integracyjny;662236454;;
Żłobek Jak U Babci;668903807;;
Żłobek Klub Malucha GWIAZDOLANDIA;792029470;;
Żłobek Klub Małych Odkrywców;697737614;;
Żłobek KOCHANE MALUSZKI;501145344;;
Żłobek KRAINA MAŁYCH ODKRYWCÓW;516821163;;
Żłobek KRASNAL;(94)3526511;;
Żłobek KRZYŚ i PRZYJACIELE;694809762;;
Żłobek LEŚNY SKRZAT;500569003;;
Żłobek ŁĄCZKA BĄCZKA;792979080;;
Żłobek Maciuś;(61)8174265;;
Żłobek MAGICZNA KRAINA;791569396;;
Żłobek MAGICZNA KRAINA;(22)8395599;;
Żłobek Mali Artyści;(22)8430175;;
Żłobek Mali Artyści;606475224;;
Żłobek Mała Mi;694473741;;
Żłobek Mała Mi;608226212;;
Żłobek MAŁE MISIE;500156097;;
Żłobek Małe Misie;(22)6462231;;
Żłobek Małe Misie;(22)6462232;;
Żłobek MARSJANKI;724891748;;
Żłobek MĄDRY MALUCH;609067850;;
Żłobek Miejski;(84)6275014;;
Żłobek Miejski;(33)4962180;;
Żłobek Miejski;(62)7369600;;
Żłobek Miejski;(61)2961544;;
Żłobek Miejski Dąbrowa Górnicza;(32)2625012;;
Żłobek Miejski Kubuś Puchatek;(91)3214507;;
Żłobek Miejski LEŚNA POLANA;(91)5775734;;
Żłobek Miejski Nr 1;(95)7294365;;
Żłobek Miejski Nr 1;(68)3743210;;
Żłobek Miejski Nr 1;(74)8315105;;
Żłobek Miejski Nr 1;795184845;;
Żłobek Miejski nr 1 Integracyjny;(85)7423110;;
Żłobek Miejski Nr 1 KRASNAL;(76)7498700;;
Żłobek Miejski Nr 1 KRASNAL;(76)7463281;;
Żłobek Miejski Nr 1 PROMYCZEK;(68)3222296;;
Żłobek Miejski Nr 1 SŁONECZKO;(52)3731564;;
Żłobek Miejski Nr 1 SŁONECZKO;662236452;;
Żłobek Miejski Nr 1 w Wodzisławiu Śląskim;(32)4450438;;
Żłobek Miejski Nr 12 BALBINA;(52)3612614;;
Żłobek Miejski Nr 12 BALBINA;662236451;;
Żłobek Miejski Nr 13 MACIUŚ;(52)3731364;;
Żłobek Miejski Nr 13 MACIUŚ;662236448;;
Żłobek Miejski Nr 17 MUSZELKA;(52)3422626;;
Żłobek Miejski Nr 17 MUSZELKA;662236445;;
Żłobek Miejski Nr 2;(56)6599390;;
Żłobek Miejski Nr 2;(95)7227101;;
Żłobek Miejski Nr 2;(95)7227114;;
Żłobek Miejski Nr 2 w Będzinie;(32)7783131;;
Żłobek Miejski Nr 2 w Białymstoku RUMIANEK;(85)6613815;;
Żłobek Miejski Nr 2 w Cieszynie;(33)8511350;;
Żłobek Miejski Nr 2 w Cieszynie;(33)4797472;;
Żłobek Miejski Nr 20 ŻACZEK;(52)3430680;;
Żłobek Miejski Nr 20 ŻACZEK;662236449;;
Żłobek Miejski Nr 3;(85)6751648;;
Żłobek Miejski Nr 3;(95)7226750;;
Żłobek Miejski Nr 3 w Żarach;(68)3743975;;
Żłobek Miejski nr 4 WISIENKA;(68)3263017;;
Żłobek Miejski Nr 5 CHATKA PUCHATKA;(52)3223702;;
Żłobek Miejski Nr 5 CHATKA PUCHATKA;662236446;;
Żłobek Miejski Nr 6 SŁONECZKO;(85)6612185;;
Żłobek Miejski Nr 7;(85)7411021;;
Żłobek Miejski Nr 7;(85)7324777;;
Żłobek Miejski SKARBIEC SKRZATA;(83)3432905;;
Żłobek Miejski SKARBIEC SKRZATA;(83)3416422;;
Żłobek Miejski TĘCZOWY ŚWIAT;(77)4047095;;
Żłobek Miejski w Chorzowie;(32)2413768;;
Żłobek Miejski w Gnieźnie;(61)4263830;;
Żłobek Miejski w Katowicach;(32)2597428;;
Żłobek Miejski w Katowicach;(32)2539677;;
Żłobek Miejski w Kole;(63)2720530;;
Żłobek Miejski w Koninie;(63)2431841;;
Żłobek Miejski w Koszalinie Oddział BOLEK I LOLEK;(94)3454706;;
Żłobek Miejski w Koszalinie Oddział BOLEK I LOLEK;(94)3423824;;
Żłobek Miejski w Legionowie;(22)7745622;;
Żłobek Miejski w Legionowie;(22)7841135;;
Żłobek Miejski w Łaziskach Górnych;(32)2241069;;
Żłobek Miejski w Łaziskach Górnych;(32)2241242;;
Żłobek Miejski w Międzychodzie;(95)7483446;;
Żłobek Miejski w Piekarach Śląskich;(32)2883876;;
Żłobek Miejski w Piekarach Śląskich;798718705;;
Żłobek Miejski w Ropczycach;(17)2212541;;
Żłobek Miejski w Suwałkach;(87)5650327;;
Żłobek Miejski w Tychach;(32)2274993;;
Żłobek Miejski w Tychach;(32)2275051;;
Żłobek Miejski w Zabrzu;(32)2710985;;
Żłobek Miejski w Zabrzu;(32)2711140;;
Żłobek Miejski w Żywcu;(33)4755960;;
Żłobek Miejski z Grupami Przedszkolnymi w Złotoryi;(76)8783986;;
Żłobek MINI MINI;794394894;;
Żłobek MINI MINI;530540809;;
Żłobek MINI MINI;606718671;;
Żłobek MINI MINI;510680528;;
Żłobek Misie Patysie;664124040;;
Żłobek MIŚ USZATEK;(22)6127962;;
Żłobek MIŚ USZATEK;692859048;;
Żłobek MONTESSORI;693116248;;
Żłobek MOTYLEK;507289607;;
Żłobek Nasze Dzieci;666307575;;
Żłobek Niepubliczny ABC;694684054;;
Żłobek Niepubliczny BIEDRONECZKA;609394762;;
Żłobek Niepubliczny CHATKA USZATKA;(22)7724832;;
Żłobek Niepubliczny CHATKA USZATKA;795597733;;
Żłobek Niepubliczny CHOCHLIK;606107420;;
Żłobek Niepubliczny JAŚ I MAŁGOSIA;661668887;;
Żłobek Niepubliczny KOLOROWA PRZYSTAŃ;887415873;;
Żłobek Niepubliczny LALA;(22)6750694;;
Żłobek Niepubliczny LALA;501080189;;
Żłobek Niepubliczny MALI ARTYŚCI;790790580;;
Żłobek Niepubliczny PŁOMYCZKI;502640599;;
Żłobek Niepubliczny PŁOMYCZKI;501195993;;
Żłobek Niepubliczny SŁODZIAKI;533506509;;
Żłobek Niepubliczny ŚLIMACZEK;(68)4754358;;
Żłobek Niepubliczny ŚLIMACZEK;699809352;;
Żłobek Niepubliczny WYSEPKA 1 S.c.;693522944;;
Żłobek Niepubliczny WYSEPKA 1 S.c.;507120657;;
Żłobek NIEZAPOMINAJKA;(58)6208839;;
Żłobek Nr 1;(81)5250060;;
Żłobek Nr 1 w Olsztynie;(89)5419986;;
Żłobek Nr 2;(62)7574741;;
Żłobek Nr 2;(81)7473505;;
Żłobek Nr 28 Miejskiego Zespołu Żłobków;(42)6866854;;
Żłobek Nr 28 Miejskiego Zespołu Żłobków;515062492;;
Żłobek Nr 3;(81)4664995;;
Żłobek nr 3 CZERWONY KAPTUREK;(061)8663482;;
Żłobek nr 3 CZERWONY KAPTUREK;(061)8640648;;
Żłobek Nr 3 USZATEK;(91)4823188;;
Żłobek Nr 3 USZATEK;884879562;;
Żłobek Nr 3 w Kaliszu;(62)7530708;;
Żłobek Nr 4;(81)5338829;;
Żłobek Nr 4 w Kaliszu;(62)7640070;;
Żłobek Nr 4 w Kaliszu;662303690;;
Żłobek Nr 4 w Opolu;(77)4545583;;
Żłobek Nr 5;(81)7441919;;
Żłobek Nr 6;(81)7444361;;
Żłobek Nr 7;(81)7415869;;
Żłobek Nr 8;(81)5244613;;
Żłobek PEPA;509280097;;
Żłobek PEPA;(32)4721101;;
Żłobek Pierwsze Kroczki;534850146;;
Żłobek Pluszowy Miś;731126937;;
Żłobek Pluszowy Miś;600236146;;
Żłobek PO SĄSIEDZKU;697027283;;
Żłobek Pod Zielonym Jamniczkiem;691979774;;
Żłobek PRZYTULNY DOMEK;662291940;;
Żłobek PRZYTULNY DOMEK;506119254;;
Żłobek PSOTY I CHICHOTY;501447862;;
Żłobek Publiczny w Radgoszczy;690005572;;
Żłobek PUCHATEK;(58)5507778;;
Żłobek PUCHATEK;(58)5511088;;
Żłobek RAJ MALUSZKA;605084111;;
Żłobek RAJ MALUSZKA;605780059;;
Żłobek Re-Re Kum-Kum 2 Kraków Bronowice;509301283;;
Żłobek Re-Re Kum-Kum 3 Kraków Bronowice;509301283;;
Żłobek Re-Re Kum-Kum 4 Kraków Żabiniec Prądnik Biały;509301283;;
Żłobek Re-Re Kum-Kum Kraków Prądnik Biały;509301283;;
Żłobek Samorządowy Nr 18;(12)6330642;;
Żłobek Samorządowy Nr 18;(12)6327975;;
Żłobek Samorządowy Nr 22;(12)6481232;;
Żłobek Samorządowy Nr 3 w Wałbrzychu;(74)8421113;;
Żłobek Samorządowy Nr 3 w Wałbrzychu;(74)8421134;;
Żłobek Samorządowy nr 33;(12)4213348;;
Żłobek Samorządowy nr 33;(12)4211044;;
Żłobek Samorządowy Nr 4 w Wałbrzychu;668604498;;
Żłobek Samorządowy w Myślenicach;(12)2720171;;
Żłobek Samorządowy w Ozimku;(77)4651355;;
Żłobek SŁODKI BOBASEK;695761799;;
Żłobek SŁODKI BOBASEK;667305003;;
Żłobek Słoneczko;600208313;;
Żłobek STOKROTKA;693286520;;
Żłobek STOKROTKA;604975463;;
Żłobek STOKROTKA;501229336;;
Żłobek STRYLUŚ;695559551;;
Żłobek Szczęśliwych Maluchów;506729261;;
Żłobek TĘCZA;506234510;;
Żłobek TuLLi LuLLi;692114501;;
Żłobek TuLLi LuLLi;792292923;;
Żłobek w Chorzowie Wesoły Poranek;606871964;;
Żłobek w Raciborzu;(32)4155297;;
Żłobek w Wolsztynie;(68)3843318;;
Żłobek WESOŁE SKRZATY;604253593;;
Żłobek ZAJĄCZEK;884306061;;
Żłobek ZIELONY GROSZEK;501482545;;
Żłobek ZIELONY MOTYLEK;698287658;;
Żłobek ZIELONY MOTYLEK;698540532;;
Żłobek ZIELONY ZAKĄTEK;503940877;;
Żłobek ZIELONY ZAKĄTEK;503940890;;
Żłobek Złoty Promyk;(61)4422555;;
Żłobek ŻYRAFKA;781224377;;
Żłobek-Klub Malucha MOTYLKOWA KRAINA;721879475;;
Żłobki BabyCare i Przedszkola KidsCollege;781147711;;
Żłobki BabyCare i Przedszkola KidsCollege;722305333;;
Chatka Puchatka Niepubliczne Przedszkole i Żłobek;510922959;;
Chatka Puchatka Niepubliczne Przedszkole i Żłobek;502602747;;
Kraina Szczęścia Jaromir Budzik;737477797;;
MISIEK Niepubliczne Przedszkole i Żłobek;889464155;;
Niepubliczne Przedszkole i Żłobek EduMaluch;516616000;;
Niepubliczne Przedszkole i Żłobek EduMaluch;798714584;;
Przedszkole PYZA i JA;504194239;;
Akademia ArcyMalce - JP Group Sp. z o.o.;(61)6700131;;
Akademia ArcyMalce - JP Group Sp. z o.o.;(61)6700125;;
AKADEMIA DELFINKA;693386293;;
AKADEMIA DELFINKA;726446019;;
Akademia Młodego Człowieka Gabinet Terapii ANTOŚ;696453128;;
Akademia Przedszkolaka;500076520;;
Akademia Przedszkolaka;(68)4594992;;
Akademia Przedszkolaka;500065313;;
Akademia Przedszkolaka EDUCANDI;793407333;;
AKADEMIA UŚMIECHU Przedszkole, Żłobek;884003220;;
Akademia Wspomagania Rozwoju Bobo Gromadka;662116800;;
American School of Wrocław;(71)3336992;;
American School of Wrocław;695664115;;
Anglojęzyczne Niepubliczne Przedszkole oraz Żłobek LEŚNE SKRZATY;(46)8111551;;
Anglojęzyczne Niepubliczne Przedszkole oraz Żłobek LEŚNE SKRZATY;(46)8111561;;
Bajkowo;(77)4425574;;
BAJKOWY ŚWIAT;533642624;;
Bajkowy Zakątek Klub Malucha S.c.;(22)7500671;;
Bajkowy Zakątek Klub Malucha S.c.;505617780;;
Centrum Harmonijnego Rozwoju Dziecka;602336008;;
Centrum Harmonijnego Rozwoju Dziecka;604251770;;
Centrum Rozwoju Dziecka BEREK;(71)7935650;;
Centrum Rozwoju Dziecka BEREK;535212242;;
Centrum Rozwoju i Edukacji Przedszkole i Żłobek UNIWERSYTET MALUSZKA;(61)8682910;;
Centrum Rozwoju i Edukacji Przedszkole i Żłobek UNIWERSYTET MALUSZKA;510926006;;
Centrum Wspomagania Rozwoju DZIECKO I JA;602431209;;
Centrum Wspomagania Rozwoju DZIECKO I JA;(14)6991818;;
Centrum Zdrowego Rozwoju CZYŻYK;515474310;;
DDG S.c. Danuta Grotkowska, Dariusz Grotkowski Przedszkole JAŚ i MAŁGOSIA;(56)6480169;;
Dolina Elfów Przedszkole Językowo-Poznawcze;530055054;;
Domek Przedszkolaka;(22)7230659;;
Domek Przedszkolaka;609536607;;
Domowe Przedszkole i Gabinet OLIWKOWY GAJ;604356712;;
Edukacyjne Centrum Dla Dzieci BAJKOWA KRAINA;501013192;;
Gminne Przedszkole w Głuchowie;(46)8157193;;
GUMISIOWE PRZEDSZKOLE;(22)7850555;;
GUMISIOWE PRZEDSZKOLE;533337765;;
Instytut Psychoterapii i Pedagogiki Gestalt;(022)8397535;;
Integra Sp. z o.o.;(82)5421514;;
Integra Sp. z o.o.;(82)5655505;;
KIDS Językowe Przedszkole Niepubliczne & Żłobek Niepubliczny;791590035;;
KIDS Montessori;604974474;;
KINDER'KI Prywatne Przedszkole Anglojęzyczne z Oddziałem Żłobkowym;(61)8307965;;
KINDER'KI Prywatne Przedszkole Anglojęzyczne z Oddziałem Żłobkowym;(61)8306127;;
Klub Dziecięcy - Przedszkole BALONIK;512353027;;
Klub Dziecięcy MARZENIE;601974034;;
Klub Dziecięcy MARZENIE;667963058;;
Klub Malucha BabyTown;(44)6313166;;
Klub Malucha BabyTown;728527162;;
Klub Malucha Bajkowy Świat;693277080;;
Klub Malucha BIAŁY DOMEK;(52)3279178;;
Klub Malucha BIAŁY DOMEK;604862421;;
Klub Malucha KRAINA ZABAWY I WYOBRAŹNI NARNIA;889842435;;
Klub Malucha KRAINA ZABAWY I WYOBRAŹNI NARNIA;510383083;;
Klub Malucha Zielona Dolina;784900080;;
Klub Maluszka SEZAMKOWA KRAINA;502869443;;
KLUB MAŁYCH ODKRYWCÓW;697002697;;
KLUB MAŁYCH ODKRYWCÓW;(85)7102401;;
Kraina Malucha, Przedszkole KRASNALKOWO;(22)4259908;;
Kraina Malucha, Przedszkole KRASNALKOWO;797122601;;
Kubusiowa Chatka;(58)6989281;;
Kubusiowa Chatka;510660770;;
LEŚNE WZGÓRZE Prywatne Przedszkole i Żłobek;(58)6907012;;
LEŚNE WZGÓRZE Prywatne Przedszkole i Żłobek;501159090;;
MAGDALENKI - Klubik Dziecięcy i Punkt Przedszkolny TĘCZOWA PRZYSTAŃ;697740603;;
MAGDALENKI - Klubik Dziecięcy i Punkt Przedszkolny TĘCZOWA PRZYSTAŃ;600251457;;
Mały Einsteinek;571374144;;
Mały Einsteinek;506188441;;
MISIOWA-AKADEMIA Przedszkole Niepubliczne z Grupą Żłobkową;(52)3972542;;
MISTRZOWIE ZABAWY;790715699;;
Niepubliczne Przedszkole Artystyczne BYSTRY MALUCH i Klub Maluszka BYSTRZACZEK;530377817;;
Niepubliczne Przedszkole Artystyczne BYSTRY MALUCH i Klub Maluszka BYSTRZACZEK;603780297;;
Niepubliczne Przedszkole BĄBELKOWO;(15)6493149;;
Niepubliczne Przedszkole BĄBELKOWO;516135415;;
Niepubliczne Przedszkole Calineczka;(61)8139555;;
Niepubliczne Przedszkole Calineczka;510272947;;
Niepubliczne Przedszkole EPIONKOWO;728737007;;
Niepubliczne Przedszkole i Żłobek ELF;509373698;;
Niepubliczne Przedszkole i Żłobek Pluszowy Miś;696068488;;
Niepubliczne Przedszkole i Żłobek SMYK;504100255;;
Niepubliczne Przedszkole i Żłobek WS Katarzyna Pietrzykowska;(22)4258077;;
Niepubliczne Przedszkole i Żłobek WS Katarzyna Pietrzykowska;662703789;;
Niepubliczne Przedszkole Kangurek w Białymstoku;883988177;;
Niepubliczne Przedszkole KASZTANOWY DOMEK;603453002;;
Niepubliczne Przedszkole KASZTANOWY DOMEK;505795600;;
Niepubliczne Przedszkole KUBUŚ;(89)7413511;;
Niepubliczne Przedszkole KUBUŚ;661372325;;
Niepubliczne Przedszkole KUBUŚ;514521586;;
Niepubliczne Przedszkole MOTYLEK;509140300;;
Niepubliczne Przedszkole MOTYLEK;510191301;;
Niepubliczne Przedszkole SMERFY & Żłobek SMERFUSIE;507308731;;
Niepubliczne Przedszkole SMERFY & Żłobek SMERFUSIE;(22)7712572;;
Niepubliczne Przedszkole TOSI I FRANKA;660533740;;
NO BELL;601747372;;
NO BELL;(22)7569888;;
PLUSZAK;606895474;;
PLUSZAK;509494549;;
POZYTYWKA Autorskie Centrum Integracji;603774383;;
POZYTYWKA Autorskie Centrum Integracji;663779294;;
Prywatne Przedszkole i Żłobek Mini Bambini;609302800;;
Prywatne Przedszkole i Żłobek Z innej Bajki;509125920;;
Prywatne Przedszkole Żłobek TĘCZOWA KRAINA;(22)7868651;;
Prywatne Przedszkole Żłobek TĘCZOWA KRAINA;504218375;;
Przedszkola Niepubliczne STONOGA;601382274;;
Przedszkola Niepubliczne STONOGA;725505105;;
Przedszkole Dwujęzyczne Polsko-Francuskie Trampoline;(22)6161892;;
Przedszkole Dwujęzyczne Polsko-Francuskie Trampoline;502355919;;
Przedszkole i Żłobek CZTERY SŁONIE;(22)2528217;;
Przedszkole i Żłobek Dziecięcy Kącik;501764897;;
Przedszkole i Żłobek KIDS PROJECT;661833833;;
Przedszkole i Żłobek KOALA;602408507;;
Przedszkole i Żłobek Rodzinny;(22)7733377;;
Przedszkole i Żłobek TUBIŚ;(22)6711016;;
Przedszkole i Żłobek TUBIŚ;(22)6714880;;
Przedszkole i Żłobek URWIS;(89)6768596;;
Przedszkole i Żłobek URWIS;693458184;;
Przedszkole i Żłobek Wesoły Reksio;796290608;;
Przedszkole i Żłobek Wyspa Skarbów 2;793927816;;
Przedszkole i Żłobek Wyspa Skarbów 2;534719887;;
Przedszkole i Żłobek ZIELONA WIEŻA;506964531;;
Przedszkole Językowo-Artystyczne Mała Akademia;784064122;;
Przedszkole MYSZKA MEPI;607070514;;
Przedszkole MYSZKA MEPI;606261660;;
Przedszkole Niepubliczne BAJKOWE NUTKI;(71)3565605;;
Przedszkole Niepubliczne BAJKOWE NUTKI;795518938;;
Przedszkole Niepubliczne CHATKA PUCHATKA;500330354;;
Przedszkole Niepubliczne CHATKA PUCHATKA;502523403;;
Przedszkole Niepubliczne i Żłobek CHATKA SKRZATKA;605280575;;
Przedszkole Niepubliczne i Żłobek CHATKA SKRZATKA;605337180;;
Przedszkole Niepubliczne i Żłobek TĘCZOWA KRAINA;609804004;;
Przedszkole Niepubliczne i Żłobek TĘCZOWA KRAINA;889816301;;
Przedszkole Niepubliczne Little Antbee;(22)7630602;;
Przedszkole Niepubliczne Little Antbee;533119911;;
Przedszkole Niepubliczne PROMYCZEK;(89)5260889;;
Przedszkole Niepubliczne PROMYCZEK;510033405;;
Przedszkole Niepubliczne PRZYJACIELE KUBUSIA PUCHATKA;501376100;;
Przedszkole Niepubliczne PRZYJACIELE KUBUSIA PUCHATKA;506117419;;
Przedszkole Niepubliczne PRZYTULNY KĄCIK;722336676;;
Przedszkole Niepubliczne PRZYTULNY KĄCIK;691972420;;
Przedszkole Niepubliczne Żłobek ZIELONY DOMEK;784320950;;
Przedszkole Niepubliczne Żłobek ZIELONY DOMEK;882139537;;
Przedszkole Radośni Odkrywcy;(22)8347918;;
Przedszkole Radośni Odkrywcy;696483005;;
Przedszkole Rodzinne MĄDROWSCY;502123192;;
Przedszkole Rodzinne MĄDROWSCY;501099234;;
Przedszkole SŁONECZKO;691340090;;
Przedszkole, Żłobek KRASNALKI;692409722;;
Przedszkole, Żłobek KRASNALKI;502789028;;
SKRZATEK Przedszkole i Żłobek;604907906;;
Sosnowieckie Przedszkole im. Kubusia Puchatka-Centrum Edukacyjne Tulipanów;(32)2937288;;
Spółdzielnia Socjalna MINERWA;(33)3338912-13;;
Spółdzielnia Socjalna MINERWA;(33)3338911;;
ŚWIAT ODKRYWCÓW Niepubliczne Przedszkole Kulturowo-Rekreacyjne & Mini Żłobek;504263632;;
ŚWIAT ODKRYWCÓW Niepubliczne Przedszkole Kulturowo-Rekreacyjne & Mini Żłobek;691114372;;
TROSKLIWE MISIE;603254444;;
TROSKLIWE MISIE;608150772;;
U Cioci Kloci - Bajkowe Miejsce Dla Twojego Dziecka;506643580;;
Zaczarowana Pozytywka Europejskie Przedszkole Niepubliczne i Żłobek;(22)6438657;;
Zaczarowana Pozytywka Europejskie Przedszkole Niepubliczne i Żłobek;601778504;;
Zespół Przedszkolno-Żłobkowy ALTO;602262389;;
Zespół Żłobkowo-Przedszkolny nr 3 im. Kardynała Joachima Meisnera;(71)3493645;;
Zespół Żłobkowo-Przedszkolny Nr 5 WROCŁAWSKIE KRASNALE;(71)7986935wew.113;;
ZIELONE SŁONIE;532722037;;
ZIELONE SŁONIE;532722036;;
ZIELONY GAJ Żłobek-Przedszkole;(22)4246290;;
ZIELONY GAJ Żłobek-Przedszkole;790478333;;
Żłobek i Przedszkole BABY CITY;609627077;;
Żłobek i Przedszkole BABY CITY;609314186;;
Żłobek i Przedszkole MAŁY SMYK;502360013;;
Żłobek Klasa Bobasa;(22)2516925;;
Żłobek Klasa Bobasa;696806539;;
Żłobek, Przedszkole Prywatne Chatka EkoSkrzatka;665350706;;
Żłobek, Przedszkole Prywatne Chatka EkoSkrzatka;507199835;;
Żłobko-Przedszkole ELFIKOWO;609673697;;
